source file name , phase name , phase input files , phase output file , arch , tool, metric , unit
src/main.cpp , gcc (compiling) , src/main.cpp  , /tmp/tmpxft_0006caec_00000000-37_main.o ,  , nvcc , 3957.9861 , ms
src/kernel/utils.cu , gcc (preprocessing 4) , src/kernel/utils.cu  , /tmp/tmpxft_0006caec_00000000-5_utils.cpp4.ii ,  , nvcc , 248.3810 , ms
src/kernel/utils.cu , cudafe++ , /tmp/tmpxft_0006caec_00000000-5_utils.cpp4.ii  , /tmp/tmpxft_0006caec_00000000-6_utils.cudafe1.cpp , compute_52 , nvcc , 942.8550 , ms
src/kernel/utils.cu , gcc (preprocessing 1) , src/kernel/utils.cu  , /tmp/tmpxft_0006caec_00000000-38_utils.cpp1.ii , compute_52 , nvcc , 157.5170 , ms
src/kernel/utils.cu , cicc ,  /tmp/tmpxft_0006caec_00000000-38_utils.cpp1.ii  , /tmp/tmpxft_0006caec_00000000-6_utils.ptx , compute_52 , nvcc , 737.2170 , ms
src/kernel/utils.cu , ptxas , /tmp/tmpxft_0006caec_00000000-6_utils.ptx  , /tmp/tmpxft_0006caec_00000000-39_utils.sm_52.cubin , sm_52 , nvcc , 98.8350 , ms
src/kernel/utils.cu , fatbinary , /tmp/tmpxft_0006caec_00000000-39_utils.sm_52.cubin /tmp/tmpxft_0006caec_00000000-6_utils.ptx  , /tmp/tmpxft_0006caec_00000000-3_utils.fatbin ,  , nvcc , 13.8760 , ms
src/kernel/utils.cu , gcc (compiling) ,   , /tmp/tmpxft_0006caec_00000000-40_utils.o , compute_52 , nvcc , 731.6300 , ms
src/forward/Kernel/layer_norm.cu , gcc (preprocessing 4) , src/forward/Kernel/layer_norm.cu  , /tmp/tmpxft_0006caec_00000000-9_layer_norm.cpp4.ii ,  , nvcc , 174.7500 , ms
src/forward/Kernel/layer_norm.cu , cudafe++ , /tmp/tmpxft_0006caec_00000000-9_layer_norm.cpp4.ii  , /tmp/tmpxft_0006caec_00000000-10_layer_norm.cudafe1.cpp , compute_52 , nvcc , 1098.9240 , ms
src/forward/Kernel/layer_norm.cu , gcc (preprocessing 1) , src/forward/Kernel/layer_norm.cu  , /tmp/tmpxft_0006caec_00000000-41_layer_norm.cpp1.ii , compute_52 , nvcc , 184.2860 , ms
src/forward/Kernel/layer_norm.cu , cicc ,  /tmp/tmpxft_0006caec_00000000-41_layer_norm.cpp1.ii  , /tmp/tmpxft_0006caec_00000000-10_layer_norm.ptx , compute_52 , nvcc , 899.8700 , ms
src/forward/Kernel/layer_norm.cu , ptxas , /tmp/tmpxft_0006caec_00000000-10_layer_norm.ptx  , /tmp/tmpxft_0006caec_00000000-42_layer_norm.sm_52.cubin , sm_52 , nvcc , 128.2130 , ms
src/forward/Kernel/layer_norm.cu , fatbinary , /tmp/tmpxft_0006caec_00000000-42_layer_norm.sm_52.cubin /tmp/tmpxft_0006caec_00000000-10_layer_norm.ptx  , /tmp/tmpxft_0006caec_00000000-7_layer_norm.fatbin ,  , nvcc , 15.1680 , ms
src/forward/Kernel/layer_norm.cu , gcc (compiling) ,   , /tmp/tmpxft_0006caec_00000000-43_layer_norm.o , compute_52 , nvcc , 782.7530 , ms
src/forward/Kernel/embedding.cu , gcc (preprocessing 4) , src/forward/Kernel/embedding.cu  , /tmp/tmpxft_0006caec_00000000-13_embedding.cpp4.ii ,  , nvcc , 185.0630 , ms
src/forward/Kernel/embedding.cu , cudafe++ , /tmp/tmpxft_0006caec_00000000-13_embedding.cpp4.ii  , /tmp/tmpxft_0006caec_00000000-14_embedding.cudafe1.cpp , compute_52 , nvcc , 951.7530 , ms
src/forward/Kernel/embedding.cu , gcc (preprocessing 1) , src/forward/Kernel/embedding.cu  , /tmp/tmpxft_0006caec_00000000-44_embedding.cpp1.ii , compute_52 , nvcc , 144.7140 , ms
src/forward/Kernel/embedding.cu , cicc ,  /tmp/tmpxft_0006caec_00000000-44_embedding.cpp1.ii  , /tmp/tmpxft_0006caec_00000000-14_embedding.ptx , compute_52 , nvcc , 839.0060 , ms
src/forward/Kernel/embedding.cu , ptxas , /tmp/tmpxft_0006caec_00000000-14_embedding.ptx  , /tmp/tmpxft_0006caec_00000000-45_embedding.sm_52.cubin , sm_52 , nvcc , 107.3950 , ms
src/forward/Kernel/embedding.cu , fatbinary , /tmp/tmpxft_0006caec_00000000-45_embedding.sm_52.cubin /tmp/tmpxft_0006caec_00000000-14_embedding.ptx  , /tmp/tmpxft_0006caec_00000000-11_embedding.fatbin ,  , nvcc , 14.0420 , ms
src/forward/Kernel/embedding.cu , gcc (compiling) ,   , /tmp/tmpxft_0006caec_00000000-46_embedding.o , compute_52 , nvcc , 676.2450 , ms
src/forward/Kernel/linear.cu , gcc (preprocessing 4) , src/forward/Kernel/linear.cu  , /tmp/tmpxft_0006caec_00000000-17_linear.cpp4.ii ,  , nvcc , 164.9260 , ms
src/forward/Kernel/linear.cu , cudafe++ , /tmp/tmpxft_0006caec_00000000-17_linear.cpp4.ii  , /tmp/tmpxft_0006caec_00000000-18_linear.cudafe1.cpp , compute_52 , nvcc , 766.4380 , ms
src/forward/Kernel/linear.cu , gcc (preprocessing 1) , src/forward/Kernel/linear.cu  , /tmp/tmpxft_0006caec_00000000-47_linear.cpp1.ii , compute_52 , nvcc , 158.3120 , ms
src/forward/Kernel/linear.cu , cicc ,  /tmp/tmpxft_0006caec_00000000-47_linear.cpp1.ii  , /tmp/tmpxft_0006caec_00000000-18_linear.ptx , compute_52 , nvcc , 758.4920 , ms
src/forward/Kernel/linear.cu , ptxas , /tmp/tmpxft_0006caec_00000000-18_linear.ptx  , /tmp/tmpxft_0006caec_00000000-48_linear.sm_52.cubin , sm_52 , nvcc , 136.1580 , ms
src/forward/Kernel/linear.cu , fatbinary , /tmp/tmpxft_0006caec_00000000-48_linear.sm_52.cubin /tmp/tmpxft_0006caec_00000000-18_linear.ptx  , /tmp/tmpxft_0006caec_00000000-15_linear.fatbin ,  , nvcc , 15.5160 , ms
src/forward/Kernel/linear.cu , gcc (compiling) ,   , /tmp/tmpxft_0006caec_00000000-49_linear.o , compute_52 , nvcc , 671.4410 , ms
src/forward/Kernel/attention_head.cu , gcc (preprocessing 4) , src/forward/Kernel/attention_head.cu  , /tmp/tmpxft_0006caec_00000000-21_attention_head.cpp4.ii ,  , nvcc , 218.3680 , ms
src/forward/Kernel/attention_head.cu , cudafe++ , /tmp/tmpxft_0006caec_00000000-21_attention_head.cpp4.ii  , /tmp/tmpxft_0006caec_00000000-22_attention_head.cudafe1.cpp , compute_52 , nvcc , 793.7120 , ms
src/forward/Kernel/attention_head.cu , gcc (preprocessing 1) , src/forward/Kernel/attention_head.cu  , /tmp/tmpxft_0006caec_00000000-50_attention_head.cpp1.ii , compute_52 , nvcc , 154.9020 , ms
src/forward/Kernel/attention_head.cu , cicc ,  /tmp/tmpxft_0006caec_00000000-50_attention_head.cpp1.ii  , /tmp/tmpxft_0006caec_00000000-22_attention_head.ptx , compute_52 , nvcc , 726.0130 , ms
src/forward/Kernel/attention_head.cu , ptxas , /tmp/tmpxft_0006caec_00000000-22_attention_head.ptx  , /tmp/tmpxft_0006caec_00000000-51_attention_head.sm_52.cubin , sm_52 , nvcc , 134.1150 , ms
src/forward/Kernel/attention_head.cu , fatbinary , /tmp/tmpxft_0006caec_00000000-51_attention_head.sm_52.cubin /tmp/tmpxft_0006caec_00000000-22_attention_head.ptx  , /tmp/tmpxft_0006caec_00000000-19_attention_head.fatbin ,  , nvcc , 14.6810 , ms
src/forward/Kernel/attention_head.cu , gcc (compiling) ,   , /tmp/tmpxft_0006caec_00000000-52_attention_head.o , compute_52 , nvcc , 684.6540 , ms
src/forward/Kernel/interface.cu , gcc (preprocessing 4) , src/forward/Kernel/interface.cu  , /tmp/tmpxft_0006caec_00000000-25_interface.cpp4.ii ,  , nvcc , 172.9910 , ms
src/forward/Kernel/interface.cu , cudafe++ , /tmp/tmpxft_0006caec_00000000-25_interface.cpp4.ii  , /tmp/tmpxft_0006caec_00000000-26_interface.cudafe1.cpp , compute_52 , nvcc , 849.9240 , ms
src/forward/Kernel/interface.cu , gcc (preprocessing 1) , src/forward/Kernel/interface.cu  , /tmp/tmpxft_0006caec_00000000-53_interface.cpp1.ii , compute_52 , nvcc , 139.2100 , ms
src/forward/Kernel/interface.cu , cicc ,  /tmp/tmpxft_0006caec_00000000-53_interface.cpp1.ii  , /tmp/tmpxft_0006caec_00000000-26_interface.ptx , compute_52 , nvcc , 746.6520 , ms
src/forward/Kernel/interface.cu , ptxas , /tmp/tmpxft_0006caec_00000000-26_interface.ptx  , /tmp/tmpxft_0006caec_00000000-54_interface.sm_52.cubin , sm_52 , nvcc , 97.1140 , ms
src/forward/Kernel/interface.cu , fatbinary , /tmp/tmpxft_0006caec_00000000-54_interface.sm_52.cubin /tmp/tmpxft_0006caec_00000000-26_interface.ptx  , /tmp/tmpxft_0006caec_00000000-23_interface.fatbin ,  , nvcc , 13.6930 , ms
src/forward/Kernel/interface.cu , gcc (compiling) ,   , /tmp/tmpxft_0006caec_00000000-55_interface.o , compute_52 , nvcc , 701.1950 , ms
src/backpropagation/Kernel/interface_back.cu , gcc (preprocessing 4) , src/backpropagation/Kernel/interface_back.cu  , /tmp/tmpxft_0006caec_00000000-29_interface_back.cpp4.ii ,  , nvcc , 276.1250 , ms
src/backpropagation/Kernel/interface_back.cu , cudafe++ , /tmp/tmpxft_0006caec_00000000-29_interface_back.cpp4.ii  , /tmp/tmpxft_0006caec_00000000-30_interface_back.cudafe1.cpp , compute_52 , nvcc , 2228.5190 , ms
src/backpropagation/Kernel/interface_back.cu , gcc (preprocessing 1) , src/backpropagation/Kernel/interface_back.cu  , /tmp/tmpxft_0006caec_00000000-56_interface_back.cpp1.ii , compute_52 , nvcc , 266.6970 , ms
src/backpropagation/Kernel/interface_back.cu , cicc ,  /tmp/tmpxft_0006caec_00000000-56_interface_back.cpp1.ii  , /tmp/tmpxft_0006caec_00000000-30_interface_back.ptx , compute_52 , nvcc , 2537.3660 , ms
src/backpropagation/Kernel/interface_back.cu , ptxas , /tmp/tmpxft_0006caec_00000000-30_interface_back.ptx  , /tmp/tmpxft_0006caec_00000000-57_interface_back.sm_52.cubin , sm_52 , nvcc , 146.0960 , ms
src/backpropagation/Kernel/interface_back.cu , fatbinary , /tmp/tmpxft_0006caec_00000000-57_interface_back.sm_52.cubin /tmp/tmpxft_0006caec_00000000-30_interface_back.ptx  , /tmp/tmpxft_0006caec_00000000-27_interface_back.fatbin ,  , nvcc , 15.7440 , ms
src/backpropagation/Kernel/interface_back.cu , gcc (compiling) ,   , /tmp/tmpxft_0006caec_00000000-58_interface_back.o , compute_52 , nvcc , 2197.6570 , ms
src/backpropagation/Kernel/flash_attention.cu , gcc (preprocessing 4) , src/backpropagation/Kernel/flash_attention.cu  , /tmp/tmpxft_0006caec_00000000-33_flash_attention.cpp4.ii ,  , nvcc , 177.4230 , ms
src/backpropagation/Kernel/flash_attention.cu , cudafe++ , /tmp/tmpxft_0006caec_00000000-33_flash_attention.cpp4.ii  , /tmp/tmpxft_0006caec_00000000-34_flash_attention.cudafe1.cpp , compute_52 , nvcc , 803.8490 , ms
src/backpropagation/Kernel/flash_attention.cu , gcc (preprocessing 1) , src/backpropagation/Kernel/flash_attention.cu  , /tmp/tmpxft_0006caec_00000000-59_flash_attention.cpp1.ii , compute_52 , nvcc , 147.6710 , ms
src/backpropagation/Kernel/flash_attention.cu , cicc ,  /tmp/tmpxft_0006caec_00000000-59_flash_attention.cpp1.ii  , /tmp/tmpxft_0006caec_00000000-34_flash_attention.ptx , compute_52 , nvcc , 808.8820 , ms
src/backpropagation/Kernel/flash_attention.cu , ptxas , /tmp/tmpxft_0006caec_00000000-34_flash_attention.ptx  , /tmp/tmpxft_0006caec_00000000-60_flash_attention.sm_52.cubin , sm_52 , nvcc , 153.9340 , ms
src/backpropagation/Kernel/flash_attention.cu , fatbinary , /tmp/tmpxft_0006caec_00000000-60_flash_attention.sm_52.cubin /tmp/tmpxft_0006caec_00000000-34_flash_attention.ptx  , /tmp/tmpxft_0006caec_00000000-31_flash_attention.fatbin ,  , nvcc , 15.9550 , ms
src/backpropagation/Kernel/flash_attention.cu , gcc (compiling) ,   , /tmp/tmpxft_0006caec_00000000-61_flash_attention.o , compute_52 , nvcc , 752.7410 , ms
src/main.cpp src/kernel/utils.cu src/forward/Kernel/layer_norm.cu src/forward/Kernel/embedding.cu src/forward/Kernel/linear.cu src/forward/Kernel/attention_head.cu src/forward/Kernel/interface.cu src/backpropagation/Kernel/interface_back.cu src/backpropagation/Kernel/flash_attention.cu  , nvlink , /tmp/tmpxft_0006caec_00000000-37_main.o /tmp/tmpxft_0006caec_00000000-40_utils.o /tmp/tmpxft_0006caec_00000000-43_layer_norm.o /tmp/tmpxft_0006caec_00000000-46_embedding.o /tmp/tmpxft_0006caec_00000000-49_linear.o /tmp/tmpxft_0006caec_00000000-52_attention_head.o /tmp/tmpxft_0006caec_00000000-55_interface.o /tmp/tmpxft_0006caec_00000000-58_interface_back.o /tmp/tmpxft_0006caec_00000000-61_flash_attention.o  , /tmp/tmpxft_0006caec_00000000-62_attention_dlink.sm_52.cubin , sm_52 , nvcc , 5.3350 , ms
src/main.cpp src/kernel/utils.cu src/forward/Kernel/layer_norm.cu src/forward/Kernel/embedding.cu src/forward/Kernel/linear.cu src/forward/Kernel/attention_head.cu src/forward/Kernel/interface.cu src/backpropagation/Kernel/interface_back.cu src/backpropagation/Kernel/flash_attention.cu  , fatbinary , /tmp/tmpxft_0006caec_00000000-62_attention_dlink.sm_52.cubin  , /tmp/tmpxft_0006caec_00000000-36_attention_dlink.fatbin ,  , nvcc , 1.1240 , ms
src/main.cpp src/kernel/utils.cu src/forward/Kernel/layer_norm.cu src/forward/Kernel/embedding.cu src/forward/Kernel/linear.cu src/forward/Kernel/attention_head.cu src/forward/Kernel/interface.cu src/backpropagation/Kernel/interface_back.cu src/backpropagation/Kernel/flash_attention.cu  , gcc (compiling) , /usr/lib/nvidia-cuda-toolkit/bin/crt/link.stub  , /tmp/tmpxft_0006caec_00000000-63_attention_dlink.o ,  , nvcc , 13.9280 , ms
src/main.cpp src/kernel/utils.cu src/forward/Kernel/layer_norm.cu src/forward/Kernel/embedding.cu src/forward/Kernel/linear.cu src/forward/Kernel/attention_head.cu src/forward/Kernel/interface.cu src/backpropagation/Kernel/interface_back.cu src/backpropagation/Kernel/flash_attention.cu  , gcc (linking) , /tmp/tmpxft_0006caec_00000000-63_attention_dlink.o /tmp/tmpxft_0006caec_00000000-37_main.o /tmp/tmpxft_0006caec_00000000-40_utils.o /tmp/tmpxft_0006caec_00000000-43_layer_norm.o /tmp/tmpxft_0006caec_00000000-46_embedding.o /tmp/tmpxft_0006caec_00000000-49_linear.o /tmp/tmpxft_0006caec_00000000-52_attention_head.o /tmp/tmpxft_0006caec_00000000-55_interface.o /tmp/tmpxft_0006caec_00000000-58_interface_back.o /tmp/tmpxft_0006caec_00000000-61_flash_attention.o  , src/bin/attention ,  , nvcc , 98.6110 , ms
 , nvcc (driver) ,  , src/bin/attention ,  , nvcc , 4.4746 , ms
src/main.cpp , gcc (compiling) , src/main.cpp  , /tmp/tmpxft_0006cca1_00000000-37_main.o ,  , nvcc , 3336.2280 , ms
src/kernel/utils.cu , gcc (preprocessing 4) , src/kernel/utils.cu  , /tmp/tmpxft_0006cca1_00000000-5_utils.cpp4.ii ,  , nvcc , 167.7870 , ms
src/kernel/utils.cu , cudafe++ , /tmp/tmpxft_0006cca1_00000000-5_utils.cpp4.ii  , /tmp/tmpxft_0006cca1_00000000-6_utils.cudafe1.cpp , compute_52 , nvcc , 793.8300 , ms
src/kernel/utils.cu , gcc (preprocessing 1) , src/kernel/utils.cu  , /tmp/tmpxft_0006cca1_00000000-38_utils.cpp1.ii , compute_52 , nvcc , 149.1820 , ms
src/kernel/utils.cu , cicc ,  /tmp/tmpxft_0006cca1_00000000-38_utils.cpp1.ii  , /tmp/tmpxft_0006cca1_00000000-6_utils.ptx , compute_52 , nvcc , 769.9670 , ms
src/main.cpp , gcc (compiling) , src/main.cpp  , /tmp/tmpxft_0006ccb7_00000000-37_main.o ,  , nvcc , 3446.0310 , ms
src/kernel/utils.cu , ptxas , /tmp/tmpxft_0006cca1_00000000-6_utils.ptx  , /tmp/tmpxft_0006cca1_00000000-39_utils.sm_52.cubin , sm_52 , nvcc , 115.6640 , ms
src/kernel/utils.cu , fatbinary , /tmp/tmpxft_0006cca1_00000000-39_utils.sm_52.cubin /tmp/tmpxft_0006cca1_00000000-6_utils.ptx  , /tmp/tmpxft_0006cca1_00000000-3_utils.fatbin ,  , nvcc , 15.1710 , ms
src/kernel/utils.cu , gcc (preprocessing 4) , src/kernel/utils.cu  , /tmp/tmpxft_0006ccb7_00000000-5_utils.cpp4.ii ,  , nvcc , 165.7350 , ms
src/kernel/utils.cu , gcc (compiling) ,   , /tmp/tmpxft_0006cca1_00000000-40_utils.o , compute_52 , nvcc , 698.4610 , ms
src/forward/Kernel/layer_norm.cu , gcc (preprocessing 4) , src/forward/Kernel/layer_norm.cu  , /tmp/tmpxft_0006cca1_00000000-9_layer_norm.cpp4.ii ,  , nvcc , 186.7460 , ms
src/kernel/utils.cu , cudafe++ , /tmp/tmpxft_0006ccb7_00000000-5_utils.cpp4.ii  , /tmp/tmpxft_0006ccb7_00000000-6_utils.cudafe1.cpp , compute_52 , nvcc , 784.1100 , ms
src/kernel/utils.cu , gcc (preprocessing 1) , src/kernel/utils.cu  , /tmp/tmpxft_0006ccb7_00000000-38_utils.cpp1.ii , compute_52 , nvcc , 147.9170 , ms
src/forward/Kernel/layer_norm.cu , cudafe++ , /tmp/tmpxft_0006cca1_00000000-9_layer_norm.cpp4.ii  , /tmp/tmpxft_0006cca1_00000000-10_layer_norm.cudafe1.cpp , compute_52 , nvcc , 873.2120 , ms
src/kernel/utils.cu , cicc ,  /tmp/tmpxft_0006ccb7_00000000-38_utils.cpp1.ii  , /tmp/tmpxft_0006ccb7_00000000-6_utils.ptx , compute_52 , nvcc , 834.0540 , ms
src/forward/Kernel/layer_norm.cu , gcc (preprocessing 1) , src/forward/Kernel/layer_norm.cu  , /tmp/tmpxft_0006cca1_00000000-41_layer_norm.cpp1.ii , compute_52 , nvcc , 163.6970 , ms
src/kernel/utils.cu , ptxas , /tmp/tmpxft_0006ccb7_00000000-6_utils.ptx  , /tmp/tmpxft_0006ccb7_00000000-39_utils.sm_52.cubin , sm_52 , nvcc , 113.4980 , ms
src/kernel/utils.cu , fatbinary , /tmp/tmpxft_0006ccb7_00000000-39_utils.sm_52.cubin /tmp/tmpxft_0006ccb7_00000000-6_utils.ptx  , /tmp/tmpxft_0006ccb7_00000000-3_utils.fatbin ,  , nvcc , 16.9490 , ms
src/forward/Kernel/layer_norm.cu , cicc ,  /tmp/tmpxft_0006cca1_00000000-41_layer_norm.cpp1.ii  , /tmp/tmpxft_0006cca1_00000000-10_layer_norm.ptx , compute_52 , nvcc , 835.4740 , ms
src/kernel/utils.cu , gcc (compiling) ,   , /tmp/tmpxft_0006ccb7_00000000-40_utils.o , compute_52 , nvcc , 789.4310 , ms
src/forward/Kernel/layer_norm.cu , ptxas , /tmp/tmpxft_0006cca1_00000000-10_layer_norm.ptx  , /tmp/tmpxft_0006cca1_00000000-42_layer_norm.sm_52.cubin , sm_52 , nvcc , 134.1480 , ms
src/forward/Kernel/layer_norm.cu , fatbinary , /tmp/tmpxft_0006cca1_00000000-42_layer_norm.sm_52.cubin /tmp/tmpxft_0006cca1_00000000-10_layer_norm.ptx  , /tmp/tmpxft_0006cca1_00000000-7_layer_norm.fatbin ,  , nvcc , 17.2210 , ms
src/forward/Kernel/layer_norm.cu , gcc (preprocessing 4) , src/forward/Kernel/layer_norm.cu  , /tmp/tmpxft_0006ccb7_00000000-9_layer_norm.cpp4.ii ,  , nvcc , 182.0880 , ms
src/forward/Kernel/layer_norm.cu , gcc (compiling) ,   , /tmp/tmpxft_0006cca1_00000000-43_layer_norm.o , compute_52 , nvcc , 741.4460 , ms
src/forward/Kernel/layer_norm.cu , cudafe++ , /tmp/tmpxft_0006ccb7_00000000-9_layer_norm.cpp4.ii  , /tmp/tmpxft_0006ccb7_00000000-10_layer_norm.cudafe1.cpp , compute_52 , nvcc , 816.7400 , ms
src/forward/Kernel/embedding.cu , gcc (preprocessing 4) , src/forward/Kernel/embedding.cu  , /tmp/tmpxft_0006cca1_00000000-13_embedding.cpp4.ii ,  , nvcc , 190.1830 , ms
src/forward/Kernel/layer_norm.cu , gcc (preprocessing 1) , src/forward/Kernel/layer_norm.cu  , /tmp/tmpxft_0006ccb7_00000000-41_layer_norm.cpp1.ii , compute_52 , nvcc , 166.0240 , ms
src/forward/Kernel/embedding.cu , cudafe++ , /tmp/tmpxft_0006cca1_00000000-13_embedding.cpp4.ii  , /tmp/tmpxft_0006cca1_00000000-14_embedding.cudafe1.cpp , compute_52 , nvcc , 859.9600 , ms
src/forward/Kernel/layer_norm.cu , cicc ,  /tmp/tmpxft_0006ccb7_00000000-41_layer_norm.cpp1.ii  , /tmp/tmpxft_0006ccb7_00000000-10_layer_norm.ptx , compute_52 , nvcc , 778.8620 , ms
src/forward/Kernel/embedding.cu , gcc (preprocessing 1) , src/forward/Kernel/embedding.cu  , /tmp/tmpxft_0006cca1_00000000-44_embedding.cpp1.ii , compute_52 , nvcc , 157.5970 , ms
src/forward/Kernel/layer_norm.cu , ptxas , /tmp/tmpxft_0006ccb7_00000000-10_layer_norm.ptx  , /tmp/tmpxft_0006ccb7_00000000-42_layer_norm.sm_52.cubin , sm_52 , nvcc , 147.4130 , ms
src/forward/Kernel/layer_norm.cu , fatbinary , /tmp/tmpxft_0006ccb7_00000000-42_layer_norm.sm_52.cubin /tmp/tmpxft_0006ccb7_00000000-10_layer_norm.ptx  , /tmp/tmpxft_0006ccb7_00000000-7_layer_norm.fatbin ,  , nvcc , 15.2380 , ms
src/forward/Kernel/embedding.cu , cicc ,  /tmp/tmpxft_0006cca1_00000000-44_embedding.cpp1.ii  , /tmp/tmpxft_0006cca1_00000000-14_embedding.ptx , compute_52 , nvcc , 735.5330 , ms
src/forward/Kernel/layer_norm.cu , gcc (compiling) ,   , /tmp/tmpxft_0006ccb7_00000000-43_layer_norm.o , compute_52 , nvcc , 672.7000 , ms
src/forward/Kernel/embedding.cu , ptxas , /tmp/tmpxft_0006cca1_00000000-14_embedding.ptx  , /tmp/tmpxft_0006cca1_00000000-45_embedding.sm_52.cubin , sm_52 , nvcc , 116.6890 , ms
src/forward/Kernel/embedding.cu , fatbinary , /tmp/tmpxft_0006cca1_00000000-45_embedding.sm_52.cubin /tmp/tmpxft_0006cca1_00000000-14_embedding.ptx  , /tmp/tmpxft_0006cca1_00000000-11_embedding.fatbin ,  , nvcc , 15.4700 , ms
src/forward/Kernel/embedding.cu , gcc (preprocessing 4) , src/forward/Kernel/embedding.cu  , /tmp/tmpxft_0006ccb7_00000000-13_embedding.cpp4.ii ,  , nvcc , 188.1180 , ms
src/forward/Kernel/embedding.cu , gcc (compiling) ,   , /tmp/tmpxft_0006cca1_00000000-46_embedding.o , compute_52 , nvcc , 769.4300 , ms
src/forward/Kernel/embedding.cu , cudafe++ , /tmp/tmpxft_0006ccb7_00000000-13_embedding.cpp4.ii  , /tmp/tmpxft_0006ccb7_00000000-14_embedding.cudafe1.cpp , compute_52 , nvcc , 872.9480 , ms
src/forward/Kernel/linear.cu , gcc (preprocessing 4) , src/forward/Kernel/linear.cu  , /tmp/tmpxft_0006cca1_00000000-17_linear.cpp4.ii ,  , nvcc , 192.0980 , ms
src/forward/Kernel/embedding.cu , gcc (preprocessing 1) , src/forward/Kernel/embedding.cu  , /tmp/tmpxft_0006ccb7_00000000-44_embedding.cpp1.ii , compute_52 , nvcc , 171.5480 , ms
src/forward/Kernel/linear.cu , cudafe++ , /tmp/tmpxft_0006cca1_00000000-17_linear.cpp4.ii  , /tmp/tmpxft_0006cca1_00000000-18_linear.cudafe1.cpp , compute_52 , nvcc , 850.4420 , ms
src/forward/Kernel/embedding.cu , cicc ,  /tmp/tmpxft_0006ccb7_00000000-44_embedding.cpp1.ii  , /tmp/tmpxft_0006ccb7_00000000-14_embedding.ptx , compute_52 , nvcc , 810.5960 , ms
src/forward/Kernel/linear.cu , gcc (preprocessing 1) , src/forward/Kernel/linear.cu  , /tmp/tmpxft_0006cca1_00000000-47_linear.cpp1.ii , compute_52 , nvcc , 148.9840 , ms
src/forward/Kernel/embedding.cu , ptxas , /tmp/tmpxft_0006ccb7_00000000-14_embedding.ptx  , /tmp/tmpxft_0006ccb7_00000000-45_embedding.sm_52.cubin , sm_52 , nvcc , 125.1990 , ms
src/forward/Kernel/embedding.cu , fatbinary , /tmp/tmpxft_0006ccb7_00000000-45_embedding.sm_52.cubin /tmp/tmpxft_0006ccb7_00000000-14_embedding.ptx  , /tmp/tmpxft_0006ccb7_00000000-11_embedding.fatbin ,  , nvcc , 15.3150 , ms
src/forward/Kernel/linear.cu , cicc ,  /tmp/tmpxft_0006cca1_00000000-47_linear.cpp1.ii  , /tmp/tmpxft_0006cca1_00000000-18_linear.ptx , compute_52 , nvcc , 836.8810 , ms
src/forward/Kernel/embedding.cu , gcc (compiling) ,   , /tmp/tmpxft_0006ccb7_00000000-46_embedding.o , compute_52 , nvcc , 759.5870 , ms
src/forward/Kernel/linear.cu , ptxas , /tmp/tmpxft_0006cca1_00000000-18_linear.ptx  , /tmp/tmpxft_0006cca1_00000000-48_linear.sm_52.cubin , sm_52 , nvcc , 136.8500 , ms
src/forward/Kernel/linear.cu , fatbinary , /tmp/tmpxft_0006cca1_00000000-48_linear.sm_52.cubin /tmp/tmpxft_0006cca1_00000000-18_linear.ptx  , /tmp/tmpxft_0006cca1_00000000-15_linear.fatbin ,  , nvcc , 16.6290 , ms
src/forward/Kernel/linear.cu , gcc (preprocessing 4) , src/forward/Kernel/linear.cu  , /tmp/tmpxft_0006ccb7_00000000-17_linear.cpp4.ii ,  , nvcc , 193.9390 , ms
src/forward/Kernel/linear.cu , gcc (compiling) ,   , /tmp/tmpxft_0006cca1_00000000-49_linear.o , compute_52 , nvcc , 768.2120 , ms
src/forward/Kernel/linear.cu , cudafe++ , /tmp/tmpxft_0006ccb7_00000000-17_linear.cpp4.ii  , /tmp/tmpxft_0006ccb7_00000000-18_linear.cudafe1.cpp , compute_52 , nvcc , 871.8520 , ms
src/forward/Kernel/attention_head.cu , gcc (preprocessing 4) , src/forward/Kernel/attention_head.cu  , /tmp/tmpxft_0006cca1_00000000-21_attention_head.cpp4.ii ,  , nvcc , 189.1140 , ms
src/forward/Kernel/linear.cu , gcc (preprocessing 1) , src/forward/Kernel/linear.cu  , /tmp/tmpxft_0006ccb7_00000000-47_linear.cpp1.ii , compute_52 , nvcc , 168.7510 , ms
src/forward/Kernel/attention_head.cu , cudafe++ , /tmp/tmpxft_0006cca1_00000000-21_attention_head.cpp4.ii  , /tmp/tmpxft_0006cca1_00000000-22_attention_head.cudafe1.cpp , compute_52 , nvcc , 827.5800 , ms
src/forward/Kernel/linear.cu , cicc ,  /tmp/tmpxft_0006ccb7_00000000-47_linear.cpp1.ii  , /tmp/tmpxft_0006ccb7_00000000-18_linear.ptx , compute_52 , nvcc , 832.8830 , ms
src/forward/Kernel/attention_head.cu , gcc (preprocessing 1) , src/forward/Kernel/attention_head.cu  , /tmp/tmpxft_0006cca1_00000000-50_attention_head.cpp1.ii , compute_52 , nvcc , 155.6520 , ms
src/forward/Kernel/linear.cu , ptxas , /tmp/tmpxft_0006ccb7_00000000-18_linear.ptx  , /tmp/tmpxft_0006ccb7_00000000-48_linear.sm_52.cubin , sm_52 , nvcc , 132.0440 , ms
src/forward/Kernel/linear.cu , fatbinary , /tmp/tmpxft_0006ccb7_00000000-48_linear.sm_52.cubin /tmp/tmpxft_0006ccb7_00000000-18_linear.ptx  , /tmp/tmpxft_0006ccb7_00000000-15_linear.fatbin ,  , nvcc , 15.2750 , ms
src/forward/Kernel/attention_head.cu , cicc ,  /tmp/tmpxft_0006cca1_00000000-50_attention_head.cpp1.ii  , /tmp/tmpxft_0006cca1_00000000-22_attention_head.ptx , compute_52 , nvcc , 830.2860 , ms
src/forward/Kernel/linear.cu , gcc (compiling) ,   , /tmp/tmpxft_0006ccb7_00000000-49_linear.o , compute_52 , nvcc , 769.2000 , ms
src/forward/Kernel/attention_head.cu , ptxas , /tmp/tmpxft_0006cca1_00000000-22_attention_head.ptx  , /tmp/tmpxft_0006cca1_00000000-51_attention_head.sm_52.cubin , sm_52 , nvcc , 149.1120 , ms
src/forward/Kernel/attention_head.cu , fatbinary , /tmp/tmpxft_0006cca1_00000000-51_attention_head.sm_52.cubin /tmp/tmpxft_0006cca1_00000000-22_attention_head.ptx  , /tmp/tmpxft_0006cca1_00000000-19_attention_head.fatbin ,  , nvcc , 14.4420 , ms
src/forward/Kernel/attention_head.cu , gcc (preprocessing 4) , src/forward/Kernel/attention_head.cu  , /tmp/tmpxft_0006ccb7_00000000-21_attention_head.cpp4.ii ,  , nvcc , 165.0710 , ms
src/forward/Kernel/attention_head.cu , gcc (compiling) ,   , /tmp/tmpxft_0006cca1_00000000-52_attention_head.o , compute_52 , nvcc , 888.6620 , ms
src/forward/Kernel/attention_head.cu , cudafe++ , /tmp/tmpxft_0006ccb7_00000000-21_attention_head.cpp4.ii  , /tmp/tmpxft_0006ccb7_00000000-22_attention_head.cudafe1.cpp , compute_52 , nvcc , 1034.9070 , ms
src/forward/Kernel/interface.cu , gcc (preprocessing 4) , src/forward/Kernel/interface.cu  , /tmp/tmpxft_0006cca1_00000000-25_interface.cpp4.ii ,  , nvcc , 272.8710 , ms
src/forward/Kernel/attention_head.cu , gcc (preprocessing 1) , src/forward/Kernel/attention_head.cu  , /tmp/tmpxft_0006ccb7_00000000-50_attention_head.cpp1.ii , compute_52 , nvcc , 224.7180 , ms
src/forward/Kernel/interface.cu , cudafe++ , /tmp/tmpxft_0006cca1_00000000-25_interface.cpp4.ii  , /tmp/tmpxft_0006cca1_00000000-26_interface.cudafe1.cpp , compute_52 , nvcc , 1049.0870 , ms
src/forward/Kernel/attention_head.cu , cicc ,  /tmp/tmpxft_0006ccb7_00000000-50_attention_head.cpp1.ii  , /tmp/tmpxft_0006ccb7_00000000-22_attention_head.ptx , compute_52 , nvcc , 997.6240 , ms
src/forward/Kernel/interface.cu , gcc (preprocessing 1) , src/forward/Kernel/interface.cu  , /tmp/tmpxft_0006cca1_00000000-53_interface.cpp1.ii , compute_52 , nvcc , 179.2350 , ms
src/forward/Kernel/attention_head.cu , ptxas , /tmp/tmpxft_0006ccb7_00000000-22_attention_head.ptx  , /tmp/tmpxft_0006ccb7_00000000-51_attention_head.sm_52.cubin , sm_52 , nvcc , 173.6840 , ms
src/forward/Kernel/attention_head.cu , fatbinary , /tmp/tmpxft_0006ccb7_00000000-51_attention_head.sm_52.cubin /tmp/tmpxft_0006ccb7_00000000-22_attention_head.ptx  , /tmp/tmpxft_0006ccb7_00000000-19_attention_head.fatbin ,  , nvcc , 18.4170 , ms
src/forward/Kernel/interface.cu , cicc ,  /tmp/tmpxft_0006cca1_00000000-53_interface.cpp1.ii  , /tmp/tmpxft_0006cca1_00000000-26_interface.ptx , compute_52 , nvcc , 876.9140 , ms
src/forward/Kernel/interface.cu , ptxas , /tmp/tmpxft_0006cca1_00000000-26_interface.ptx  , /tmp/tmpxft_0006cca1_00000000-54_interface.sm_52.cubin , sm_52 , nvcc , 105.2660 , ms
src/forward/Kernel/interface.cu , fatbinary , /tmp/tmpxft_0006cca1_00000000-54_interface.sm_52.cubin /tmp/tmpxft_0006cca1_00000000-26_interface.ptx  , /tmp/tmpxft_0006cca1_00000000-23_interface.fatbin ,  , nvcc , 14.5160 , ms
src/forward/Kernel/attention_head.cu , gcc (compiling) ,   , /tmp/tmpxft_0006ccb7_00000000-52_attention_head.o , compute_52 , nvcc , 851.7400 , ms
src/forward/Kernel/interface.cu , gcc (preprocessing 4) , src/forward/Kernel/interface.cu  , /tmp/tmpxft_0006ccb7_00000000-25_interface.cpp4.ii ,  , nvcc , 192.3450 , ms
src/forward/Kernel/interface.cu , gcc (compiling) ,   , /tmp/tmpxft_0006cca1_00000000-55_interface.o , compute_52 , nvcc , 822.2240 , ms
src/backpropagation/Kernel/interface_back.cu , gcc (preprocessing 4) , src/backpropagation/Kernel/interface_back.cu  , /tmp/tmpxft_0006cca1_00000000-29_interface_back.cpp4.ii ,  , nvcc , 295.4860 , ms
src/forward/Kernel/interface.cu , cudafe++ , /tmp/tmpxft_0006ccb7_00000000-25_interface.cpp4.ii  , /tmp/tmpxft_0006ccb7_00000000-26_interface.cudafe1.cpp , compute_52 , nvcc , 926.0750 , ms
src/forward/Kernel/interface.cu , gcc (preprocessing 1) , src/forward/Kernel/interface.cu  , /tmp/tmpxft_0006ccb7_00000000-53_interface.cpp1.ii , compute_52 , nvcc , 151.2420 , ms
src/forward/Kernel/interface.cu , cicc ,  /tmp/tmpxft_0006ccb7_00000000-53_interface.cpp1.ii  , /tmp/tmpxft_0006ccb7_00000000-26_interface.ptx , compute_52 , nvcc , 863.7340 , ms
src/forward/Kernel/interface.cu , ptxas , /tmp/tmpxft_0006ccb7_00000000-26_interface.ptx  , /tmp/tmpxft_0006ccb7_00000000-54_interface.sm_52.cubin , sm_52 , nvcc , 126.7410 , ms
src/forward/Kernel/interface.cu , fatbinary , /tmp/tmpxft_0006ccb7_00000000-54_interface.sm_52.cubin /tmp/tmpxft_0006ccb7_00000000-26_interface.ptx  , /tmp/tmpxft_0006ccb7_00000000-23_interface.fatbin ,  , nvcc , 15.3860 , ms
src/forward/Kernel/interface.cu , gcc (compiling) ,   , /tmp/tmpxft_0006ccb7_00000000-55_interface.o , compute_52 , nvcc , 934.2290 , ms
src/backpropagation/Kernel/interface_back.cu , gcc (preprocessing 4) , src/backpropagation/Kernel/interface_back.cu  , /tmp/tmpxft_0006ccb7_00000000-29_interface_back.cpp4.ii ,  , nvcc , 348.6050 , ms
src/backpropagation/Kernel/interface_back.cu , cudafe++ , /tmp/tmpxft_0006cca1_00000000-29_interface_back.cpp4.ii  , /tmp/tmpxft_0006cca1_00000000-30_interface_back.cudafe1.cpp , compute_52 , nvcc , 2794.8650 , ms
src/backpropagation/Kernel/interface_back.cu , gcc (preprocessing 1) , src/backpropagation/Kernel/interface_back.cu  , /tmp/tmpxft_0006cca1_00000000-56_interface_back.cpp1.ii , compute_52 , nvcc , 312.8610 , ms
src/backpropagation/Kernel/interface_back.cu , cudafe++ , /tmp/tmpxft_0006ccb7_00000000-29_interface_back.cpp4.ii  , /tmp/tmpxft_0006ccb7_00000000-30_interface_back.cudafe1.cpp , compute_52 , nvcc , 2738.3269 , ms
src/backpropagation/Kernel/interface_back.cu , gcc (preprocessing 1) , src/backpropagation/Kernel/interface_back.cu  , /tmp/tmpxft_0006ccb7_00000000-56_interface_back.cpp1.ii , compute_52 , nvcc , 328.5340 , ms
src/backpropagation/Kernel/interface_back.cu , cicc ,  /tmp/tmpxft_0006cca1_00000000-56_interface_back.cpp1.ii  , /tmp/tmpxft_0006cca1_00000000-30_interface_back.ptx , compute_52 , nvcc , 2837.4541 , ms
src/backpropagation/Kernel/interface_back.cu , ptxas , /tmp/tmpxft_0006cca1_00000000-30_interface_back.ptx  , /tmp/tmpxft_0006cca1_00000000-57_interface_back.sm_52.cubin , sm_52 , nvcc , 137.0290 , ms
src/backpropagation/Kernel/interface_back.cu , fatbinary , /tmp/tmpxft_0006cca1_00000000-57_interface_back.sm_52.cubin /tmp/tmpxft_0006cca1_00000000-30_interface_back.ptx  , /tmp/tmpxft_0006cca1_00000000-27_interface_back.fatbin ,  , nvcc , 16.0140 , ms
src/backpropagation/Kernel/interface_back.cu , cicc ,  /tmp/tmpxft_0006ccb7_00000000-56_interface_back.cpp1.ii  , /tmp/tmpxft_0006ccb7_00000000-30_interface_back.ptx , compute_52 , nvcc , 2795.3860 , ms
src/backpropagation/Kernel/interface_back.cu , ptxas , /tmp/tmpxft_0006ccb7_00000000-30_interface_back.ptx  , /tmp/tmpxft_0006ccb7_00000000-57_interface_back.sm_52.cubin , sm_52 , nvcc , 135.1570 , ms
src/backpropagation/Kernel/interface_back.cu , fatbinary , /tmp/tmpxft_0006ccb7_00000000-57_interface_back.sm_52.cubin /tmp/tmpxft_0006ccb7_00000000-30_interface_back.ptx  , /tmp/tmpxft_0006ccb7_00000000-27_interface_back.fatbin ,  , nvcc , 17.9880 , ms
src/backpropagation/Kernel/interface_back.cu , gcc (compiling) ,   , /tmp/tmpxft_0006cca1_00000000-58_interface_back.o , compute_52 , nvcc , 2370.1489 , ms
src/backpropagation/Kernel/flash_attention.cu , gcc (preprocessing 4) , src/backpropagation/Kernel/flash_attention.cu  , /tmp/tmpxft_0006cca1_00000000-33_flash_attention.cpp4.ii ,  , nvcc , 195.6650 , ms
src/backpropagation/Kernel/flash_attention.cu , cudafe++ , /tmp/tmpxft_0006cca1_00000000-33_flash_attention.cpp4.ii  , /tmp/tmpxft_0006cca1_00000000-34_flash_attention.cudafe1.cpp , compute_52 , nvcc , 968.2970 , ms
src/backpropagation/Kernel/flash_attention.cu , gcc (preprocessing 1) , src/backpropagation/Kernel/flash_attention.cu  , /tmp/tmpxft_0006cca1_00000000-59_flash_attention.cpp1.ii , compute_52 , nvcc , 174.6820 , ms
src/backpropagation/Kernel/flash_attention.cu , cicc ,  /tmp/tmpxft_0006cca1_00000000-59_flash_attention.cpp1.ii  , /tmp/tmpxft_0006cca1_00000000-34_flash_attention.ptx , compute_52 , nvcc , 837.3960 , ms
src/backpropagation/Kernel/flash_attention.cu , ptxas , /tmp/tmpxft_0006cca1_00000000-34_flash_attention.ptx  , /tmp/tmpxft_0006cca1_00000000-60_flash_attention.sm_52.cubin , sm_52 , nvcc , 143.2450 , ms
src/backpropagation/Kernel/flash_attention.cu , fatbinary , /tmp/tmpxft_0006cca1_00000000-60_flash_attention.sm_52.cubin /tmp/tmpxft_0006cca1_00000000-34_flash_attention.ptx  , /tmp/tmpxft_0006cca1_00000000-31_flash_attention.fatbin ,  , nvcc , 16.3280 , ms
src/backpropagation/Kernel/interface_back.cu , gcc (compiling) ,   , /tmp/tmpxft_0006ccb7_00000000-58_interface_back.o , compute_52 , nvcc , 2366.2749 , ms
src/backpropagation/Kernel/flash_attention.cu , gcc (preprocessing 4) , src/backpropagation/Kernel/flash_attention.cu  , /tmp/tmpxft_0006ccb7_00000000-33_flash_attention.cpp4.ii ,  , nvcc , 193.8360 , ms
src/backpropagation/Kernel/flash_attention.cu , gcc (compiling) ,   , /tmp/tmpxft_0006cca1_00000000-61_flash_attention.o , compute_52 , nvcc , 757.2350 , ms
src/main.cpp src/kernel/utils.cu src/forward/Kernel/layer_norm.cu src/forward/Kernel/embedding.cu src/forward/Kernel/linear.cu src/forward/Kernel/attention_head.cu src/forward/Kernel/interface.cu src/backpropagation/Kernel/interface_back.cu src/backpropagation/Kernel/flash_attention.cu  , nvlink , /tmp/tmpxft_0006cca1_00000000-37_main.o /tmp/tmpxft_0006cca1_00000000-40_utils.o /tmp/tmpxft_0006cca1_00000000-43_layer_norm.o /tmp/tmpxft_0006cca1_00000000-46_embedding.o /tmp/tmpxft_0006cca1_00000000-49_linear.o /tmp/tmpxft_0006cca1_00000000-52_attention_head.o /tmp/tmpxft_0006cca1_00000000-55_interface.o /tmp/tmpxft_0006cca1_00000000-58_interface_back.o /tmp/tmpxft_0006cca1_00000000-61_flash_attention.o  , /tmp/tmpxft_0006cca1_00000000-62_attention_dlink.sm_52.cubin , sm_52 , nvcc , 5.9430 , ms
src/main.cpp src/kernel/utils.cu src/forward/Kernel/layer_norm.cu src/forward/Kernel/embedding.cu src/forward/Kernel/linear.cu src/forward/Kernel/attention_head.cu src/forward/Kernel/interface.cu src/backpropagation/Kernel/interface_back.cu src/backpropagation/Kernel/flash_attention.cu  , fatbinary , /tmp/tmpxft_0006cca1_00000000-62_attention_dlink.sm_52.cubin  , /tmp/tmpxft_0006cca1_00000000-36_attention_dlink.fatbin ,  , nvcc , 1.2330 , ms
src/main.cpp src/kernel/utils.cu src/forward/Kernel/layer_norm.cu src/forward/Kernel/embedding.cu src/forward/Kernel/linear.cu src/forward/Kernel/attention_head.cu src/forward/Kernel/interface.cu src/backpropagation/Kernel/interface_back.cu src/backpropagation/Kernel/flash_attention.cu  , gcc (compiling) , /usr/lib/nvidia-cuda-toolkit/bin/crt/link.stub  , /tmp/tmpxft_0006cca1_00000000-63_attention_dlink.o ,  , nvcc , 16.7520 , ms
src/main.cpp src/kernel/utils.cu src/forward/Kernel/layer_norm.cu src/forward/Kernel/embedding.cu src/forward/Kernel/linear.cu src/forward/Kernel/attention_head.cu src/forward/Kernel/interface.cu src/backpropagation/Kernel/interface_back.cu src/backpropagation/Kernel/flash_attention.cu  , gcc (linking) , /tmp/tmpxft_0006cca1_00000000-63_attention_dlink.o /tmp/tmpxft_0006cca1_00000000-37_main.o /tmp/tmpxft_0006cca1_00000000-40_utils.o /tmp/tmpxft_0006cca1_00000000-43_layer_norm.o /tmp/tmpxft_0006cca1_00000000-46_embedding.o /tmp/tmpxft_0006cca1_00000000-49_linear.o /tmp/tmpxft_0006cca1_00000000-52_attention_head.o /tmp/tmpxft_0006cca1_00000000-55_interface.o /tmp/tmpxft_0006cca1_00000000-58_interface_back.o /tmp/tmpxft_0006cca1_00000000-61_flash_attention.o  , src/bin/attention ,  , nvcc , 100.4770 , ms
 , nvcc (driver) ,  , src/bin/attention ,  , nvcc , 2.9531 , ms
src/backpropagation/Kernel/flash_attention.cu , cudafe++ , /tmp/tmpxft_0006ccb7_00000000-33_flash_attention.cpp4.ii  , /tmp/tmpxft_0006ccb7_00000000-34_flash_attention.cudafe1.cpp , compute_52 , nvcc , 799.9740 , ms
src/backpropagation/Kernel/flash_attention.cu , gcc (preprocessing 1) , src/backpropagation/Kernel/flash_attention.cu  , /tmp/tmpxft_0006ccb7_00000000-59_flash_attention.cpp1.ii , compute_52 , nvcc , 146.1320 , ms
src/backpropagation/Kernel/flash_attention.cu , cicc ,  /tmp/tmpxft_0006ccb7_00000000-59_flash_attention.cpp1.ii  , /tmp/tmpxft_0006ccb7_00000000-34_flash_attention.ptx , compute_52 , nvcc , 815.1600 , ms
src/backpropagation/Kernel/flash_attention.cu , ptxas , /tmp/tmpxft_0006ccb7_00000000-34_flash_attention.ptx  , /tmp/tmpxft_0006ccb7_00000000-60_flash_attention.sm_52.cubin , sm_52 , nvcc , 133.9510 , ms
src/backpropagation/Kernel/flash_attention.cu , fatbinary , /tmp/tmpxft_0006ccb7_00000000-60_flash_attention.sm_52.cubin /tmp/tmpxft_0006ccb7_00000000-34_flash_attention.ptx  , /tmp/tmpxft_0006ccb7_00000000-31_flash_attention.fatbin ,  , nvcc , 15.7850 , ms
src/backpropagation/Kernel/flash_attention.cu , gcc (compiling) ,   , /tmp/tmpxft_0006ccb7_00000000-61_flash_attention.o , compute_52 , nvcc , 753.1010 , ms
src/main.cpp src/kernel/utils.cu src/forward/Kernel/layer_norm.cu src/forward/Kernel/embedding.cu src/forward/Kernel/linear.cu src/forward/Kernel/attention_head.cu src/forward/Kernel/interface.cu src/backpropagation/Kernel/interface_back.cu src/backpropagation/Kernel/flash_attention.cu  , nvlink , /tmp/tmpxft_0006ccb7_00000000-37_main.o /tmp/tmpxft_0006ccb7_00000000-40_utils.o /tmp/tmpxft_0006ccb7_00000000-43_layer_norm.o /tmp/tmpxft_0006ccb7_00000000-46_embedding.o /tmp/tmpxft_0006ccb7_00000000-49_linear.o /tmp/tmpxft_0006ccb7_00000000-52_attention_head.o /tmp/tmpxft_0006ccb7_00000000-55_interface.o /tmp/tmpxft_0006ccb7_00000000-58_interface_back.o /tmp/tmpxft_0006ccb7_00000000-61_flash_attention.o  , /tmp/tmpxft_0006ccb7_00000000-62_attention_dlink.sm_52.cubin , sm_52 , nvcc , 5.6790 , ms
src/main.cpp src/kernel/utils.cu src/forward/Kernel/layer_norm.cu src/forward/Kernel/embedding.cu src/forward/Kernel/linear.cu src/forward/Kernel/attention_head.cu src/forward/Kernel/interface.cu src/backpropagation/Kernel/interface_back.cu src/backpropagation/Kernel/flash_attention.cu  , fatbinary , /tmp/tmpxft_0006ccb7_00000000-62_attention_dlink.sm_52.cubin  , /tmp/tmpxft_0006ccb7_00000000-36_attention_dlink.fatbin ,  , nvcc , 1.2390 , ms
src/main.cpp src/kernel/utils.cu src/forward/Kernel/layer_norm.cu src/forward/Kernel/embedding.cu src/forward/Kernel/linear.cu src/forward/Kernel/attention_head.cu src/forward/Kernel/interface.cu src/backpropagation/Kernel/interface_back.cu src/backpropagation/Kernel/flash_attention.cu  , gcc (compiling) , /usr/lib/nvidia-cuda-toolkit/bin/crt/link.stub  , /tmp/tmpxft_0006ccb7_00000000-63_attention_dlink.o ,  , nvcc , 18.2210 , ms
src/main.cpp src/kernel/utils.cu src/forward/Kernel/layer_norm.cu src/forward/Kernel/embedding.cu src/forward/Kernel/linear.cu src/forward/Kernel/attention_head.cu src/forward/Kernel/interface.cu src/backpropagation/Kernel/interface_back.cu src/backpropagation/Kernel/flash_attention.cu  , gcc (linking) , /tmp/tmpxft_0006ccb7_00000000-63_attention_dlink.o /tmp/tmpxft_0006ccb7_00000000-37_main.o /tmp/tmpxft_0006ccb7_00000000-40_utils.o /tmp/tmpxft_0006ccb7_00000000-43_layer_norm.o /tmp/tmpxft_0006ccb7_00000000-46_embedding.o /tmp/tmpxft_0006ccb7_00000000-49_linear.o /tmp/tmpxft_0006ccb7_00000000-52_attention_head.o /tmp/tmpxft_0006ccb7_00000000-55_interface.o /tmp/tmpxft_0006ccb7_00000000-58_interface_back.o /tmp/tmpxft_0006ccb7_00000000-61_flash_attention.o  , src/bin/attention ,  , nvcc , 94.4750 , ms
 , nvcc (driver) ,  , src/bin/attention ,  , nvcc , 3.5117 , ms
src/main.cpp , gcc (compiling) , src/main.cpp  , /tmp/tmpxft_0006d21a_00000000-37_main.o ,  , nvcc , 3000.6770 , ms
src/kernel/utils.cu , gcc (preprocessing 4) , src/kernel/utils.cu  , /tmp/tmpxft_0006d21a_00000000-5_utils.cpp4.ii ,  , nvcc , 170.3360 , ms
src/kernel/utils.cu , cudafe++ , /tmp/tmpxft_0006d21a_00000000-5_utils.cpp4.ii  , /tmp/tmpxft_0006d21a_00000000-6_utils.cudafe1.cpp , compute_52 , nvcc , 723.7400 , ms
src/kernel/utils.cu , gcc (preprocessing 1) , src/kernel/utils.cu  , /tmp/tmpxft_0006d21a_00000000-38_utils.cpp1.ii , compute_52 , nvcc , 141.6370 , ms
src/kernel/utils.cu , cicc ,  /tmp/tmpxft_0006d21a_00000000-38_utils.cpp1.ii  , /tmp/tmpxft_0006d21a_00000000-6_utils.ptx , compute_52 , nvcc , 703.1680 , ms
src/kernel/utils.cu , ptxas , /tmp/tmpxft_0006d21a_00000000-6_utils.ptx  , /tmp/tmpxft_0006d21a_00000000-39_utils.sm_52.cubin , sm_52 , nvcc , 107.6120 , ms
src/kernel/utils.cu , fatbinary , /tmp/tmpxft_0006d21a_00000000-39_utils.sm_52.cubin /tmp/tmpxft_0006d21a_00000000-6_utils.ptx  , /tmp/tmpxft_0006d21a_00000000-3_utils.fatbin ,  , nvcc , 15.0620 , ms
src/kernel/utils.cu , gcc (compiling) ,   , /tmp/tmpxft_0006d21a_00000000-40_utils.o , compute_52 , nvcc , 665.6150 , ms
src/forward/Kernel/layer_norm.cu , gcc (preprocessing 4) , src/forward/Kernel/layer_norm.cu  , /tmp/tmpxft_0006d21a_00000000-9_layer_norm.cpp4.ii ,  , nvcc , 158.2600 , ms
src/forward/Kernel/layer_norm.cu , cudafe++ , /tmp/tmpxft_0006d21a_00000000-9_layer_norm.cpp4.ii  , /tmp/tmpxft_0006d21a_00000000-10_layer_norm.cudafe1.cpp , compute_52 , nvcc , 727.2050 , ms
src/forward/Kernel/layer_norm.cu , gcc (preprocessing 1) , src/forward/Kernel/layer_norm.cu  , /tmp/tmpxft_0006d21a_00000000-41_layer_norm.cpp1.ii , compute_52 , nvcc , 141.5670 , ms
src/forward/Kernel/layer_norm.cu , cicc ,  /tmp/tmpxft_0006d21a_00000000-41_layer_norm.cpp1.ii  , /tmp/tmpxft_0006d21a_00000000-10_layer_norm.ptx , compute_52 , nvcc , 720.5870 , ms
src/forward/Kernel/layer_norm.cu , ptxas , /tmp/tmpxft_0006d21a_00000000-10_layer_norm.ptx  , /tmp/tmpxft_0006d21a_00000000-42_layer_norm.sm_52.cubin , sm_52 , nvcc , 121.4460 , ms
src/forward/Kernel/layer_norm.cu , fatbinary , /tmp/tmpxft_0006d21a_00000000-42_layer_norm.sm_52.cubin /tmp/tmpxft_0006d21a_00000000-10_layer_norm.ptx  , /tmp/tmpxft_0006d21a_00000000-7_layer_norm.fatbin ,  , nvcc , 14.7670 , ms
src/forward/Kernel/layer_norm.cu , gcc (compiling) ,   , /tmp/tmpxft_0006d21a_00000000-43_layer_norm.o , compute_52 , nvcc , 684.9750 , ms
src/forward/Kernel/embedding.cu , gcc (preprocessing 4) , src/forward/Kernel/embedding.cu  , /tmp/tmpxft_0006d21a_00000000-13_embedding.cpp4.ii ,  , nvcc , 174.6380 , ms
src/forward/Kernel/embedding.cu , cudafe++ , /tmp/tmpxft_0006d21a_00000000-13_embedding.cpp4.ii  , /tmp/tmpxft_0006d21a_00000000-14_embedding.cudafe1.cpp , compute_52 , nvcc , 728.7990 , ms
src/forward/Kernel/embedding.cu , gcc (preprocessing 1) , src/forward/Kernel/embedding.cu  , /tmp/tmpxft_0006d21a_00000000-44_embedding.cpp1.ii , compute_52 , nvcc , 142.0110 , ms
src/forward/Kernel/embedding.cu , cicc ,  /tmp/tmpxft_0006d21a_00000000-44_embedding.cpp1.ii  , /tmp/tmpxft_0006d21a_00000000-14_embedding.ptx , compute_52 , nvcc , 719.0900 , ms
src/forward/Kernel/embedding.cu , ptxas , /tmp/tmpxft_0006d21a_00000000-14_embedding.ptx  , /tmp/tmpxft_0006d21a_00000000-45_embedding.sm_52.cubin , sm_52 , nvcc , 127.8350 , ms
src/forward/Kernel/embedding.cu , fatbinary , /tmp/tmpxft_0006d21a_00000000-45_embedding.sm_52.cubin /tmp/tmpxft_0006d21a_00000000-14_embedding.ptx  , /tmp/tmpxft_0006d21a_00000000-11_embedding.fatbin ,  , nvcc , 14.4530 , ms
src/forward/Kernel/embedding.cu , gcc (compiling) ,   , /tmp/tmpxft_0006d21a_00000000-46_embedding.o , compute_52 , nvcc , 664.5200 , ms
src/forward/Kernel/linear.cu , gcc (preprocessing 4) , src/forward/Kernel/linear.cu  , /tmp/tmpxft_0006d21a_00000000-17_linear.cpp4.ii ,  , nvcc , 191.6860 , ms
src/forward/Kernel/linear.cu , cudafe++ , /tmp/tmpxft_0006d21a_00000000-17_linear.cpp4.ii  , /tmp/tmpxft_0006d21a_00000000-18_linear.cudafe1.cpp , compute_52 , nvcc , 775.7400 , ms
src/forward/Kernel/linear.cu , gcc (preprocessing 1) , src/forward/Kernel/linear.cu  , /tmp/tmpxft_0006d21a_00000000-47_linear.cpp1.ii , compute_52 , nvcc , 132.7890 , ms
src/forward/Kernel/linear.cu , cicc ,  /tmp/tmpxft_0006d21a_00000000-47_linear.cpp1.ii  , /tmp/tmpxft_0006d21a_00000000-18_linear.ptx , compute_52 , nvcc , 768.7700 , ms
src/forward/Kernel/linear.cu , ptxas , /tmp/tmpxft_0006d21a_00000000-18_linear.ptx  , /tmp/tmpxft_0006d21a_00000000-48_linear.sm_52.cubin , sm_52 , nvcc , 116.3110 , ms
src/forward/Kernel/linear.cu , fatbinary , /tmp/tmpxft_0006d21a_00000000-48_linear.sm_52.cubin /tmp/tmpxft_0006d21a_00000000-18_linear.ptx  , /tmp/tmpxft_0006d21a_00000000-15_linear.fatbin ,  , nvcc , 13.9940 , ms
src/forward/Kernel/linear.cu , gcc (compiling) ,   , /tmp/tmpxft_0006d21a_00000000-49_linear.o , compute_52 , nvcc , 652.9540 , ms
src/forward/Kernel/attention_head.cu , gcc (preprocessing 4) , src/forward/Kernel/attention_head.cu  , /tmp/tmpxft_0006d21a_00000000-21_attention_head.cpp4.ii ,  , nvcc , 154.0470 , ms
src/forward/Kernel/attention_head.cu , cudafe++ , /tmp/tmpxft_0006d21a_00000000-21_attention_head.cpp4.ii  , /tmp/tmpxft_0006d21a_00000000-22_attention_head.cudafe1.cpp , compute_52 , nvcc , 749.1300 , ms
src/forward/Kernel/attention_head.cu , gcc (preprocessing 1) , src/forward/Kernel/attention_head.cu  , /tmp/tmpxft_0006d21a_00000000-50_attention_head.cpp1.ii , compute_52 , nvcc , 142.3770 , ms
src/forward/Kernel/attention_head.cu , cicc ,  /tmp/tmpxft_0006d21a_00000000-50_attention_head.cpp1.ii  , /tmp/tmpxft_0006d21a_00000000-22_attention_head.ptx , compute_52 , nvcc , 719.7220 , ms
src/forward/Kernel/attention_head.cu , ptxas , /tmp/tmpxft_0006d21a_00000000-22_attention_head.ptx  , /tmp/tmpxft_0006d21a_00000000-51_attention_head.sm_52.cubin , sm_52 , nvcc , 135.3490 , ms
src/forward/Kernel/attention_head.cu , fatbinary , /tmp/tmpxft_0006d21a_00000000-51_attention_head.sm_52.cubin /tmp/tmpxft_0006d21a_00000000-22_attention_head.ptx  , /tmp/tmpxft_0006d21a_00000000-19_attention_head.fatbin ,  , nvcc , 14.1520 , ms
src/forward/Kernel/attention_head.cu , gcc (compiling) ,   , /tmp/tmpxft_0006d21a_00000000-52_attention_head.o , compute_52 , nvcc , 709.6230 , ms
src/forward/Kernel/interface.cu , gcc (preprocessing 4) , src/forward/Kernel/interface.cu  , /tmp/tmpxft_0006d21a_00000000-25_interface.cpp4.ii ,  , nvcc , 179.9010 , ms
src/forward/Kernel/interface.cu , cudafe++ , /tmp/tmpxft_0006d21a_00000000-25_interface.cpp4.ii  , /tmp/tmpxft_0006d21a_00000000-26_interface.cudafe1.cpp , compute_52 , nvcc , 829.6860 , ms
src/forward/Kernel/interface.cu , gcc (preprocessing 1) , src/forward/Kernel/interface.cu  , /tmp/tmpxft_0006d21a_00000000-53_interface.cpp1.ii , compute_52 , nvcc , 152.4450 , ms
src/forward/Kernel/interface.cu , cicc ,  /tmp/tmpxft_0006d21a_00000000-53_interface.cpp1.ii  , /tmp/tmpxft_0006d21a_00000000-26_interface.ptx , compute_52 , nvcc , 690.8480 , ms
src/forward/Kernel/interface.cu , ptxas , /tmp/tmpxft_0006d21a_00000000-26_interface.ptx  , /tmp/tmpxft_0006d21a_00000000-54_interface.sm_52.cubin , sm_52 , nvcc , 94.3340 , ms
src/forward/Kernel/interface.cu , fatbinary , /tmp/tmpxft_0006d21a_00000000-54_interface.sm_52.cubin /tmp/tmpxft_0006d21a_00000000-26_interface.ptx  , /tmp/tmpxft_0006d21a_00000000-23_interface.fatbin ,  , nvcc , 13.3420 , ms
src/forward/Kernel/interface.cu , gcc (compiling) ,   , /tmp/tmpxft_0006d21a_00000000-55_interface.o , compute_52 , nvcc , 623.1220 , ms
src/backpropagation/Kernel/interface_back.cu , gcc (preprocessing 4) , src/backpropagation/Kernel/interface_back.cu  , /tmp/tmpxft_0006d21a_00000000-29_interface_back.cpp4.ii ,  , nvcc , 223.6780 , ms
src/backpropagation/Kernel/interface_back.cu , cudafe++ , /tmp/tmpxft_0006d21a_00000000-29_interface_back.cpp4.ii  , /tmp/tmpxft_0006d21a_00000000-30_interface_back.cudafe1.cpp , compute_52 , nvcc , 1795.9340 , ms
src/backpropagation/Kernel/interface_back.cu , gcc (preprocessing 1) , src/backpropagation/Kernel/interface_back.cu  , /tmp/tmpxft_0006d21a_00000000-56_interface_back.cpp1.ii , compute_52 , nvcc , 198.4950 , ms
src/backpropagation/Kernel/interface_back.cu , cicc ,  /tmp/tmpxft_0006d21a_00000000-56_interface_back.cpp1.ii  , /tmp/tmpxft_0006d21a_00000000-30_interface_back.ptx , compute_52 , nvcc , 2206.5029 , ms
src/backpropagation/Kernel/interface_back.cu , ptxas , /tmp/tmpxft_0006d21a_00000000-30_interface_back.ptx  , /tmp/tmpxft_0006d21a_00000000-57_interface_back.sm_52.cubin , sm_52 , nvcc , 119.1310 , ms
src/backpropagation/Kernel/interface_back.cu , fatbinary , /tmp/tmpxft_0006d21a_00000000-57_interface_back.sm_52.cubin /tmp/tmpxft_0006d21a_00000000-30_interface_back.ptx  , /tmp/tmpxft_0006d21a_00000000-27_interface_back.fatbin ,  , nvcc , 15.0150 , ms
src/backpropagation/Kernel/interface_back.cu , gcc (compiling) ,   , /tmp/tmpxft_0006d21a_00000000-58_interface_back.o , compute_52 , nvcc , 1772.2891 , ms
src/backpropagation/Kernel/flash_attention.cu , gcc (preprocessing 4) , src/backpropagation/Kernel/flash_attention.cu  , /tmp/tmpxft_0006d21a_00000000-33_flash_attention.cpp4.ii ,  , nvcc , 157.9470 , ms
src/backpropagation/Kernel/flash_attention.cu , cudafe++ , /tmp/tmpxft_0006d21a_00000000-33_flash_attention.cpp4.ii  , /tmp/tmpxft_0006d21a_00000000-34_flash_attention.cudafe1.cpp , compute_52 , nvcc , 748.5570 , ms
src/backpropagation/Kernel/flash_attention.cu , gcc (preprocessing 1) , src/backpropagation/Kernel/flash_attention.cu  , /tmp/tmpxft_0006d21a_00000000-59_flash_attention.cpp1.ii , compute_52 , nvcc , 146.8610 , ms
src/backpropagation/Kernel/flash_attention.cu , cicc ,  /tmp/tmpxft_0006d21a_00000000-59_flash_attention.cpp1.ii  , /tmp/tmpxft_0006d21a_00000000-34_flash_attention.ptx , compute_52 , nvcc , 688.3360 , ms
src/backpropagation/Kernel/flash_attention.cu , ptxas , /tmp/tmpxft_0006d21a_00000000-34_flash_attention.ptx  , /tmp/tmpxft_0006d21a_00000000-60_flash_attention.sm_52.cubin , sm_52 , nvcc , 118.9400 , ms
src/backpropagation/Kernel/flash_attention.cu , fatbinary , /tmp/tmpxft_0006d21a_00000000-60_flash_attention.sm_52.cubin /tmp/tmpxft_0006d21a_00000000-34_flash_attention.ptx  , /tmp/tmpxft_0006d21a_00000000-31_flash_attention.fatbin ,  , nvcc , 14.3070 , ms
src/backpropagation/Kernel/flash_attention.cu , gcc (compiling) ,   , /tmp/tmpxft_0006d21a_00000000-61_flash_attention.o , compute_52 , nvcc , 666.8530 , ms
src/main.cpp src/kernel/utils.cu src/forward/Kernel/layer_norm.cu src/forward/Kernel/embedding.cu src/forward/Kernel/linear.cu src/forward/Kernel/attention_head.cu src/forward/Kernel/interface.cu src/backpropagation/Kernel/interface_back.cu src/backpropagation/Kernel/flash_attention.cu  , nvlink , /tmp/tmpxft_0006d21a_00000000-37_main.o /tmp/tmpxft_0006d21a_00000000-40_utils.o /tmp/tmpxft_0006d21a_00000000-43_layer_norm.o /tmp/tmpxft_0006d21a_00000000-46_embedding.o /tmp/tmpxft_0006d21a_00000000-49_linear.o /tmp/tmpxft_0006d21a_00000000-52_attention_head.o /tmp/tmpxft_0006d21a_00000000-55_interface.o /tmp/tmpxft_0006d21a_00000000-58_interface_back.o /tmp/tmpxft_0006d21a_00000000-61_flash_attention.o  , /tmp/tmpxft_0006d21a_00000000-62_attention_dlink.sm_52.cubin , sm_52 , nvcc , 5.3210 , ms
src/main.cpp src/kernel/utils.cu src/forward/Kernel/layer_norm.cu src/forward/Kernel/embedding.cu src/forward/Kernel/linear.cu src/forward/Kernel/attention_head.cu src/forward/Kernel/interface.cu src/backpropagation/Kernel/interface_back.cu src/backpropagation/Kernel/flash_attention.cu  , fatbinary , /tmp/tmpxft_0006d21a_00000000-62_attention_dlink.sm_52.cubin  , /tmp/tmpxft_0006d21a_00000000-36_attention_dlink.fatbin ,  , nvcc , 1.1140 , ms
src/main.cpp src/kernel/utils.cu src/forward/Kernel/layer_norm.cu src/forward/Kernel/embedding.cu src/forward/Kernel/linear.cu src/forward/Kernel/attention_head.cu src/forward/Kernel/interface.cu src/backpropagation/Kernel/interface_back.cu src/backpropagation/Kernel/flash_attention.cu  , gcc (compiling) , /usr/lib/nvidia-cuda-toolkit/bin/crt/link.stub  , /tmp/tmpxft_0006d21a_00000000-63_attention_dlink.o ,  , nvcc , 13.8740 , ms
src/main.cpp src/kernel/utils.cu src/forward/Kernel/layer_norm.cu src/forward/Kernel/embedding.cu src/forward/Kernel/linear.cu src/forward/Kernel/attention_head.cu src/forward/Kernel/interface.cu src/backpropagation/Kernel/interface_back.cu src/backpropagation/Kernel/flash_attention.cu  , gcc (linking) , /tmp/tmpxft_0006d21a_00000000-63_attention_dlink.o /tmp/tmpxft_0006d21a_00000000-37_main.o /tmp/tmpxft_0006d21a_00000000-40_utils.o /tmp/tmpxft_0006d21a_00000000-43_layer_norm.o /tmp/tmpxft_0006d21a_00000000-46_embedding.o /tmp/tmpxft_0006d21a_00000000-49_linear.o /tmp/tmpxft_0006d21a_00000000-52_attention_head.o /tmp/tmpxft_0006d21a_00000000-55_interface.o /tmp/tmpxft_0006d21a_00000000-58_interface_back.o /tmp/tmpxft_0006d21a_00000000-61_flash_attention.o  , src/bin/attention ,  , nvcc , 88.9530 , ms
 , nvcc (driver) ,  , src/bin/attention ,  , nvcc , 2.8457 , ms
src/main.cpp , gcc (compiling) , src/main.cpp  , /tmp/tmpxft_0006e252_00000000-37_main.o ,  , nvcc , 3678.4370 , ms
src/kernel/utils.cu , gcc (preprocessing 4) , src/kernel/utils.cu  , /tmp/tmpxft_0006e252_00000000-5_utils.cpp4.ii ,  , nvcc , 180.7780 , ms
src/kernel/utils.cu , cudafe++ , /tmp/tmpxft_0006e252_00000000-5_utils.cpp4.ii  , /tmp/tmpxft_0006e252_00000000-6_utils.cudafe1.cpp , compute_52 , nvcc , 874.2370 , ms
src/kernel/utils.cu , gcc (preprocessing 1) , src/kernel/utils.cu  , /tmp/tmpxft_0006e252_00000000-38_utils.cpp1.ii , compute_52 , nvcc , 166.0960 , ms
src/kernel/utils.cu , cicc ,  /tmp/tmpxft_0006e252_00000000-38_utils.cpp1.ii  , /tmp/tmpxft_0006e252_00000000-6_utils.ptx , compute_52 , nvcc , 787.9510 , ms
src/kernel/utils.cu , ptxas , /tmp/tmpxft_0006e252_00000000-6_utils.ptx  , /tmp/tmpxft_0006e252_00000000-39_utils.sm_52.cubin , sm_52 , nvcc , 114.3510 , ms
src/kernel/utils.cu , fatbinary , /tmp/tmpxft_0006e252_00000000-39_utils.sm_52.cubin /tmp/tmpxft_0006e252_00000000-6_utils.ptx  , /tmp/tmpxft_0006e252_00000000-3_utils.fatbin ,  , nvcc , 14.0600 , ms
src/kernel/utils.cu , gcc (compiling) ,   , /tmp/tmpxft_0006e252_00000000-40_utils.o , compute_52 , nvcc , 726.8560 , ms
src/forward/Kernel/layer_norm.cu , gcc (preprocessing 4) , src/forward/Kernel/layer_norm.cu  , /tmp/tmpxft_0006e252_00000000-9_layer_norm.cpp4.ii ,  , nvcc , 259.2870 , ms
src/forward/Kernel/layer_norm.cu , cudafe++ , /tmp/tmpxft_0006e252_00000000-9_layer_norm.cpp4.ii  , /tmp/tmpxft_0006e252_00000000-10_layer_norm.cudafe1.cpp , compute_52 , nvcc , 784.8730 , ms
src/forward/Kernel/layer_norm.cu , gcc (preprocessing 1) , src/forward/Kernel/layer_norm.cu  , /tmp/tmpxft_0006e252_00000000-41_layer_norm.cpp1.ii , compute_52 , nvcc , 144.7560 , ms
src/forward/Kernel/layer_norm.cu , cicc ,  /tmp/tmpxft_0006e252_00000000-41_layer_norm.cpp1.ii  , /tmp/tmpxft_0006e252_00000000-10_layer_norm.ptx , compute_52 , nvcc , 800.9940 , ms
src/forward/Kernel/layer_norm.cu , ptxas , /tmp/tmpxft_0006e252_00000000-10_layer_norm.ptx  , /tmp/tmpxft_0006e252_00000000-42_layer_norm.sm_52.cubin , sm_52 , nvcc , 115.4140 , ms
src/forward/Kernel/layer_norm.cu , fatbinary , /tmp/tmpxft_0006e252_00000000-42_layer_norm.sm_52.cubin /tmp/tmpxft_0006e252_00000000-10_layer_norm.ptx  , /tmp/tmpxft_0006e252_00000000-7_layer_norm.fatbin ,  , nvcc , 15.0070 , ms
src/forward/Kernel/layer_norm.cu , gcc (compiling) ,   , /tmp/tmpxft_0006e252_00000000-43_layer_norm.o , compute_52 , nvcc , 704.5020 , ms
src/forward/Kernel/embedding.cu , gcc (preprocessing 4) , src/forward/Kernel/embedding.cu  , /tmp/tmpxft_0006e252_00000000-13_embedding.cpp4.ii ,  , nvcc , 160.8880 , ms
src/forward/Kernel/embedding.cu , cudafe++ , /tmp/tmpxft_0006e252_00000000-13_embedding.cpp4.ii  , /tmp/tmpxft_0006e252_00000000-14_embedding.cudafe1.cpp , compute_52 , nvcc , 735.5960 , ms
src/forward/Kernel/embedding.cu , gcc (preprocessing 1) , src/forward/Kernel/embedding.cu  , /tmp/tmpxft_0006e252_00000000-44_embedding.cpp1.ii , compute_52 , nvcc , 139.6820 , ms
src/forward/Kernel/embedding.cu , cicc ,  /tmp/tmpxft_0006e252_00000000-44_embedding.cpp1.ii  , /tmp/tmpxft_0006e252_00000000-14_embedding.ptx , compute_52 , nvcc , 687.5460 , ms
src/forward/Kernel/embedding.cu , ptxas , /tmp/tmpxft_0006e252_00000000-14_embedding.ptx  , /tmp/tmpxft_0006e252_00000000-45_embedding.sm_52.cubin , sm_52 , nvcc , 103.4220 , ms
src/forward/Kernel/embedding.cu , fatbinary , /tmp/tmpxft_0006e252_00000000-45_embedding.sm_52.cubin /tmp/tmpxft_0006e252_00000000-14_embedding.ptx  , /tmp/tmpxft_0006e252_00000000-11_embedding.fatbin ,  , nvcc , 13.9420 , ms
src/forward/Kernel/embedding.cu , gcc (compiling) ,   , /tmp/tmpxft_0006e252_00000000-46_embedding.o , compute_52 , nvcc , 701.8250 , ms
src/forward/Kernel/linear.cu , gcc (preprocessing 4) , src/forward/Kernel/linear.cu  , /tmp/tmpxft_0006e252_00000000-17_linear.cpp4.ii ,  , nvcc , 168.7840 , ms
src/forward/Kernel/linear.cu , cudafe++ , /tmp/tmpxft_0006e252_00000000-17_linear.cpp4.ii  , /tmp/tmpxft_0006e252_00000000-18_linear.cudafe1.cpp , compute_52 , nvcc , 810.8360 , ms
src/forward/Kernel/linear.cu , gcc (preprocessing 1) , src/forward/Kernel/linear.cu  , /tmp/tmpxft_0006e252_00000000-47_linear.cpp1.ii , compute_52 , nvcc , 144.0260 , ms
src/forward/Kernel/linear.cu , cicc ,  /tmp/tmpxft_0006e252_00000000-47_linear.cpp1.ii  , /tmp/tmpxft_0006e252_00000000-18_linear.ptx , compute_52 , nvcc , 829.9020 , ms
src/forward/Kernel/linear.cu , ptxas , /tmp/tmpxft_0006e252_00000000-18_linear.ptx  , /tmp/tmpxft_0006e252_00000000-48_linear.sm_52.cubin , sm_52 , nvcc , 240.5420 , ms
src/forward/Kernel/linear.cu , fatbinary , /tmp/tmpxft_0006e252_00000000-48_linear.sm_52.cubin /tmp/tmpxft_0006e252_00000000-18_linear.ptx  , /tmp/tmpxft_0006e252_00000000-15_linear.fatbin ,  , nvcc , 32.8390 , ms
src/forward/Kernel/linear.cu , gcc (compiling) ,   , /tmp/tmpxft_0006e252_00000000-49_linear.o , compute_52 , nvcc , 977.5340 , ms
src/forward/Kernel/attention_head.cu , gcc (preprocessing 4) , src/forward/Kernel/attention_head.cu  , /tmp/tmpxft_0006e252_00000000-21_attention_head.cpp4.ii ,  , nvcc , 175.5580 , ms
src/forward/Kernel/attention_head.cu , cudafe++ , /tmp/tmpxft_0006e252_00000000-21_attention_head.cpp4.ii  , /tmp/tmpxft_0006e252_00000000-22_attention_head.cudafe1.cpp , compute_52 , nvcc , 1134.3470 , ms
src/forward/Kernel/attention_head.cu , gcc (preprocessing 1) , src/forward/Kernel/attention_head.cu  , /tmp/tmpxft_0006e252_00000000-50_attention_head.cpp1.ii , compute_52 , nvcc , 301.0750 , ms
src/forward/Kernel/attention_head.cu , cicc ,  /tmp/tmpxft_0006e252_00000000-50_attention_head.cpp1.ii  , /tmp/tmpxft_0006e252_00000000-22_attention_head.ptx , compute_52 , nvcc , 978.4060 , ms
src/forward/Kernel/attention_head.cu , ptxas , /tmp/tmpxft_0006e252_00000000-22_attention_head.ptx  , /tmp/tmpxft_0006e252_00000000-51_attention_head.sm_52.cubin , sm_52 , nvcc , 141.4330 , ms
src/forward/Kernel/attention_head.cu , fatbinary , /tmp/tmpxft_0006e252_00000000-51_attention_head.sm_52.cubin /tmp/tmpxft_0006e252_00000000-22_attention_head.ptx  , /tmp/tmpxft_0006e252_00000000-19_attention_head.fatbin ,  , nvcc , 14.4840 , ms
src/forward/Kernel/attention_head.cu , gcc (compiling) ,   , /tmp/tmpxft_0006e252_00000000-52_attention_head.o , compute_52 , nvcc , 824.3860 , ms
src/forward/Kernel/interface.cu , gcc (preprocessing 4) , src/forward/Kernel/interface.cu  , /tmp/tmpxft_0006e252_00000000-25_interface.cpp4.ii ,  , nvcc , 232.7380 , ms
src/forward/Kernel/interface.cu , cudafe++ , /tmp/tmpxft_0006e252_00000000-25_interface.cpp4.ii  , /tmp/tmpxft_0006e252_00000000-26_interface.cudafe1.cpp , compute_52 , nvcc , 922.9900 , ms
src/forward/Kernel/interface.cu , gcc (preprocessing 1) , src/forward/Kernel/interface.cu  , /tmp/tmpxft_0006e252_00000000-53_interface.cpp1.ii , compute_52 , nvcc , 207.3850 , ms
src/forward/Kernel/interface.cu , cicc ,  /tmp/tmpxft_0006e252_00000000-53_interface.cpp1.ii  , /tmp/tmpxft_0006e252_00000000-26_interface.ptx , compute_52 , nvcc , 784.7400 , ms
src/forward/Kernel/interface.cu , ptxas , /tmp/tmpxft_0006e252_00000000-26_interface.ptx  , /tmp/tmpxft_0006e252_00000000-54_interface.sm_52.cubin , sm_52 , nvcc , 96.8440 , ms
src/forward/Kernel/interface.cu , fatbinary , /tmp/tmpxft_0006e252_00000000-54_interface.sm_52.cubin /tmp/tmpxft_0006e252_00000000-26_interface.ptx  , /tmp/tmpxft_0006e252_00000000-23_interface.fatbin ,  , nvcc , 13.5100 , ms
src/forward/Kernel/interface.cu , gcc (compiling) ,   , /tmp/tmpxft_0006e252_00000000-55_interface.o , compute_52 , nvcc , 756.9650 , ms
src/backpropagation/Kernel/interface_back.cu , gcc (preprocessing 4) , src/backpropagation/Kernel/interface_back.cu  , /tmp/tmpxft_0006e252_00000000-29_interface_back.cpp4.ii ,  , nvcc , 264.3830 , ms
src/backpropagation/Kernel/interface_back.cu , cudafe++ , /tmp/tmpxft_0006e252_00000000-29_interface_back.cpp4.ii  , /tmp/tmpxft_0006e252_00000000-30_interface_back.cudafe1.cpp , compute_52 , nvcc , 3199.7900 , ms
src/backpropagation/Kernel/interface_back.cu , gcc (preprocessing 1) , src/backpropagation/Kernel/interface_back.cu  , /tmp/tmpxft_0006e252_00000000-56_interface_back.cpp1.ii , compute_52 , nvcc , 230.7410 , ms
src/backpropagation/Kernel/interface_back.cu , cicc ,  /tmp/tmpxft_0006e252_00000000-56_interface_back.cpp1.ii  , /tmp/tmpxft_0006e252_00000000-30_interface_back.ptx , compute_52 , nvcc , 2817.2681 , ms
src/backpropagation/Kernel/interface_back.cu , ptxas , /tmp/tmpxft_0006e252_00000000-30_interface_back.ptx  , /tmp/tmpxft_0006e252_00000000-57_interface_back.sm_52.cubin , sm_52 , nvcc , 145.9450 , ms
src/backpropagation/Kernel/interface_back.cu , fatbinary , /tmp/tmpxft_0006e252_00000000-57_interface_back.sm_52.cubin /tmp/tmpxft_0006e252_00000000-30_interface_back.ptx  , /tmp/tmpxft_0006e252_00000000-27_interface_back.fatbin ,  , nvcc , 20.0070 , ms
src/backpropagation/Kernel/interface_back.cu , gcc (compiling) ,   , /tmp/tmpxft_0006e252_00000000-58_interface_back.o , compute_52 , nvcc , 2185.3921 , ms
src/backpropagation/Kernel/flash_attention.cu , gcc (preprocessing 4) , src/backpropagation/Kernel/flash_attention.cu  , /tmp/tmpxft_0006e252_00000000-33_flash_attention.cpp4.ii ,  , nvcc , 186.4540 , ms
src/backpropagation/Kernel/flash_attention.cu , cudafe++ , /tmp/tmpxft_0006e252_00000000-33_flash_attention.cpp4.ii  , /tmp/tmpxft_0006e252_00000000-34_flash_attention.cudafe1.cpp , compute_52 , nvcc , 808.6520 , ms
src/backpropagation/Kernel/flash_attention.cu , gcc (preprocessing 1) , src/backpropagation/Kernel/flash_attention.cu  , /tmp/tmpxft_0006e252_00000000-59_flash_attention.cpp1.ii , compute_52 , nvcc , 142.5150 , ms
src/backpropagation/Kernel/flash_attention.cu , cicc ,  /tmp/tmpxft_0006e252_00000000-59_flash_attention.cpp1.ii  , /tmp/tmpxft_0006e252_00000000-34_flash_attention.ptx , compute_52 , nvcc , 858.7980 , ms
src/backpropagation/Kernel/flash_attention.cu , ptxas , /tmp/tmpxft_0006e252_00000000-34_flash_attention.ptx  , /tmp/tmpxft_0006e252_00000000-60_flash_attention.sm_52.cubin , sm_52 , nvcc , 163.8600 , ms
src/backpropagation/Kernel/flash_attention.cu , fatbinary , /tmp/tmpxft_0006e252_00000000-60_flash_attention.sm_52.cubin /tmp/tmpxft_0006e252_00000000-34_flash_attention.ptx  , /tmp/tmpxft_0006e252_00000000-31_flash_attention.fatbin ,  , nvcc , 20.9460 , ms
src/backpropagation/Kernel/flash_attention.cu , gcc (compiling) ,   , /tmp/tmpxft_0006e252_00000000-61_flash_attention.o , compute_52 , nvcc , 765.5170 , ms
src/main.cpp src/kernel/utils.cu src/forward/Kernel/layer_norm.cu src/forward/Kernel/embedding.cu src/forward/Kernel/linear.cu src/forward/Kernel/attention_head.cu src/forward/Kernel/interface.cu src/backpropagation/Kernel/interface_back.cu src/backpropagation/Kernel/flash_attention.cu  , nvlink , /tmp/tmpxft_0006e252_00000000-37_main.o /tmp/tmpxft_0006e252_00000000-40_utils.o /tmp/tmpxft_0006e252_00000000-43_layer_norm.o /tmp/tmpxft_0006e252_00000000-46_embedding.o /tmp/tmpxft_0006e252_00000000-49_linear.o /tmp/tmpxft_0006e252_00000000-52_attention_head.o /tmp/tmpxft_0006e252_00000000-55_interface.o /tmp/tmpxft_0006e252_00000000-58_interface_back.o /tmp/tmpxft_0006e252_00000000-61_flash_attention.o  , /tmp/tmpxft_0006e252_00000000-62_attention_dlink.sm_52.cubin , sm_52 , nvcc , 4.9280 , ms
src/main.cpp src/kernel/utils.cu src/forward/Kernel/layer_norm.cu src/forward/Kernel/embedding.cu src/forward/Kernel/linear.cu src/forward/Kernel/attention_head.cu src/forward/Kernel/interface.cu src/backpropagation/Kernel/interface_back.cu src/backpropagation/Kernel/flash_attention.cu  , fatbinary , /tmp/tmpxft_0006e252_00000000-62_attention_dlink.sm_52.cubin  , /tmp/tmpxft_0006e252_00000000-36_attention_dlink.fatbin ,  , nvcc , 1.0360 , ms
src/main.cpp src/kernel/utils.cu src/forward/Kernel/layer_norm.cu src/forward/Kernel/embedding.cu src/forward/Kernel/linear.cu src/forward/Kernel/attention_head.cu src/forward/Kernel/interface.cu src/backpropagation/Kernel/interface_back.cu src/backpropagation/Kernel/flash_attention.cu  , gcc (compiling) , /usr/lib/nvidia-cuda-toolkit/bin/crt/link.stub  , /tmp/tmpxft_0006e252_00000000-63_attention_dlink.o ,  , nvcc , 13.8620 , ms
src/main.cpp src/kernel/utils.cu src/forward/Kernel/layer_norm.cu src/forward/Kernel/embedding.cu src/forward/Kernel/linear.cu src/forward/Kernel/attention_head.cu src/forward/Kernel/interface.cu src/backpropagation/Kernel/interface_back.cu src/backpropagation/Kernel/flash_attention.cu  , gcc (linking) , /tmp/tmpxft_0006e252_00000000-63_attention_dlink.o /tmp/tmpxft_0006e252_00000000-37_main.o /tmp/tmpxft_0006e252_00000000-40_utils.o /tmp/tmpxft_0006e252_00000000-43_layer_norm.o /tmp/tmpxft_0006e252_00000000-46_embedding.o /tmp/tmpxft_0006e252_00000000-49_linear.o /tmp/tmpxft_0006e252_00000000-52_attention_head.o /tmp/tmpxft_0006e252_00000000-55_interface.o /tmp/tmpxft_0006e252_00000000-58_interface_back.o /tmp/tmpxft_0006e252_00000000-61_flash_attention.o  , src/bin/attention ,  , nvcc , 88.4530 , ms
 , nvcc (driver) ,  , src/bin/attention ,  , nvcc , 4.2773 , ms
src/main.cpp , gcc (compiling) , src/main.cpp  , /tmp/tmpxft_0006e416_00000000-37_main.o ,  , nvcc , 3167.2351 , ms
src/kernel/utils.cu , gcc (preprocessing 4) , src/kernel/utils.cu  , /tmp/tmpxft_0006e416_00000000-5_utils.cpp4.ii ,  , nvcc , 165.3820 , ms
src/kernel/utils.cu , cudafe++ , /tmp/tmpxft_0006e416_00000000-5_utils.cpp4.ii  , /tmp/tmpxft_0006e416_00000000-6_utils.cudafe1.cpp , compute_52 , nvcc , 751.7380 , ms
src/kernel/utils.cu , gcc (preprocessing 1) , src/kernel/utils.cu  , /tmp/tmpxft_0006e416_00000000-38_utils.cpp1.ii , compute_52 , nvcc , 147.3840 , ms
src/kernel/utils.cu , cicc ,  /tmp/tmpxft_0006e416_00000000-38_utils.cpp1.ii  , /tmp/tmpxft_0006e416_00000000-6_utils.ptx , compute_52 , nvcc , 808.2130 , ms
src/kernel/utils.cu , ptxas , /tmp/tmpxft_0006e416_00000000-6_utils.ptx  , /tmp/tmpxft_0006e416_00000000-39_utils.sm_52.cubin , sm_52 , nvcc , 115.4620 , ms
src/kernel/utils.cu , fatbinary , /tmp/tmpxft_0006e416_00000000-39_utils.sm_52.cubin /tmp/tmpxft_0006e416_00000000-6_utils.ptx  , /tmp/tmpxft_0006e416_00000000-3_utils.fatbin ,  , nvcc , 25.1080 , ms
src/kernel/utils.cu , gcc (compiling) ,   , /tmp/tmpxft_0006e416_00000000-40_utils.o , compute_52 , nvcc , 843.8840 , ms
src/forward/Kernel/layer_norm.cu , gcc (preprocessing 4) , src/forward/Kernel/layer_norm.cu  , /tmp/tmpxft_0006e416_00000000-9_layer_norm.cpp4.ii ,  , nvcc , 181.2780 , ms
src/forward/Kernel/layer_norm.cu , cudafe++ , /tmp/tmpxft_0006e416_00000000-9_layer_norm.cpp4.ii  , /tmp/tmpxft_0006e416_00000000-10_layer_norm.cudafe1.cpp , compute_52 , nvcc , 823.7400 , ms
src/forward/Kernel/layer_norm.cu , gcc (preprocessing 1) , src/forward/Kernel/layer_norm.cu  , /tmp/tmpxft_0006e416_00000000-41_layer_norm.cpp1.ii , compute_52 , nvcc , 203.8770 , ms
src/forward/Kernel/layer_norm.cu , cicc ,  /tmp/tmpxft_0006e416_00000000-41_layer_norm.cpp1.ii  , /tmp/tmpxft_0006e416_00000000-10_layer_norm.ptx , compute_52 , nvcc , 860.1900 , ms
src/forward/Kernel/layer_norm.cu , ptxas , /tmp/tmpxft_0006e416_00000000-10_layer_norm.ptx  , /tmp/tmpxft_0006e416_00000000-42_layer_norm.sm_52.cubin , sm_52 , nvcc , 132.2090 , ms
src/forward/Kernel/layer_norm.cu , fatbinary , /tmp/tmpxft_0006e416_00000000-42_layer_norm.sm_52.cubin /tmp/tmpxft_0006e416_00000000-10_layer_norm.ptx  , /tmp/tmpxft_0006e416_00000000-7_layer_norm.fatbin ,  , nvcc , 16.0710 , ms
src/forward/Kernel/layer_norm.cu , gcc (compiling) ,   , /tmp/tmpxft_0006e416_00000000-43_layer_norm.o , compute_52 , nvcc , 780.9470 , ms
src/forward/Kernel/embedding.cu , gcc (preprocessing 4) , src/forward/Kernel/embedding.cu  , /tmp/tmpxft_0006e416_00000000-13_embedding.cpp4.ii ,  , nvcc , 161.2400 , ms
src/forward/Kernel/embedding.cu , cudafe++ , /tmp/tmpxft_0006e416_00000000-13_embedding.cpp4.ii  , /tmp/tmpxft_0006e416_00000000-14_embedding.cudafe1.cpp , compute_52 , nvcc , 760.6330 , ms
src/forward/Kernel/embedding.cu , gcc (preprocessing 1) , src/forward/Kernel/embedding.cu  , /tmp/tmpxft_0006e416_00000000-44_embedding.cpp1.ii , compute_52 , nvcc , 146.6570 , ms
src/forward/Kernel/embedding.cu , cicc ,  /tmp/tmpxft_0006e416_00000000-44_embedding.cpp1.ii  , /tmp/tmpxft_0006e416_00000000-14_embedding.ptx , compute_52 , nvcc , 699.0520 , ms
src/forward/Kernel/embedding.cu , ptxas , /tmp/tmpxft_0006e416_00000000-14_embedding.ptx  , /tmp/tmpxft_0006e416_00000000-45_embedding.sm_52.cubin , sm_52 , nvcc , 105.9800 , ms
src/forward/Kernel/embedding.cu , fatbinary , /tmp/tmpxft_0006e416_00000000-45_embedding.sm_52.cubin /tmp/tmpxft_0006e416_00000000-14_embedding.ptx  , /tmp/tmpxft_0006e416_00000000-11_embedding.fatbin ,  , nvcc , 13.7750 , ms
src/forward/Kernel/embedding.cu , gcc (compiling) ,   , /tmp/tmpxft_0006e416_00000000-46_embedding.o , compute_52 , nvcc , 722.1550 , ms
src/forward/Kernel/linear.cu , gcc (preprocessing 4) , src/forward/Kernel/linear.cu  , /tmp/tmpxft_0006e416_00000000-17_linear.cpp4.ii ,  , nvcc , 189.5160 , ms
src/forward/Kernel/linear.cu , cudafe++ , /tmp/tmpxft_0006e416_00000000-17_linear.cpp4.ii  , /tmp/tmpxft_0006e416_00000000-18_linear.cudafe1.cpp , compute_52 , nvcc , 885.9710 , ms
src/forward/Kernel/linear.cu , gcc (preprocessing 1) , src/forward/Kernel/linear.cu  , /tmp/tmpxft_0006e416_00000000-47_linear.cpp1.ii , compute_52 , nvcc , 153.3160 , ms
src/forward/Kernel/linear.cu , cicc ,  /tmp/tmpxft_0006e416_00000000-47_linear.cpp1.ii  , /tmp/tmpxft_0006e416_00000000-18_linear.ptx , compute_52 , nvcc , 820.9140 , ms
src/forward/Kernel/linear.cu , ptxas , /tmp/tmpxft_0006e416_00000000-18_linear.ptx  , /tmp/tmpxft_0006e416_00000000-48_linear.sm_52.cubin , sm_52 , nvcc , 130.8830 , ms
src/forward/Kernel/linear.cu , fatbinary , /tmp/tmpxft_0006e416_00000000-48_linear.sm_52.cubin /tmp/tmpxft_0006e416_00000000-18_linear.ptx  , /tmp/tmpxft_0006e416_00000000-15_linear.fatbin ,  , nvcc , 15.6310 , ms
src/forward/Kernel/linear.cu , gcc (compiling) ,   , /tmp/tmpxft_0006e416_00000000-49_linear.o , compute_52 , nvcc , 755.8670 , ms
src/forward/Kernel/attention_head.cu , gcc (preprocessing 4) , src/forward/Kernel/attention_head.cu  , /tmp/tmpxft_0006e416_00000000-21_attention_head.cpp4.ii ,  , nvcc , 154.6390 , ms
src/forward/Kernel/attention_head.cu , cudafe++ , /tmp/tmpxft_0006e416_00000000-21_attention_head.cpp4.ii  , /tmp/tmpxft_0006e416_00000000-22_attention_head.cudafe1.cpp , compute_52 , nvcc , 741.7370 , ms
src/forward/Kernel/attention_head.cu , gcc (preprocessing 1) , src/forward/Kernel/attention_head.cu  , /tmp/tmpxft_0006e416_00000000-50_attention_head.cpp1.ii , compute_52 , nvcc , 153.8450 , ms
src/forward/Kernel/attention_head.cu , cicc ,  /tmp/tmpxft_0006e416_00000000-50_attention_head.cpp1.ii  , /tmp/tmpxft_0006e416_00000000-22_attention_head.ptx , compute_52 , nvcc , 812.0300 , ms
src/forward/Kernel/attention_head.cu , ptxas , /tmp/tmpxft_0006e416_00000000-22_attention_head.ptx  , /tmp/tmpxft_0006e416_00000000-51_attention_head.sm_52.cubin , sm_52 , nvcc , 150.7170 , ms
src/forward/Kernel/attention_head.cu , fatbinary , /tmp/tmpxft_0006e416_00000000-51_attention_head.sm_52.cubin /tmp/tmpxft_0006e416_00000000-22_attention_head.ptx  , /tmp/tmpxft_0006e416_00000000-19_attention_head.fatbin ,  , nvcc , 14.9860 , ms
src/forward/Kernel/attention_head.cu , gcc (compiling) ,   , /tmp/tmpxft_0006e416_00000000-52_attention_head.o , compute_52 , nvcc , 806.2990 , ms
src/forward/Kernel/interface.cu , gcc (preprocessing 4) , src/forward/Kernel/interface.cu  , /tmp/tmpxft_0006e416_00000000-25_interface.cpp4.ii ,  , nvcc , 180.3090 , ms
src/forward/Kernel/interface.cu , cudafe++ , /tmp/tmpxft_0006e416_00000000-25_interface.cpp4.ii  , /tmp/tmpxft_0006e416_00000000-26_interface.cudafe1.cpp , compute_52 , nvcc , 830.5570 , ms
src/forward/Kernel/interface.cu , gcc (preprocessing 1) , src/forward/Kernel/interface.cu  , /tmp/tmpxft_0006e416_00000000-53_interface.cpp1.ii , compute_52 , nvcc , 164.8550 , ms
src/forward/Kernel/interface.cu , cicc ,  /tmp/tmpxft_0006e416_00000000-53_interface.cpp1.ii  , /tmp/tmpxft_0006e416_00000000-26_interface.ptx , compute_52 , nvcc , 725.6000 , ms
src/forward/Kernel/interface.cu , ptxas , /tmp/tmpxft_0006e416_00000000-26_interface.ptx  , /tmp/tmpxft_0006e416_00000000-54_interface.sm_52.cubin , sm_52 , nvcc , 109.7380 , ms
src/forward/Kernel/interface.cu , fatbinary , /tmp/tmpxft_0006e416_00000000-54_interface.sm_52.cubin /tmp/tmpxft_0006e416_00000000-26_interface.ptx  , /tmp/tmpxft_0006e416_00000000-23_interface.fatbin ,  , nvcc , 15.1330 , ms
src/forward/Kernel/interface.cu , gcc (compiling) ,   , /tmp/tmpxft_0006e416_00000000-55_interface.o , compute_52 , nvcc , 736.8330 , ms
src/backpropagation/Kernel/interface_back.cu , gcc (preprocessing 4) , src/backpropagation/Kernel/interface_back.cu  , /tmp/tmpxft_0006e416_00000000-29_interface_back.cpp4.ii ,  , nvcc , 254.3650 , ms
src/backpropagation/Kernel/interface_back.cu , cudafe++ , /tmp/tmpxft_0006e416_00000000-29_interface_back.cpp4.ii  , /tmp/tmpxft_0006e416_00000000-30_interface_back.cudafe1.cpp , compute_52 , nvcc , 2018.2120 , ms
src/backpropagation/Kernel/interface_back.cu , gcc (preprocessing 1) , src/backpropagation/Kernel/interface_back.cu  , /tmp/tmpxft_0006e416_00000000-56_interface_back.cpp1.ii , compute_52 , nvcc , 229.7680 , ms
src/backpropagation/Kernel/interface_back.cu , cicc ,  /tmp/tmpxft_0006e416_00000000-56_interface_back.cpp1.ii  , /tmp/tmpxft_0006e416_00000000-30_interface_back.ptx , compute_52 , nvcc , 2444.2200 , ms
src/backpropagation/Kernel/interface_back.cu , ptxas , /tmp/tmpxft_0006e416_00000000-30_interface_back.ptx  , /tmp/tmpxft_0006e416_00000000-57_interface_back.sm_52.cubin , sm_52 , nvcc , 121.0880 , ms
src/backpropagation/Kernel/interface_back.cu , fatbinary , /tmp/tmpxft_0006e416_00000000-57_interface_back.sm_52.cubin /tmp/tmpxft_0006e416_00000000-30_interface_back.ptx  , /tmp/tmpxft_0006e416_00000000-27_interface_back.fatbin ,  , nvcc , 15.5570 , ms
src/backpropagation/Kernel/interface_back.cu , gcc (compiling) ,   , /tmp/tmpxft_0006e416_00000000-58_interface_back.o , compute_52 , nvcc , 2157.6001 , ms
src/backpropagation/Kernel/flash_attention.cu , gcc (preprocessing 4) , src/backpropagation/Kernel/flash_attention.cu  , /tmp/tmpxft_0006e416_00000000-33_flash_attention.cpp4.ii ,  , nvcc , 212.9920 , ms
src/backpropagation/Kernel/flash_attention.cu , cudafe++ , /tmp/tmpxft_0006e416_00000000-33_flash_attention.cpp4.ii  , /tmp/tmpxft_0006e416_00000000-34_flash_attention.cudafe1.cpp , compute_52 , nvcc , 1033.1680 , ms
src/backpropagation/Kernel/flash_attention.cu , gcc (preprocessing 1) , src/backpropagation/Kernel/flash_attention.cu  , /tmp/tmpxft_0006e416_00000000-59_flash_attention.cpp1.ii , compute_52 , nvcc , 183.4700 , ms
src/backpropagation/Kernel/flash_attention.cu , cicc ,  /tmp/tmpxft_0006e416_00000000-59_flash_attention.cpp1.ii  , /tmp/tmpxft_0006e416_00000000-34_flash_attention.ptx , compute_52 , nvcc , 1113.9740 , ms
src/backpropagation/Kernel/flash_attention.cu , ptxas , /tmp/tmpxft_0006e416_00000000-34_flash_attention.ptx  , /tmp/tmpxft_0006e416_00000000-60_flash_attention.sm_52.cubin , sm_52 , nvcc , 218.9810 , ms
src/backpropagation/Kernel/flash_attention.cu , fatbinary , /tmp/tmpxft_0006e416_00000000-60_flash_attention.sm_52.cubin /tmp/tmpxft_0006e416_00000000-34_flash_attention.ptx  , /tmp/tmpxft_0006e416_00000000-31_flash_attention.fatbin ,  , nvcc , 18.9230 , ms
src/backpropagation/Kernel/flash_attention.cu , gcc (compiling) ,   , /tmp/tmpxft_0006e416_00000000-61_flash_attention.o , compute_52 , nvcc , 859.2710 , ms
src/main.cpp src/kernel/utils.cu src/forward/Kernel/layer_norm.cu src/forward/Kernel/embedding.cu src/forward/Kernel/linear.cu src/forward/Kernel/attention_head.cu src/forward/Kernel/interface.cu src/backpropagation/Kernel/interface_back.cu src/backpropagation/Kernel/flash_attention.cu  , nvlink , /tmp/tmpxft_0006e416_00000000-37_main.o /tmp/tmpxft_0006e416_00000000-40_utils.o /tmp/tmpxft_0006e416_00000000-43_layer_norm.o /tmp/tmpxft_0006e416_00000000-46_embedding.o /tmp/tmpxft_0006e416_00000000-49_linear.o /tmp/tmpxft_0006e416_00000000-52_attention_head.o /tmp/tmpxft_0006e416_00000000-55_interface.o /tmp/tmpxft_0006e416_00000000-58_interface_back.o /tmp/tmpxft_0006e416_00000000-61_flash_attention.o  , /tmp/tmpxft_0006e416_00000000-62_attention_dlink.sm_52.cubin , sm_52 , nvcc , 4.8490 , ms
src/main.cpp src/kernel/utils.cu src/forward/Kernel/layer_norm.cu src/forward/Kernel/embedding.cu src/forward/Kernel/linear.cu src/forward/Kernel/attention_head.cu src/forward/Kernel/interface.cu src/backpropagation/Kernel/interface_back.cu src/backpropagation/Kernel/flash_attention.cu  , fatbinary , /tmp/tmpxft_0006e416_00000000-62_attention_dlink.sm_52.cubin  , /tmp/tmpxft_0006e416_00000000-36_attention_dlink.fatbin ,  , nvcc , 1.0440 , ms
src/main.cpp src/kernel/utils.cu src/forward/Kernel/layer_norm.cu src/forward/Kernel/embedding.cu src/forward/Kernel/linear.cu src/forward/Kernel/attention_head.cu src/forward/Kernel/interface.cu src/backpropagation/Kernel/interface_back.cu src/backpropagation/Kernel/flash_attention.cu  , gcc (compiling) , /usr/lib/nvidia-cuda-toolkit/bin/crt/link.stub  , /tmp/tmpxft_0006e416_00000000-63_attention_dlink.o ,  , nvcc , 13.8310 , ms
src/main.cpp src/kernel/utils.cu src/forward/Kernel/layer_norm.cu src/forward/Kernel/embedding.cu src/forward/Kernel/linear.cu src/forward/Kernel/attention_head.cu src/forward/Kernel/interface.cu src/backpropagation/Kernel/interface_back.cu src/backpropagation/Kernel/flash_attention.cu  , gcc (linking) , /tmp/tmpxft_0006e416_00000000-63_attention_dlink.o /tmp/tmpxft_0006e416_00000000-37_main.o /tmp/tmpxft_0006e416_00000000-40_utils.o /tmp/tmpxft_0006e416_00000000-43_layer_norm.o /tmp/tmpxft_0006e416_00000000-46_embedding.o /tmp/tmpxft_0006e416_00000000-49_linear.o /tmp/tmpxft_0006e416_00000000-52_attention_head.o /tmp/tmpxft_0006e416_00000000-55_interface.o /tmp/tmpxft_0006e416_00000000-58_interface_back.o /tmp/tmpxft_0006e416_00000000-61_flash_attention.o  , src/bin/attention ,  , nvcc , 91.6560 , ms
 , nvcc (driver) ,  , src/bin/attention ,  , nvcc , 3.3672 , ms
src/main.cpp , gcc (compiling) , src/main.cpp  , /tmp/tmpxft_0006e6fb_00000000-37_main.o ,  , nvcc , 3176.3560 , ms
src/kernel/utils.cu , gcc (preprocessing 4) , src/kernel/utils.cu  , /tmp/tmpxft_0006e6fb_00000000-5_utils.cpp4.ii ,  , nvcc , 163.4480 , ms
src/kernel/utils.cu , cudafe++ , /tmp/tmpxft_0006e6fb_00000000-5_utils.cpp4.ii  , /tmp/tmpxft_0006e6fb_00000000-6_utils.cudafe1.cpp , compute_52 , nvcc , 736.0340 , ms
src/kernel/utils.cu , gcc (preprocessing 1) , src/kernel/utils.cu  , /tmp/tmpxft_0006e6fb_00000000-38_utils.cpp1.ii , compute_52 , nvcc , 140.3540 , ms
src/kernel/utils.cu , cicc ,  /tmp/tmpxft_0006e6fb_00000000-38_utils.cpp1.ii  , /tmp/tmpxft_0006e6fb_00000000-6_utils.ptx , compute_52 , nvcc , 678.3450 , ms
src/kernel/utils.cu , ptxas , /tmp/tmpxft_0006e6fb_00000000-6_utils.ptx  , /tmp/tmpxft_0006e6fb_00000000-39_utils.sm_52.cubin , sm_52 , nvcc , 103.6180 , ms
src/kernel/utils.cu , fatbinary , /tmp/tmpxft_0006e6fb_00000000-39_utils.sm_52.cubin /tmp/tmpxft_0006e6fb_00000000-6_utils.ptx  , /tmp/tmpxft_0006e6fb_00000000-3_utils.fatbin ,  , nvcc , 14.0450 , ms
src/kernel/utils.cu , gcc (compiling) ,   , /tmp/tmpxft_0006e6fb_00000000-40_utils.o , compute_52 , nvcc , 712.8890 , ms
src/forward/Kernel/layer_norm.cu , gcc (preprocessing 4) , src/forward/Kernel/layer_norm.cu  , /tmp/tmpxft_0006e6fb_00000000-9_layer_norm.cpp4.ii ,  , nvcc , 173.9570 , ms
src/forward/Kernel/layer_norm.cu , cudafe++ , /tmp/tmpxft_0006e6fb_00000000-9_layer_norm.cpp4.ii  , /tmp/tmpxft_0006e6fb_00000000-10_layer_norm.cudafe1.cpp , compute_52 , nvcc , 760.3550 , ms
src/forward/Kernel/layer_norm.cu , gcc (preprocessing 1) , src/forward/Kernel/layer_norm.cu  , /tmp/tmpxft_0006e6fb_00000000-41_layer_norm.cpp1.ii , compute_52 , nvcc , 135.8620 , ms
src/forward/Kernel/layer_norm.cu , cicc ,  /tmp/tmpxft_0006e6fb_00000000-41_layer_norm.cpp1.ii  , /tmp/tmpxft_0006e6fb_00000000-10_layer_norm.ptx , compute_52 , nvcc , 748.9120 , ms
src/forward/Kernel/layer_norm.cu , ptxas , /tmp/tmpxft_0006e6fb_00000000-10_layer_norm.ptx  , /tmp/tmpxft_0006e6fb_00000000-42_layer_norm.sm_52.cubin , sm_52 , nvcc , 124.1580 , ms
src/forward/Kernel/layer_norm.cu , fatbinary , /tmp/tmpxft_0006e6fb_00000000-42_layer_norm.sm_52.cubin /tmp/tmpxft_0006e6fb_00000000-10_layer_norm.ptx  , /tmp/tmpxft_0006e6fb_00000000-7_layer_norm.fatbin ,  , nvcc , 13.7430 , ms
src/forward/Kernel/layer_norm.cu , gcc (compiling) ,   , /tmp/tmpxft_0006e6fb_00000000-43_layer_norm.o , compute_52 , nvcc , 653.7480 , ms
src/forward/Kernel/embedding.cu , gcc (preprocessing 4) , src/forward/Kernel/embedding.cu  , /tmp/tmpxft_0006e6fb_00000000-13_embedding.cpp4.ii ,  , nvcc , 173.3800 , ms
src/forward/Kernel/embedding.cu , cudafe++ , /tmp/tmpxft_0006e6fb_00000000-13_embedding.cpp4.ii  , /tmp/tmpxft_0006e6fb_00000000-14_embedding.cudafe1.cpp , compute_52 , nvcc , 753.7910 , ms
src/forward/Kernel/embedding.cu , gcc (preprocessing 1) , src/forward/Kernel/embedding.cu  , /tmp/tmpxft_0006e6fb_00000000-44_embedding.cpp1.ii , compute_52 , nvcc , 146.1010 , ms
src/forward/Kernel/embedding.cu , cicc ,  /tmp/tmpxft_0006e6fb_00000000-44_embedding.cpp1.ii  , /tmp/tmpxft_0006e6fb_00000000-14_embedding.ptx , compute_52 , nvcc , 719.6020 , ms
src/forward/Kernel/embedding.cu , ptxas , /tmp/tmpxft_0006e6fb_00000000-14_embedding.ptx  , /tmp/tmpxft_0006e6fb_00000000-45_embedding.sm_52.cubin , sm_52 , nvcc , 115.2310 , ms
src/forward/Kernel/embedding.cu , fatbinary , /tmp/tmpxft_0006e6fb_00000000-45_embedding.sm_52.cubin /tmp/tmpxft_0006e6fb_00000000-14_embedding.ptx  , /tmp/tmpxft_0006e6fb_00000000-11_embedding.fatbin ,  , nvcc , 16.3810 , ms
src/forward/Kernel/embedding.cu , gcc (compiling) ,   , /tmp/tmpxft_0006e6fb_00000000-46_embedding.o , compute_52 , nvcc , 681.6940 , ms
src/forward/Kernel/linear.cu , gcc (preprocessing 4) , src/forward/Kernel/linear.cu  , /tmp/tmpxft_0006e6fb_00000000-17_linear.cpp4.ii ,  , nvcc , 159.8670 , ms
src/forward/Kernel/linear.cu , cudafe++ , /tmp/tmpxft_0006e6fb_00000000-17_linear.cpp4.ii  , /tmp/tmpxft_0006e6fb_00000000-18_linear.cudafe1.cpp , compute_52 , nvcc , 736.8910 , ms
src/forward/Kernel/linear.cu , gcc (preprocessing 1) , src/forward/Kernel/linear.cu  , /tmp/tmpxft_0006e6fb_00000000-47_linear.cpp1.ii , compute_52 , nvcc , 143.6850 , ms
src/forward/Kernel/linear.cu , cicc ,  /tmp/tmpxft_0006e6fb_00000000-47_linear.cpp1.ii  , /tmp/tmpxft_0006e6fb_00000000-18_linear.ptx , compute_52 , nvcc , 783.3940 , ms
src/forward/Kernel/linear.cu , ptxas , /tmp/tmpxft_0006e6fb_00000000-18_linear.ptx  , /tmp/tmpxft_0006e6fb_00000000-48_linear.sm_52.cubin , sm_52 , nvcc , 132.9210 , ms
src/forward/Kernel/linear.cu , fatbinary , /tmp/tmpxft_0006e6fb_00000000-48_linear.sm_52.cubin /tmp/tmpxft_0006e6fb_00000000-18_linear.ptx  , /tmp/tmpxft_0006e6fb_00000000-15_linear.fatbin ,  , nvcc , 15.5410 , ms
src/forward/Kernel/linear.cu , gcc (compiling) ,   , /tmp/tmpxft_0006e6fb_00000000-49_linear.o , compute_52 , nvcc , 673.2700 , ms
src/forward/Kernel/attention_head.cu , gcc (preprocessing 4) , src/forward/Kernel/attention_head.cu  , /tmp/tmpxft_0006e6fb_00000000-21_attention_head.cpp4.ii ,  , nvcc , 168.3390 , ms
src/forward/Kernel/attention_head.cu , cudafe++ , /tmp/tmpxft_0006e6fb_00000000-21_attention_head.cpp4.ii  , /tmp/tmpxft_0006e6fb_00000000-22_attention_head.cudafe1.cpp , compute_52 , nvcc , 772.0990 , ms
src/forward/Kernel/attention_head.cu , gcc (preprocessing 1) , src/forward/Kernel/attention_head.cu  , /tmp/tmpxft_0006e6fb_00000000-50_attention_head.cpp1.ii , compute_52 , nvcc , 137.2410 , ms
src/forward/Kernel/attention_head.cu , cicc ,  /tmp/tmpxft_0006e6fb_00000000-50_attention_head.cpp1.ii  , /tmp/tmpxft_0006e6fb_00000000-22_attention_head.ptx , compute_52 , nvcc , 758.5830 , ms
src/forward/Kernel/attention_head.cu , ptxas , /tmp/tmpxft_0006e6fb_00000000-22_attention_head.ptx  , /tmp/tmpxft_0006e6fb_00000000-51_attention_head.sm_52.cubin , sm_52 , nvcc , 145.5820 , ms
src/forward/Kernel/attention_head.cu , fatbinary , /tmp/tmpxft_0006e6fb_00000000-51_attention_head.sm_52.cubin /tmp/tmpxft_0006e6fb_00000000-22_attention_head.ptx  , /tmp/tmpxft_0006e6fb_00000000-19_attention_head.fatbin ,  , nvcc , 15.4040 , ms
src/forward/Kernel/attention_head.cu , gcc (compiling) ,   , /tmp/tmpxft_0006e6fb_00000000-52_attention_head.o , compute_52 , nvcc , 690.3410 , ms
src/forward/Kernel/interface.cu , gcc (preprocessing 4) , src/forward/Kernel/interface.cu  , /tmp/tmpxft_0006e6fb_00000000-25_interface.cpp4.ii ,  , nvcc , 166.0210 , ms
src/forward/Kernel/interface.cu , cudafe++ , /tmp/tmpxft_0006e6fb_00000000-25_interface.cpp4.ii  , /tmp/tmpxft_0006e6fb_00000000-26_interface.cudafe1.cpp , compute_52 , nvcc , 771.6610 , ms
src/forward/Kernel/interface.cu , gcc (preprocessing 1) , src/forward/Kernel/interface.cu  , /tmp/tmpxft_0006e6fb_00000000-53_interface.cpp1.ii , compute_52 , nvcc , 143.9000 , ms
src/forward/Kernel/interface.cu , cicc ,  /tmp/tmpxft_0006e6fb_00000000-53_interface.cpp1.ii  , /tmp/tmpxft_0006e6fb_00000000-26_interface.ptx , compute_52 , nvcc , 758.7620 , ms
src/forward/Kernel/interface.cu , ptxas , /tmp/tmpxft_0006e6fb_00000000-26_interface.ptx  , /tmp/tmpxft_0006e6fb_00000000-54_interface.sm_52.cubin , sm_52 , nvcc , 94.6770 , ms
src/forward/Kernel/interface.cu , fatbinary , /tmp/tmpxft_0006e6fb_00000000-54_interface.sm_52.cubin /tmp/tmpxft_0006e6fb_00000000-26_interface.ptx  , /tmp/tmpxft_0006e6fb_00000000-23_interface.fatbin ,  , nvcc , 13.7370 , ms
src/forward/Kernel/interface.cu , gcc (compiling) ,   , /tmp/tmpxft_0006e6fb_00000000-55_interface.o , compute_52 , nvcc , 728.9130 , ms
src/backpropagation/Kernel/interface_back.cu , gcc (preprocessing 4) , src/backpropagation/Kernel/interface_back.cu  , /tmp/tmpxft_0006e6fb_00000000-29_interface_back.cpp4.ii ,  , nvcc , 230.9670 , ms
src/backpropagation/Kernel/interface_back.cu , cudafe++ , /tmp/tmpxft_0006e6fb_00000000-29_interface_back.cpp4.ii  , /tmp/tmpxft_0006e6fb_00000000-30_interface_back.cudafe1.cpp , compute_52 , nvcc , 1881.9510 , ms
src/backpropagation/Kernel/interface_back.cu , gcc (preprocessing 1) , src/backpropagation/Kernel/interface_back.cu  , /tmp/tmpxft_0006e6fb_00000000-56_interface_back.cpp1.ii , compute_52 , nvcc , 213.3010 , ms
src/backpropagation/Kernel/interface_back.cu , cicc ,  /tmp/tmpxft_0006e6fb_00000000-56_interface_back.cpp1.ii  , /tmp/tmpxft_0006e6fb_00000000-30_interface_back.ptx , compute_52 , nvcc , 2166.1531 , ms
src/backpropagation/Kernel/interface_back.cu , ptxas , /tmp/tmpxft_0006e6fb_00000000-30_interface_back.ptx  , /tmp/tmpxft_0006e6fb_00000000-57_interface_back.sm_52.cubin , sm_52 , nvcc , 109.7670 , ms
src/backpropagation/Kernel/interface_back.cu , fatbinary , /tmp/tmpxft_0006e6fb_00000000-57_interface_back.sm_52.cubin /tmp/tmpxft_0006e6fb_00000000-30_interface_back.ptx  , /tmp/tmpxft_0006e6fb_00000000-27_interface_back.fatbin ,  , nvcc , 14.1220 , ms
src/backpropagation/Kernel/interface_back.cu , gcc (compiling) ,   , /tmp/tmpxft_0006e6fb_00000000-58_interface_back.o , compute_52 , nvcc , 1914.2220 , ms
src/backpropagation/Kernel/flash_attention.cu , gcc (preprocessing 4) , src/backpropagation/Kernel/flash_attention.cu  , /tmp/tmpxft_0006e6fb_00000000-33_flash_attention.cpp4.ii ,  , nvcc , 191.1440 , ms
src/backpropagation/Kernel/flash_attention.cu , cudafe++ , /tmp/tmpxft_0006e6fb_00000000-33_flash_attention.cpp4.ii  , /tmp/tmpxft_0006e6fb_00000000-34_flash_attention.cudafe1.cpp , compute_52 , nvcc , 752.4960 , ms
src/backpropagation/Kernel/flash_attention.cu , gcc (preprocessing 1) , src/backpropagation/Kernel/flash_attention.cu  , /tmp/tmpxft_0006e6fb_00000000-59_flash_attention.cpp1.ii , compute_52 , nvcc , 152.9930 , ms
src/backpropagation/Kernel/flash_attention.cu , cicc ,  /tmp/tmpxft_0006e6fb_00000000-59_flash_attention.cpp1.ii  , /tmp/tmpxft_0006e6fb_00000000-34_flash_attention.ptx , compute_52 , nvcc , 701.4760 , ms
src/backpropagation/Kernel/flash_attention.cu , ptxas , /tmp/tmpxft_0006e6fb_00000000-34_flash_attention.ptx  , /tmp/tmpxft_0006e6fb_00000000-60_flash_attention.sm_52.cubin , sm_52 , nvcc , 117.4860 , ms
src/backpropagation/Kernel/flash_attention.cu , fatbinary , /tmp/tmpxft_0006e6fb_00000000-60_flash_attention.sm_52.cubin /tmp/tmpxft_0006e6fb_00000000-34_flash_attention.ptx  , /tmp/tmpxft_0006e6fb_00000000-31_flash_attention.fatbin ,  , nvcc , 14.2910 , ms
src/backpropagation/Kernel/flash_attention.cu , gcc (compiling) ,   , /tmp/tmpxft_0006e6fb_00000000-61_flash_attention.o , compute_52 , nvcc , 718.5140 , ms
src/main.cpp src/kernel/utils.cu src/forward/Kernel/layer_norm.cu src/forward/Kernel/embedding.cu src/forward/Kernel/linear.cu src/forward/Kernel/attention_head.cu src/forward/Kernel/interface.cu src/backpropagation/Kernel/interface_back.cu src/backpropagation/Kernel/flash_attention.cu  , nvlink , /tmp/tmpxft_0006e6fb_00000000-37_main.o /tmp/tmpxft_0006e6fb_00000000-40_utils.o /tmp/tmpxft_0006e6fb_00000000-43_layer_norm.o /tmp/tmpxft_0006e6fb_00000000-46_embedding.o /tmp/tmpxft_0006e6fb_00000000-49_linear.o /tmp/tmpxft_0006e6fb_00000000-52_attention_head.o /tmp/tmpxft_0006e6fb_00000000-55_interface.o /tmp/tmpxft_0006e6fb_00000000-58_interface_back.o /tmp/tmpxft_0006e6fb_00000000-61_flash_attention.o  , /tmp/tmpxft_0006e6fb_00000000-62_attention_dlink.sm_52.cubin , sm_52 , nvcc , 5.8980 , ms
src/main.cpp src/kernel/utils.cu src/forward/Kernel/layer_norm.cu src/forward/Kernel/embedding.cu src/forward/Kernel/linear.cu src/forward/Kernel/attention_head.cu src/forward/Kernel/interface.cu src/backpropagation/Kernel/interface_back.cu src/backpropagation/Kernel/flash_attention.cu  , fatbinary , /tmp/tmpxft_0006e6fb_00000000-62_attention_dlink.sm_52.cubin  , /tmp/tmpxft_0006e6fb_00000000-36_attention_dlink.fatbin ,  , nvcc , 0.9950 , ms
src/main.cpp src/kernel/utils.cu src/forward/Kernel/layer_norm.cu src/forward/Kernel/embedding.cu src/forward/Kernel/linear.cu src/forward/Kernel/attention_head.cu src/forward/Kernel/interface.cu src/backpropagation/Kernel/interface_back.cu src/backpropagation/Kernel/flash_attention.cu  , gcc (compiling) , /usr/lib/nvidia-cuda-toolkit/bin/crt/link.stub  , /tmp/tmpxft_0006e6fb_00000000-63_attention_dlink.o ,  , nvcc , 13.9040 , ms
src/main.cpp src/kernel/utils.cu src/forward/Kernel/layer_norm.cu src/forward/Kernel/embedding.cu src/forward/Kernel/linear.cu src/forward/Kernel/attention_head.cu src/forward/Kernel/interface.cu src/backpropagation/Kernel/interface_back.cu src/backpropagation/Kernel/flash_attention.cu  , gcc (linking) , /tmp/tmpxft_0006e6fb_00000000-63_attention_dlink.o /tmp/tmpxft_0006e6fb_00000000-37_main.o /tmp/tmpxft_0006e6fb_00000000-40_utils.o /tmp/tmpxft_0006e6fb_00000000-43_layer_norm.o /tmp/tmpxft_0006e6fb_00000000-46_embedding.o /tmp/tmpxft_0006e6fb_00000000-49_linear.o /tmp/tmpxft_0006e6fb_00000000-52_attention_head.o /tmp/tmpxft_0006e6fb_00000000-55_interface.o /tmp/tmpxft_0006e6fb_00000000-58_interface_back.o /tmp/tmpxft_0006e6fb_00000000-61_flash_attention.o  , src/bin/attention ,  , nvcc , 84.6860 , ms
 , nvcc (driver) ,  , src/bin/attention ,  , nvcc , 2.8477 , ms
src/main.cpp , gcc (compiling) , src/main.cpp  , /tmp/tmpxft_0006e8a5_00000000-37_main.o ,  , nvcc , 3097.5320 , ms
src/kernel/utils.cu , gcc (preprocessing 4) , src/kernel/utils.cu  , /tmp/tmpxft_0006e8a5_00000000-5_utils.cpp4.ii ,  , nvcc , 219.9730 , ms
src/kernel/utils.cu , cudafe++ , /tmp/tmpxft_0006e8a5_00000000-5_utils.cpp4.ii  , /tmp/tmpxft_0006e8a5_00000000-6_utils.cudafe1.cpp , compute_52 , nvcc , 827.4650 , ms
src/kernel/utils.cu , gcc (preprocessing 1) , src/kernel/utils.cu  , /tmp/tmpxft_0006e8a5_00000000-38_utils.cpp1.ii , compute_52 , nvcc , 135.0130 , ms
src/kernel/utils.cu , cicc ,  /tmp/tmpxft_0006e8a5_00000000-38_utils.cpp1.ii  , /tmp/tmpxft_0006e8a5_00000000-6_utils.ptx , compute_52 , nvcc , 677.9650 , ms
src/kernel/utils.cu , ptxas , /tmp/tmpxft_0006e8a5_00000000-6_utils.ptx  , /tmp/tmpxft_0006e8a5_00000000-39_utils.sm_52.cubin , sm_52 , nvcc , 99.1930 , ms
src/kernel/utils.cu , fatbinary , /tmp/tmpxft_0006e8a5_00000000-39_utils.sm_52.cubin /tmp/tmpxft_0006e8a5_00000000-6_utils.ptx  , /tmp/tmpxft_0006e8a5_00000000-3_utils.fatbin ,  , nvcc , 13.3710 , ms
src/kernel/utils.cu , gcc (compiling) ,   , /tmp/tmpxft_0006e8a5_00000000-40_utils.o , compute_52 , nvcc , 755.4810 , ms
src/forward/Kernel/layer_norm.cu , gcc (preprocessing 4) , src/forward/Kernel/layer_norm.cu  , /tmp/tmpxft_0006e8a5_00000000-9_layer_norm.cpp4.ii ,  , nvcc , 170.7440 , ms
src/forward/Kernel/layer_norm.cu , cudafe++ , /tmp/tmpxft_0006e8a5_00000000-9_layer_norm.cpp4.ii  , /tmp/tmpxft_0006e8a5_00000000-10_layer_norm.cudafe1.cpp , compute_52 , nvcc , 887.0080 , ms
src/forward/Kernel/layer_norm.cu , gcc (preprocessing 1) , src/forward/Kernel/layer_norm.cu  , /tmp/tmpxft_0006e8a5_00000000-41_layer_norm.cpp1.ii , compute_52 , nvcc , 167.9720 , ms
src/forward/Kernel/layer_norm.cu , cicc ,  /tmp/tmpxft_0006e8a5_00000000-41_layer_norm.cpp1.ii  , /tmp/tmpxft_0006e8a5_00000000-10_layer_norm.ptx , compute_52 , nvcc , 796.0090 , ms
src/forward/Kernel/layer_norm.cu , ptxas , /tmp/tmpxft_0006e8a5_00000000-10_layer_norm.ptx  , /tmp/tmpxft_0006e8a5_00000000-42_layer_norm.sm_52.cubin , sm_52 , nvcc , 129.2340 , ms
src/forward/Kernel/layer_norm.cu , fatbinary , /tmp/tmpxft_0006e8a5_00000000-42_layer_norm.sm_52.cubin /tmp/tmpxft_0006e8a5_00000000-10_layer_norm.ptx  , /tmp/tmpxft_0006e8a5_00000000-7_layer_norm.fatbin ,  , nvcc , 15.0390 , ms
src/forward/Kernel/layer_norm.cu , gcc (compiling) ,   , /tmp/tmpxft_0006e8a5_00000000-43_layer_norm.o , compute_52 , nvcc , 737.9700 , ms
src/forward/Kernel/embedding.cu , gcc (preprocessing 4) , src/forward/Kernel/embedding.cu  , /tmp/tmpxft_0006e8a5_00000000-13_embedding.cpp4.ii ,  , nvcc , 188.6100 , ms
src/forward/Kernel/embedding.cu , cudafe++ , /tmp/tmpxft_0006e8a5_00000000-13_embedding.cpp4.ii  , /tmp/tmpxft_0006e8a5_00000000-14_embedding.cudafe1.cpp , compute_52 , nvcc , 864.8850 , ms
src/forward/Kernel/embedding.cu , gcc (preprocessing 1) , src/forward/Kernel/embedding.cu  , /tmp/tmpxft_0006e8a5_00000000-44_embedding.cpp1.ii , compute_52 , nvcc , 151.1010 , ms
src/forward/Kernel/embedding.cu , cicc ,  /tmp/tmpxft_0006e8a5_00000000-44_embedding.cpp1.ii  , /tmp/tmpxft_0006e8a5_00000000-14_embedding.ptx , compute_52 , nvcc , 819.0250 , ms
src/forward/Kernel/embedding.cu , ptxas , /tmp/tmpxft_0006e8a5_00000000-14_embedding.ptx  , /tmp/tmpxft_0006e8a5_00000000-45_embedding.sm_52.cubin , sm_52 , nvcc , 131.5400 , ms
src/forward/Kernel/embedding.cu , fatbinary , /tmp/tmpxft_0006e8a5_00000000-45_embedding.sm_52.cubin /tmp/tmpxft_0006e8a5_00000000-14_embedding.ptx  , /tmp/tmpxft_0006e8a5_00000000-11_embedding.fatbin ,  , nvcc , 14.7980 , ms
src/forward/Kernel/embedding.cu , gcc (compiling) ,   , /tmp/tmpxft_0006e8a5_00000000-46_embedding.o , compute_52 , nvcc , 739.3810 , ms
src/forward/Kernel/linear.cu , gcc (preprocessing 4) , src/forward/Kernel/linear.cu  , /tmp/tmpxft_0006e8a5_00000000-17_linear.cpp4.ii ,  , nvcc , 173.5360 , ms
src/forward/Kernel/linear.cu , cudafe++ , /tmp/tmpxft_0006e8a5_00000000-17_linear.cpp4.ii  , /tmp/tmpxft_0006e8a5_00000000-18_linear.cudafe1.cpp , compute_52 , nvcc , 810.8580 , ms
src/forward/Kernel/linear.cu , gcc (preprocessing 1) , src/forward/Kernel/linear.cu  , /tmp/tmpxft_0006e8a5_00000000-47_linear.cpp1.ii , compute_52 , nvcc , 164.2180 , ms
src/forward/Kernel/linear.cu , cicc ,  /tmp/tmpxft_0006e8a5_00000000-47_linear.cpp1.ii  , /tmp/tmpxft_0006e8a5_00000000-18_linear.ptx , compute_52 , nvcc , 836.4690 , ms
src/forward/Kernel/linear.cu , ptxas , /tmp/tmpxft_0006e8a5_00000000-18_linear.ptx  , /tmp/tmpxft_0006e8a5_00000000-48_linear.sm_52.cubin , sm_52 , nvcc , 138.6890 , ms
src/forward/Kernel/linear.cu , fatbinary , /tmp/tmpxft_0006e8a5_00000000-48_linear.sm_52.cubin /tmp/tmpxft_0006e8a5_00000000-18_linear.ptx  , /tmp/tmpxft_0006e8a5_00000000-15_linear.fatbin ,  , nvcc , 14.9630 , ms
src/forward/Kernel/linear.cu , gcc (compiling) ,   , /tmp/tmpxft_0006e8a5_00000000-49_linear.o , compute_52 , nvcc , 722.1170 , ms
src/forward/Kernel/attention_head.cu , gcc (preprocessing 4) , src/forward/Kernel/attention_head.cu  , /tmp/tmpxft_0006e8a5_00000000-21_attention_head.cpp4.ii ,  , nvcc , 181.6200 , ms
src/forward/Kernel/attention_head.cu , cudafe++ , /tmp/tmpxft_0006e8a5_00000000-21_attention_head.cpp4.ii  , /tmp/tmpxft_0006e8a5_00000000-22_attention_head.cudafe1.cpp , compute_52 , nvcc , 834.7990 , ms
src/forward/Kernel/attention_head.cu , gcc (preprocessing 1) , src/forward/Kernel/attention_head.cu  , /tmp/tmpxft_0006e8a5_00000000-50_attention_head.cpp1.ii , compute_52 , nvcc , 145.5930 , ms
src/forward/Kernel/attention_head.cu , cicc ,  /tmp/tmpxft_0006e8a5_00000000-50_attention_head.cpp1.ii  , /tmp/tmpxft_0006e8a5_00000000-22_attention_head.ptx , compute_52 , nvcc , 743.8140 , ms
src/forward/Kernel/attention_head.cu , ptxas , /tmp/tmpxft_0006e8a5_00000000-22_attention_head.ptx  , /tmp/tmpxft_0006e8a5_00000000-51_attention_head.sm_52.cubin , sm_52 , nvcc , 140.6100 , ms
src/forward/Kernel/attention_head.cu , fatbinary , /tmp/tmpxft_0006e8a5_00000000-51_attention_head.sm_52.cubin /tmp/tmpxft_0006e8a5_00000000-22_attention_head.ptx  , /tmp/tmpxft_0006e8a5_00000000-19_attention_head.fatbin ,  , nvcc , 14.0280 , ms
src/forward/Kernel/attention_head.cu , gcc (compiling) ,   , /tmp/tmpxft_0006e8a5_00000000-52_attention_head.o , compute_52 , nvcc , 835.8310 , ms
src/forward/Kernel/interface.cu , gcc (preprocessing 4) , src/forward/Kernel/interface.cu  , /tmp/tmpxft_0006e8a5_00000000-25_interface.cpp4.ii ,  , nvcc , 180.8630 , ms
src/forward/Kernel/interface.cu , cudafe++ , /tmp/tmpxft_0006e8a5_00000000-25_interface.cpp4.ii  , /tmp/tmpxft_0006e8a5_00000000-26_interface.cudafe1.cpp , compute_52 , nvcc , 816.4680 , ms
src/forward/Kernel/interface.cu , gcc (preprocessing 1) , src/forward/Kernel/interface.cu  , /tmp/tmpxft_0006e8a5_00000000-53_interface.cpp1.ii , compute_52 , nvcc , 154.2790 , ms
src/forward/Kernel/interface.cu , cicc ,  /tmp/tmpxft_0006e8a5_00000000-53_interface.cpp1.ii  , /tmp/tmpxft_0006e8a5_00000000-26_interface.ptx , compute_52 , nvcc , 709.2600 , ms
src/forward/Kernel/interface.cu , ptxas , /tmp/tmpxft_0006e8a5_00000000-26_interface.ptx  , /tmp/tmpxft_0006e8a5_00000000-54_interface.sm_52.cubin , sm_52 , nvcc , 97.5670 , ms
src/forward/Kernel/interface.cu , fatbinary , /tmp/tmpxft_0006e8a5_00000000-54_interface.sm_52.cubin /tmp/tmpxft_0006e8a5_00000000-26_interface.ptx  , /tmp/tmpxft_0006e8a5_00000000-23_interface.fatbin ,  , nvcc , 14.3780 , ms
src/forward/Kernel/interface.cu , gcc (compiling) ,   , /tmp/tmpxft_0006e8a5_00000000-55_interface.o , compute_52 , nvcc , 729.0690 , ms
src/backpropagation/Kernel/interface_back.cu , gcc (preprocessing 4) , src/backpropagation/Kernel/interface_back.cu  , /tmp/tmpxft_0006e8a5_00000000-29_interface_back.cpp4.ii ,  , nvcc , 238.6080 , ms
src/backpropagation/Kernel/interface_back.cu , cudafe++ , /tmp/tmpxft_0006e8a5_00000000-29_interface_back.cpp4.ii  , /tmp/tmpxft_0006e8a5_00000000-30_interface_back.cudafe1.cpp , compute_52 , nvcc , 1878.9030 , ms
src/backpropagation/Kernel/interface_back.cu , gcc (preprocessing 1) , src/backpropagation/Kernel/interface_back.cu  , /tmp/tmpxft_0006e8a5_00000000-56_interface_back.cpp1.ii , compute_52 , nvcc , 235.3710 , ms
src/backpropagation/Kernel/interface_back.cu , cicc ,  /tmp/tmpxft_0006e8a5_00000000-56_interface_back.cpp1.ii  , /tmp/tmpxft_0006e8a5_00000000-30_interface_back.ptx , compute_52 , nvcc , 2232.7571 , ms
src/backpropagation/Kernel/interface_back.cu , ptxas , /tmp/tmpxft_0006e8a5_00000000-30_interface_back.ptx  , /tmp/tmpxft_0006e8a5_00000000-57_interface_back.sm_52.cubin , sm_52 , nvcc , 113.7470 , ms
src/backpropagation/Kernel/interface_back.cu , fatbinary , /tmp/tmpxft_0006e8a5_00000000-57_interface_back.sm_52.cubin /tmp/tmpxft_0006e8a5_00000000-30_interface_back.ptx  , /tmp/tmpxft_0006e8a5_00000000-27_interface_back.fatbin ,  , nvcc , 13.8980 , ms
src/backpropagation/Kernel/interface_back.cu , gcc (compiling) ,   , /tmp/tmpxft_0006e8a5_00000000-58_interface_back.o , compute_52 , nvcc , 1860.9020 , ms
src/backpropagation/Kernel/flash_attention.cu , gcc (preprocessing 4) , src/backpropagation/Kernel/flash_attention.cu  , /tmp/tmpxft_0006e8a5_00000000-33_flash_attention.cpp4.ii ,  , nvcc , 183.0910 , ms
src/backpropagation/Kernel/flash_attention.cu , cudafe++ , /tmp/tmpxft_0006e8a5_00000000-33_flash_attention.cpp4.ii  , /tmp/tmpxft_0006e8a5_00000000-34_flash_attention.cudafe1.cpp , compute_52 , nvcc , 801.3430 , ms
src/backpropagation/Kernel/flash_attention.cu , gcc (preprocessing 1) , src/backpropagation/Kernel/flash_attention.cu  , /tmp/tmpxft_0006e8a5_00000000-59_flash_attention.cpp1.ii , compute_52 , nvcc , 150.5730 , ms
src/backpropagation/Kernel/flash_attention.cu , cicc ,  /tmp/tmpxft_0006e8a5_00000000-59_flash_attention.cpp1.ii  , /tmp/tmpxft_0006e8a5_00000000-34_flash_attention.ptx , compute_52 , nvcc , 718.8040 , ms
src/backpropagation/Kernel/flash_attention.cu , ptxas , /tmp/tmpxft_0006e8a5_00000000-34_flash_attention.ptx  , /tmp/tmpxft_0006e8a5_00000000-60_flash_attention.sm_52.cubin , sm_52 , nvcc , 117.5690 , ms
src/backpropagation/Kernel/flash_attention.cu , fatbinary , /tmp/tmpxft_0006e8a5_00000000-60_flash_attention.sm_52.cubin /tmp/tmpxft_0006e8a5_00000000-34_flash_attention.ptx  , /tmp/tmpxft_0006e8a5_00000000-31_flash_attention.fatbin ,  , nvcc , 14.4940 , ms
src/backpropagation/Kernel/flash_attention.cu , gcc (compiling) ,   , /tmp/tmpxft_0006e8a5_00000000-61_flash_attention.o , compute_52 , nvcc , 650.5020 , ms
src/main.cpp src/kernel/utils.cu src/forward/Kernel/layer_norm.cu src/forward/Kernel/embedding.cu src/forward/Kernel/linear.cu src/forward/Kernel/attention_head.cu src/forward/Kernel/interface.cu src/backpropagation/Kernel/interface_back.cu src/backpropagation/Kernel/flash_attention.cu  , nvlink , /tmp/tmpxft_0006e8a5_00000000-37_main.o /tmp/tmpxft_0006e8a5_00000000-40_utils.o /tmp/tmpxft_0006e8a5_00000000-43_layer_norm.o /tmp/tmpxft_0006e8a5_00000000-46_embedding.o /tmp/tmpxft_0006e8a5_00000000-49_linear.o /tmp/tmpxft_0006e8a5_00000000-52_attention_head.o /tmp/tmpxft_0006e8a5_00000000-55_interface.o /tmp/tmpxft_0006e8a5_00000000-58_interface_back.o /tmp/tmpxft_0006e8a5_00000000-61_flash_attention.o  , /tmp/tmpxft_0006e8a5_00000000-62_attention_dlink.sm_52.cubin , sm_52 , nvcc , 5.3430 , ms
src/main.cpp src/kernel/utils.cu src/forward/Kernel/layer_norm.cu src/forward/Kernel/embedding.cu src/forward/Kernel/linear.cu src/forward/Kernel/attention_head.cu src/forward/Kernel/interface.cu src/backpropagation/Kernel/interface_back.cu src/backpropagation/Kernel/flash_attention.cu  , fatbinary , /tmp/tmpxft_0006e8a5_00000000-62_attention_dlink.sm_52.cubin  , /tmp/tmpxft_0006e8a5_00000000-36_attention_dlink.fatbin ,  , nvcc , 1.0030 , ms
src/main.cpp src/kernel/utils.cu src/forward/Kernel/layer_norm.cu src/forward/Kernel/embedding.cu src/forward/Kernel/linear.cu src/forward/Kernel/attention_head.cu src/forward/Kernel/interface.cu src/backpropagation/Kernel/interface_back.cu src/backpropagation/Kernel/flash_attention.cu  , gcc (compiling) , /usr/lib/nvidia-cuda-toolkit/bin/crt/link.stub  , /tmp/tmpxft_0006e8a5_00000000-63_attention_dlink.o ,  , nvcc , 13.4910 , ms
src/main.cpp src/kernel/utils.cu src/forward/Kernel/layer_norm.cu src/forward/Kernel/embedding.cu src/forward/Kernel/linear.cu src/forward/Kernel/attention_head.cu src/forward/Kernel/interface.cu src/backpropagation/Kernel/interface_back.cu src/backpropagation/Kernel/flash_attention.cu  , gcc (linking) , /tmp/tmpxft_0006e8a5_00000000-63_attention_dlink.o /tmp/tmpxft_0006e8a5_00000000-37_main.o /tmp/tmpxft_0006e8a5_00000000-40_utils.o /tmp/tmpxft_0006e8a5_00000000-43_layer_norm.o /tmp/tmpxft_0006e8a5_00000000-46_embedding.o /tmp/tmpxft_0006e8a5_00000000-49_linear.o /tmp/tmpxft_0006e8a5_00000000-52_attention_head.o /tmp/tmpxft_0006e8a5_00000000-55_interface.o /tmp/tmpxft_0006e8a5_00000000-58_interface_back.o /tmp/tmpxft_0006e8a5_00000000-61_flash_attention.o  , src/bin/attention ,  , nvcc , 89.6070 , ms
 , nvcc (driver) ,  , src/bin/attention ,  , nvcc , 3.1348 , ms
src/main.cpp , gcc (compiling) , src/main.cpp  , /tmp/tmpxft_0006f70d_00000000-37_main.o ,  , nvcc , 2922.6660 , ms
src/kernel/utils.cu , gcc (preprocessing 4) , src/kernel/utils.cu  , /tmp/tmpxft_0006f70d_00000000-5_utils.cpp4.ii ,  , nvcc , 163.7960 , ms
src/kernel/utils.cu , cudafe++ , /tmp/tmpxft_0006f70d_00000000-5_utils.cpp4.ii  , /tmp/tmpxft_0006f70d_00000000-6_utils.cudafe1.cpp , compute_52 , nvcc , 765.6230 , ms
src/kernel/utils.cu , gcc (preprocessing 1) , src/kernel/utils.cu  , /tmp/tmpxft_0006f70d_00000000-38_utils.cpp1.ii , compute_52 , nvcc , 134.8310 , ms
src/kernel/utils.cu , cicc ,  /tmp/tmpxft_0006f70d_00000000-38_utils.cpp1.ii  , /tmp/tmpxft_0006f70d_00000000-6_utils.ptx , compute_52 , nvcc , 718.9160 , ms
src/kernel/utils.cu , ptxas , /tmp/tmpxft_0006f70d_00000000-6_utils.ptx  , /tmp/tmpxft_0006f70d_00000000-39_utils.sm_52.cubin , sm_52 , nvcc , 101.6510 , ms
src/kernel/utils.cu , fatbinary , /tmp/tmpxft_0006f70d_00000000-39_utils.sm_52.cubin /tmp/tmpxft_0006f70d_00000000-6_utils.ptx  , /tmp/tmpxft_0006f70d_00000000-3_utils.fatbin ,  , nvcc , 14.2340 , ms
src/kernel/utils.cu , gcc (compiling) ,   , /tmp/tmpxft_0006f70d_00000000-40_utils.o , compute_52 , nvcc , 672.9060 , ms
src/forward/Kernel/layer_norm.cu , gcc (preprocessing 4) , src/forward/Kernel/layer_norm.cu  , /tmp/tmpxft_0006f70d_00000000-9_layer_norm.cpp4.ii ,  , nvcc , 157.7870 , ms
src/forward/Kernel/layer_norm.cu , cudafe++ , /tmp/tmpxft_0006f70d_00000000-9_layer_norm.cpp4.ii  , /tmp/tmpxft_0006f70d_00000000-10_layer_norm.cudafe1.cpp , compute_52 , nvcc , 716.1800 , ms
src/forward/Kernel/layer_norm.cu , gcc (preprocessing 1) , src/forward/Kernel/layer_norm.cu  , /tmp/tmpxft_0006f70d_00000000-41_layer_norm.cpp1.ii , compute_52 , nvcc , 140.7020 , ms
src/forward/Kernel/layer_norm.cu , cicc ,  /tmp/tmpxft_0006f70d_00000000-41_layer_norm.cpp1.ii  , /tmp/tmpxft_0006f70d_00000000-10_layer_norm.ptx , compute_52 , nvcc , 735.1510 , ms
src/forward/Kernel/layer_norm.cu , ptxas , /tmp/tmpxft_0006f70d_00000000-10_layer_norm.ptx  , /tmp/tmpxft_0006f70d_00000000-42_layer_norm.sm_52.cubin , sm_52 , nvcc , 117.8110 , ms
src/forward/Kernel/layer_norm.cu , fatbinary , /tmp/tmpxft_0006f70d_00000000-42_layer_norm.sm_52.cubin /tmp/tmpxft_0006f70d_00000000-10_layer_norm.ptx  , /tmp/tmpxft_0006f70d_00000000-7_layer_norm.fatbin ,  , nvcc , 14.1620 , ms
src/forward/Kernel/layer_norm.cu , gcc (compiling) ,   , /tmp/tmpxft_0006f70d_00000000-43_layer_norm.o , compute_52 , nvcc , 657.9550 , ms
src/forward/Kernel/embedding.cu , gcc (preprocessing 4) , src/forward/Kernel/embedding.cu  , /tmp/tmpxft_0006f70d_00000000-13_embedding.cpp4.ii ,  , nvcc , 152.4280 , ms
src/forward/Kernel/embedding.cu , cudafe++ , /tmp/tmpxft_0006f70d_00000000-13_embedding.cpp4.ii  , /tmp/tmpxft_0006f70d_00000000-14_embedding.cudafe1.cpp , compute_52 , nvcc , 751.5310 , ms
src/forward/Kernel/embedding.cu , gcc (preprocessing 1) , src/forward/Kernel/embedding.cu  , /tmp/tmpxft_0006f70d_00000000-44_embedding.cpp1.ii , compute_52 , nvcc , 135.2270 , ms
src/forward/Kernel/embedding.cu , cicc ,  /tmp/tmpxft_0006f70d_00000000-44_embedding.cpp1.ii  , /tmp/tmpxft_0006f70d_00000000-14_embedding.ptx , compute_52 , nvcc , 720.2280 , ms
src/forward/Kernel/embedding.cu , ptxas , /tmp/tmpxft_0006f70d_00000000-14_embedding.ptx  , /tmp/tmpxft_0006f70d_00000000-45_embedding.sm_52.cubin , sm_52 , nvcc , 116.1830 , ms
src/forward/Kernel/embedding.cu , fatbinary , /tmp/tmpxft_0006f70d_00000000-45_embedding.sm_52.cubin /tmp/tmpxft_0006f70d_00000000-14_embedding.ptx  , /tmp/tmpxft_0006f70d_00000000-11_embedding.fatbin ,  , nvcc , 14.0170 , ms
src/forward/Kernel/embedding.cu , gcc (compiling) ,   , /tmp/tmpxft_0006f70d_00000000-46_embedding.o , compute_52 , nvcc , 700.0320 , ms
src/forward/Kernel/linear.cu , gcc (preprocessing 4) , src/forward/Kernel/linear.cu  , /tmp/tmpxft_0006f70d_00000000-17_linear.cpp4.ii ,  , nvcc , 155.0970 , ms
src/forward/Kernel/linear.cu , cudafe++ , /tmp/tmpxft_0006f70d_00000000-17_linear.cpp4.ii  , /tmp/tmpxft_0006f70d_00000000-18_linear.cudafe1.cpp , compute_52 , nvcc , 741.1800 , ms
src/forward/Kernel/linear.cu , gcc (preprocessing 1) , src/forward/Kernel/linear.cu  , /tmp/tmpxft_0006f70d_00000000-47_linear.cpp1.ii , compute_52 , nvcc , 148.8360 , ms
src/forward/Kernel/linear.cu , cicc ,  /tmp/tmpxft_0006f70d_00000000-47_linear.cpp1.ii  , /tmp/tmpxft_0006f70d_00000000-18_linear.ptx , compute_52 , nvcc , 806.0180 , ms
src/forward/Kernel/linear.cu , ptxas , /tmp/tmpxft_0006f70d_00000000-18_linear.ptx  , /tmp/tmpxft_0006f70d_00000000-48_linear.sm_52.cubin , sm_52 , nvcc , 118.0840 , ms
src/forward/Kernel/linear.cu , fatbinary , /tmp/tmpxft_0006f70d_00000000-48_linear.sm_52.cubin /tmp/tmpxft_0006f70d_00000000-18_linear.ptx  , /tmp/tmpxft_0006f70d_00000000-15_linear.fatbin ,  , nvcc , 13.9160 , ms
src/forward/Kernel/linear.cu , gcc (compiling) ,   , /tmp/tmpxft_0006f70d_00000000-49_linear.o , compute_52 , nvcc , 681.6290 , ms
src/forward/Kernel/attention_head.cu , gcc (preprocessing 4) , src/forward/Kernel/attention_head.cu  , /tmp/tmpxft_0006f70d_00000000-21_attention_head.cpp4.ii ,  , nvcc , 159.1950 , ms
src/forward/Kernel/attention_head.cu , cudafe++ , /tmp/tmpxft_0006f70d_00000000-21_attention_head.cpp4.ii  , /tmp/tmpxft_0006f70d_00000000-22_attention_head.cudafe1.cpp , compute_52 , nvcc , 753.5510 , ms
src/forward/Kernel/attention_head.cu , gcc (preprocessing 1) , src/forward/Kernel/attention_head.cu  , /tmp/tmpxft_0006f70d_00000000-50_attention_head.cpp1.ii , compute_52 , nvcc , 143.8740 , ms
src/forward/Kernel/attention_head.cu , cicc ,  /tmp/tmpxft_0006f70d_00000000-50_attention_head.cpp1.ii  , /tmp/tmpxft_0006f70d_00000000-22_attention_head.ptx , compute_52 , nvcc , 771.9770 , ms
src/forward/Kernel/attention_head.cu , ptxas , /tmp/tmpxft_0006f70d_00000000-22_attention_head.ptx  , /tmp/tmpxft_0006f70d_00000000-51_attention_head.sm_52.cubin , sm_52 , nvcc , 144.2030 , ms
src/forward/Kernel/attention_head.cu , fatbinary , /tmp/tmpxft_0006f70d_00000000-51_attention_head.sm_52.cubin /tmp/tmpxft_0006f70d_00000000-22_attention_head.ptx  , /tmp/tmpxft_0006f70d_00000000-19_attention_head.fatbin ,  , nvcc , 14.4460 , ms
src/forward/Kernel/attention_head.cu , gcc (compiling) ,   , /tmp/tmpxft_0006f70d_00000000-52_attention_head.o , compute_52 , nvcc , 673.4050 , ms
src/forward/Kernel/interface.cu , gcc (preprocessing 4) , src/forward/Kernel/interface.cu  , /tmp/tmpxft_0006f70d_00000000-25_interface.cpp4.ii ,  , nvcc , 170.7140 , ms
src/forward/Kernel/interface.cu , cudafe++ , /tmp/tmpxft_0006f70d_00000000-25_interface.cpp4.ii  , /tmp/tmpxft_0006f70d_00000000-26_interface.cudafe1.cpp , compute_52 , nvcc , 778.3690 , ms
src/forward/Kernel/interface.cu , gcc (preprocessing 1) , src/forward/Kernel/interface.cu  , /tmp/tmpxft_0006f70d_00000000-53_interface.cpp1.ii , compute_52 , nvcc , 143.1110 , ms
src/forward/Kernel/interface.cu , cicc ,  /tmp/tmpxft_0006f70d_00000000-53_interface.cpp1.ii  , /tmp/tmpxft_0006f70d_00000000-26_interface.ptx , compute_52 , nvcc , 680.5990 , ms
src/forward/Kernel/interface.cu , ptxas , /tmp/tmpxft_0006f70d_00000000-26_interface.ptx  , /tmp/tmpxft_0006f70d_00000000-54_interface.sm_52.cubin , sm_52 , nvcc , 99.1670 , ms
src/forward/Kernel/interface.cu , fatbinary , /tmp/tmpxft_0006f70d_00000000-54_interface.sm_52.cubin /tmp/tmpxft_0006f70d_00000000-26_interface.ptx  , /tmp/tmpxft_0006f70d_00000000-23_interface.fatbin ,  , nvcc , 13.7650 , ms
src/forward/Kernel/interface.cu , gcc (compiling) ,   , /tmp/tmpxft_0006f70d_00000000-55_interface.o , compute_52 , nvcc , 676.7410 , ms
src/backpropagation/Kernel/interface_back.cu , gcc (preprocessing 4) , src/backpropagation/Kernel/interface_back.cu  , /tmp/tmpxft_0006f70d_00000000-29_interface_back.cpp4.ii ,  , nvcc , 231.9510 , ms
src/backpropagation/Kernel/interface_back.cu , cudafe++ , /tmp/tmpxft_0006f70d_00000000-29_interface_back.cpp4.ii  , /tmp/tmpxft_0006f70d_00000000-30_interface_back.cudafe1.cpp , compute_52 , nvcc , 1882.4430 , ms
src/backpropagation/Kernel/interface_back.cu , gcc (preprocessing 1) , src/backpropagation/Kernel/interface_back.cu  , /tmp/tmpxft_0006f70d_00000000-56_interface_back.cpp1.ii , compute_52 , nvcc , 253.8390 , ms
src/backpropagation/Kernel/interface_back.cu , cicc ,  /tmp/tmpxft_0006f70d_00000000-56_interface_back.cpp1.ii  , /tmp/tmpxft_0006f70d_00000000-30_interface_back.ptx , compute_52 , nvcc , 2156.0950 , ms
src/backpropagation/Kernel/interface_back.cu , ptxas , /tmp/tmpxft_0006f70d_00000000-30_interface_back.ptx  , /tmp/tmpxft_0006f70d_00000000-57_interface_back.sm_52.cubin , sm_52 , nvcc , 107.3670 , ms
src/backpropagation/Kernel/interface_back.cu , fatbinary , /tmp/tmpxft_0006f70d_00000000-57_interface_back.sm_52.cubin /tmp/tmpxft_0006f70d_00000000-30_interface_back.ptx  , /tmp/tmpxft_0006f70d_00000000-27_interface_back.fatbin ,  , nvcc , 13.6970 , ms
src/backpropagation/Kernel/interface_back.cu , gcc (compiling) ,   , /tmp/tmpxft_0006f70d_00000000-58_interface_back.o , compute_52 , nvcc , 1885.1410 , ms
src/backpropagation/Kernel/flash_attention.cu , gcc (preprocessing 4) , src/backpropagation/Kernel/flash_attention.cu  , /tmp/tmpxft_0006f70d_00000000-33_flash_attention.cpp4.ii ,  , nvcc , 162.6550 , ms
src/backpropagation/Kernel/flash_attention.cu , cudafe++ , /tmp/tmpxft_0006f70d_00000000-33_flash_attention.cpp4.ii  , /tmp/tmpxft_0006f70d_00000000-34_flash_attention.cudafe1.cpp , compute_52 , nvcc , 772.0050 , ms
src/backpropagation/Kernel/flash_attention.cu , gcc (preprocessing 1) , src/backpropagation/Kernel/flash_attention.cu  , /tmp/tmpxft_0006f70d_00000000-59_flash_attention.cpp1.ii , compute_52 , nvcc , 145.2180 , ms
src/backpropagation/Kernel/flash_attention.cu , cicc ,  /tmp/tmpxft_0006f70d_00000000-59_flash_attention.cpp1.ii  , /tmp/tmpxft_0006f70d_00000000-34_flash_attention.ptx , compute_52 , nvcc , 728.0370 , ms
src/backpropagation/Kernel/flash_attention.cu , ptxas , /tmp/tmpxft_0006f70d_00000000-34_flash_attention.ptx  , /tmp/tmpxft_0006f70d_00000000-60_flash_attention.sm_52.cubin , sm_52 , nvcc , 129.8720 , ms
src/backpropagation/Kernel/flash_attention.cu , fatbinary , /tmp/tmpxft_0006f70d_00000000-60_flash_attention.sm_52.cubin /tmp/tmpxft_0006f70d_00000000-34_flash_attention.ptx  , /tmp/tmpxft_0006f70d_00000000-31_flash_attention.fatbin ,  , nvcc , 14.7660 , ms
src/backpropagation/Kernel/flash_attention.cu , gcc (compiling) ,   , /tmp/tmpxft_0006f70d_00000000-61_flash_attention.o , compute_52 , nvcc , 660.8220 , ms
src/main.cpp src/kernel/utils.cu src/forward/Kernel/layer_norm.cu src/forward/Kernel/embedding.cu src/forward/Kernel/linear.cu src/forward/Kernel/attention_head.cu src/forward/Kernel/interface.cu src/backpropagation/Kernel/interface_back.cu src/backpropagation/Kernel/flash_attention.cu  , nvlink , /tmp/tmpxft_0006f70d_00000000-37_main.o /tmp/tmpxft_0006f70d_00000000-40_utils.o /tmp/tmpxft_0006f70d_00000000-43_layer_norm.o /tmp/tmpxft_0006f70d_00000000-46_embedding.o /tmp/tmpxft_0006f70d_00000000-49_linear.o /tmp/tmpxft_0006f70d_00000000-52_attention_head.o /tmp/tmpxft_0006f70d_00000000-55_interface.o /tmp/tmpxft_0006f70d_00000000-58_interface_back.o /tmp/tmpxft_0006f70d_00000000-61_flash_attention.o  , /tmp/tmpxft_0006f70d_00000000-62_attention_dlink.sm_52.cubin , sm_52 , nvcc , 5.1250 , ms
src/main.cpp src/kernel/utils.cu src/forward/Kernel/layer_norm.cu src/forward/Kernel/embedding.cu src/forward/Kernel/linear.cu src/forward/Kernel/attention_head.cu src/forward/Kernel/interface.cu src/backpropagation/Kernel/interface_back.cu src/backpropagation/Kernel/flash_attention.cu  , fatbinary , /tmp/tmpxft_0006f70d_00000000-62_attention_dlink.sm_52.cubin  , /tmp/tmpxft_0006f70d_00000000-36_attention_dlink.fatbin ,  , nvcc , 1.0160 , ms
src/main.cpp src/kernel/utils.cu src/forward/Kernel/layer_norm.cu src/forward/Kernel/embedding.cu src/forward/Kernel/linear.cu src/forward/Kernel/attention_head.cu src/forward/Kernel/interface.cu src/backpropagation/Kernel/interface_back.cu src/backpropagation/Kernel/flash_attention.cu  , gcc (compiling) , /usr/lib/nvidia-cuda-toolkit/bin/crt/link.stub  , /tmp/tmpxft_0006f70d_00000000-63_attention_dlink.o ,  , nvcc , 13.6870 , ms
src/main.cpp src/kernel/utils.cu src/forward/Kernel/layer_norm.cu src/forward/Kernel/embedding.cu src/forward/Kernel/linear.cu src/forward/Kernel/attention_head.cu src/forward/Kernel/interface.cu src/backpropagation/Kernel/interface_back.cu src/backpropagation/Kernel/flash_attention.cu  , gcc (linking) , /tmp/tmpxft_0006f70d_00000000-63_attention_dlink.o /tmp/tmpxft_0006f70d_00000000-37_main.o /tmp/tmpxft_0006f70d_00000000-40_utils.o /tmp/tmpxft_0006f70d_00000000-43_layer_norm.o /tmp/tmpxft_0006f70d_00000000-46_embedding.o /tmp/tmpxft_0006f70d_00000000-49_linear.o /tmp/tmpxft_0006f70d_00000000-52_attention_head.o /tmp/tmpxft_0006f70d_00000000-55_interface.o /tmp/tmpxft_0006f70d_00000000-58_interface_back.o /tmp/tmpxft_0006f70d_00000000-61_flash_attention.o  , src/bin/attention ,  , nvcc , 85.0600 , ms
 , nvcc (driver) ,  , src/bin/attention ,  , nvcc , 3.2188 , ms
src/main.cpp , gcc (compiling) , src/main.cpp  , /tmp/tmpxft_00070966_00000000-37_main.o ,  , nvcc , 2976.5381 , ms
src/kernel/utils.cu , gcc (preprocessing 4) , src/kernel/utils.cu  , /tmp/tmpxft_00070966_00000000-5_utils.cpp4.ii ,  , nvcc , 173.5060 , ms
src/kernel/utils.cu , cudafe++ , /tmp/tmpxft_00070966_00000000-5_utils.cpp4.ii  , /tmp/tmpxft_00070966_00000000-6_utils.cudafe1.cpp , compute_52 , nvcc , 775.5160 , ms
src/kernel/utils.cu , gcc (preprocessing 1) , src/kernel/utils.cu  , /tmp/tmpxft_00070966_00000000-38_utils.cpp1.ii , compute_52 , nvcc , 142.8230 , ms
src/kernel/utils.cu , cicc ,  /tmp/tmpxft_00070966_00000000-38_utils.cpp1.ii  , /tmp/tmpxft_00070966_00000000-6_utils.ptx , compute_52 , nvcc , 676.5300 , ms
src/kernel/utils.cu , ptxas , /tmp/tmpxft_00070966_00000000-6_utils.ptx  , /tmp/tmpxft_00070966_00000000-39_utils.sm_52.cubin , sm_52 , nvcc , 104.2320 , ms
src/kernel/utils.cu , fatbinary , /tmp/tmpxft_00070966_00000000-39_utils.sm_52.cubin /tmp/tmpxft_00070966_00000000-6_utils.ptx  , /tmp/tmpxft_00070966_00000000-3_utils.fatbin ,  , nvcc , 13.8820 , ms
src/kernel/utils.cu , gcc (compiling) ,   , /tmp/tmpxft_00070966_00000000-40_utils.o , compute_52 , nvcc , 654.5950 , ms
src/forward/Kernel/layer_norm.cu , gcc (preprocessing 4) , src/forward/Kernel/layer_norm.cu  , /tmp/tmpxft_00070966_00000000-9_layer_norm.cpp4.ii ,  , nvcc , 164.2840 , ms
src/forward/Kernel/layer_norm.cu , cudafe++ , /tmp/tmpxft_00070966_00000000-9_layer_norm.cpp4.ii  , /tmp/tmpxft_00070966_00000000-10_layer_norm.cudafe1.cpp , compute_52 , nvcc , 736.7290 , ms
src/forward/Kernel/layer_norm.cu , gcc (preprocessing 1) , src/forward/Kernel/layer_norm.cu  , /tmp/tmpxft_00070966_00000000-41_layer_norm.cpp1.ii , compute_52 , nvcc , 141.7620 , ms
src/forward/Kernel/layer_norm.cu , cicc ,  /tmp/tmpxft_00070966_00000000-41_layer_norm.cpp1.ii  , /tmp/tmpxft_00070966_00000000-10_layer_norm.ptx , compute_52 , nvcc , 677.6730 , ms
src/forward/Kernel/layer_norm.cu , ptxas , /tmp/tmpxft_00070966_00000000-10_layer_norm.ptx  , /tmp/tmpxft_00070966_00000000-42_layer_norm.sm_52.cubin , sm_52 , nvcc , 114.3960 , ms
src/forward/Kernel/layer_norm.cu , fatbinary , /tmp/tmpxft_00070966_00000000-42_layer_norm.sm_52.cubin /tmp/tmpxft_00070966_00000000-10_layer_norm.ptx  , /tmp/tmpxft_00070966_00000000-7_layer_norm.fatbin ,  , nvcc , 13.8170 , ms
src/forward/Kernel/layer_norm.cu , gcc (compiling) ,   , /tmp/tmpxft_00070966_00000000-43_layer_norm.o , compute_52 , nvcc , 658.6030 , ms
src/forward/Kernel/embedding.cu , gcc (preprocessing 4) , src/forward/Kernel/embedding.cu  , /tmp/tmpxft_00070966_00000000-13_embedding.cpp4.ii ,  , nvcc , 170.0680 , ms
src/forward/Kernel/embedding.cu , cudafe++ , /tmp/tmpxft_00070966_00000000-13_embedding.cpp4.ii  , /tmp/tmpxft_00070966_00000000-14_embedding.cudafe1.cpp , compute_52 , nvcc , 757.0210 , ms
src/forward/Kernel/embedding.cu , gcc (preprocessing 1) , src/forward/Kernel/embedding.cu  , /tmp/tmpxft_00070966_00000000-44_embedding.cpp1.ii , compute_52 , nvcc , 142.1630 , ms
src/forward/Kernel/embedding.cu , cicc ,  /tmp/tmpxft_00070966_00000000-44_embedding.cpp1.ii  , /tmp/tmpxft_00070966_00000000-14_embedding.ptx , compute_52 , nvcc , 760.7640 , ms
src/forward/Kernel/embedding.cu , ptxas , /tmp/tmpxft_00070966_00000000-14_embedding.ptx  , /tmp/tmpxft_00070966_00000000-45_embedding.sm_52.cubin , sm_52 , nvcc , 110.2630 , ms
src/forward/Kernel/embedding.cu , fatbinary , /tmp/tmpxft_00070966_00000000-45_embedding.sm_52.cubin /tmp/tmpxft_00070966_00000000-14_embedding.ptx  , /tmp/tmpxft_00070966_00000000-11_embedding.fatbin ,  , nvcc , 13.7550 , ms
src/forward/Kernel/embedding.cu , gcc (compiling) ,   , /tmp/tmpxft_00070966_00000000-46_embedding.o , compute_52 , nvcc , 659.7200 , ms
src/forward/Kernel/linear.cu , gcc (preprocessing 4) , src/forward/Kernel/linear.cu  , /tmp/tmpxft_00070966_00000000-17_linear.cpp4.ii ,  , nvcc , 160.1350 , ms
src/forward/Kernel/linear.cu , cudafe++ , /tmp/tmpxft_00070966_00000000-17_linear.cpp4.ii  , /tmp/tmpxft_00070966_00000000-18_linear.cudafe1.cpp , compute_52 , nvcc , 727.0910 , ms
src/forward/Kernel/linear.cu , gcc (preprocessing 1) , src/forward/Kernel/linear.cu  , /tmp/tmpxft_00070966_00000000-47_linear.cpp1.ii , compute_52 , nvcc , 143.8520 , ms
src/forward/Kernel/linear.cu , cicc ,  /tmp/tmpxft_00070966_00000000-47_linear.cpp1.ii  , /tmp/tmpxft_00070966_00000000-18_linear.ptx , compute_52 , nvcc , 754.1440 , ms
src/forward/Kernel/linear.cu , ptxas , /tmp/tmpxft_00070966_00000000-18_linear.ptx  , /tmp/tmpxft_00070966_00000000-48_linear.sm_52.cubin , sm_52 , nvcc , 124.3850 , ms
src/forward/Kernel/linear.cu , fatbinary , /tmp/tmpxft_00070966_00000000-48_linear.sm_52.cubin /tmp/tmpxft_00070966_00000000-18_linear.ptx  , /tmp/tmpxft_00070966_00000000-15_linear.fatbin ,  , nvcc , 13.9400 , ms
src/forward/Kernel/linear.cu , gcc (compiling) ,   , /tmp/tmpxft_00070966_00000000-49_linear.o , compute_52 , nvcc , 647.1010 , ms
src/forward/Kernel/attention_head.cu , gcc (preprocessing 4) , src/forward/Kernel/attention_head.cu  , /tmp/tmpxft_00070966_00000000-21_attention_head.cpp4.ii ,  , nvcc , 164.8230 , ms
src/forward/Kernel/attention_head.cu , cudafe++ , /tmp/tmpxft_00070966_00000000-21_attention_head.cpp4.ii  , /tmp/tmpxft_00070966_00000000-22_attention_head.cudafe1.cpp , compute_52 , nvcc , 806.4110 , ms
src/forward/Kernel/attention_head.cu , gcc (preprocessing 1) , src/forward/Kernel/attention_head.cu  , /tmp/tmpxft_00070966_00000000-50_attention_head.cpp1.ii , compute_52 , nvcc , 150.3240 , ms
src/forward/Kernel/attention_head.cu , cicc ,  /tmp/tmpxft_00070966_00000000-50_attention_head.cpp1.ii  , /tmp/tmpxft_00070966_00000000-22_attention_head.ptx , compute_52 , nvcc , 804.6220 , ms
src/forward/Kernel/attention_head.cu , ptxas , /tmp/tmpxft_00070966_00000000-22_attention_head.ptx  , /tmp/tmpxft_00070966_00000000-51_attention_head.sm_52.cubin , sm_52 , nvcc , 136.4350 , ms
src/forward/Kernel/attention_head.cu , fatbinary , /tmp/tmpxft_00070966_00000000-51_attention_head.sm_52.cubin /tmp/tmpxft_00070966_00000000-22_attention_head.ptx  , /tmp/tmpxft_00070966_00000000-19_attention_head.fatbin ,  , nvcc , 14.7360 , ms
src/forward/Kernel/attention_head.cu , gcc (compiling) ,   , /tmp/tmpxft_00070966_00000000-52_attention_head.o , compute_52 , nvcc , 744.4160 , ms
src/forward/Kernel/interface.cu , gcc (preprocessing 4) , src/forward/Kernel/interface.cu  , /tmp/tmpxft_00070966_00000000-25_interface.cpp4.ii ,  , nvcc , 171.4090 , ms
src/forward/Kernel/interface.cu , cudafe++ , /tmp/tmpxft_00070966_00000000-25_interface.cpp4.ii  , /tmp/tmpxft_00070966_00000000-26_interface.cudafe1.cpp , compute_52 , nvcc , 736.4920 , ms
src/forward/Kernel/interface.cu , gcc (preprocessing 1) , src/forward/Kernel/interface.cu  , /tmp/tmpxft_00070966_00000000-53_interface.cpp1.ii , compute_52 , nvcc , 161.5050 , ms
src/forward/Kernel/interface.cu , cicc ,  /tmp/tmpxft_00070966_00000000-53_interface.cpp1.ii  , /tmp/tmpxft_00070966_00000000-26_interface.ptx , compute_52 , nvcc , 728.6900 , ms
src/forward/Kernel/interface.cu , ptxas , /tmp/tmpxft_00070966_00000000-26_interface.ptx  , /tmp/tmpxft_00070966_00000000-54_interface.sm_52.cubin , sm_52 , nvcc , 106.1890 , ms
src/forward/Kernel/interface.cu , fatbinary , /tmp/tmpxft_00070966_00000000-54_interface.sm_52.cubin /tmp/tmpxft_00070966_00000000-26_interface.ptx  , /tmp/tmpxft_00070966_00000000-23_interface.fatbin ,  , nvcc , 15.3000 , ms
src/forward/Kernel/interface.cu , gcc (compiling) ,   , /tmp/tmpxft_00070966_00000000-55_interface.o , compute_52 , nvcc , 688.6950 , ms
src/backpropagation/Kernel/interface_back.cu , gcc (preprocessing 4) , src/backpropagation/Kernel/interface_back.cu  , /tmp/tmpxft_00070966_00000000-29_interface_back.cpp4.ii ,  , nvcc , 269.8900 , ms
src/backpropagation/Kernel/interface_back.cu , cudafe++ , /tmp/tmpxft_00070966_00000000-29_interface_back.cpp4.ii  , /tmp/tmpxft_00070966_00000000-30_interface_back.cudafe1.cpp , compute_52 , nvcc , 1920.9709 , ms
src/backpropagation/Kernel/interface_back.cu , gcc (preprocessing 1) , src/backpropagation/Kernel/interface_back.cu  , /tmp/tmpxft_00070966_00000000-56_interface_back.cpp1.ii , compute_52 , nvcc , 216.1880 , ms
src/backpropagation/Kernel/interface_back.cu , cicc ,  /tmp/tmpxft_00070966_00000000-56_interface_back.cpp1.ii  , /tmp/tmpxft_00070966_00000000-30_interface_back.ptx , compute_52 , nvcc , 2155.7251 , ms
src/backpropagation/Kernel/interface_back.cu , ptxas , /tmp/tmpxft_00070966_00000000-30_interface_back.ptx  , /tmp/tmpxft_00070966_00000000-57_interface_back.sm_52.cubin , sm_52 , nvcc , 114.9650 , ms
src/backpropagation/Kernel/interface_back.cu , fatbinary , /tmp/tmpxft_00070966_00000000-57_interface_back.sm_52.cubin /tmp/tmpxft_00070966_00000000-30_interface_back.ptx  , /tmp/tmpxft_00070966_00000000-27_interface_back.fatbin ,  , nvcc , 13.9890 , ms
src/backpropagation/Kernel/interface_back.cu , gcc (compiling) ,   , /tmp/tmpxft_00070966_00000000-58_interface_back.o , compute_52 , nvcc , 1917.6940 , ms
src/backpropagation/Kernel/flash_attention.cu , gcc (preprocessing 4) , src/backpropagation/Kernel/flash_attention.cu  , /tmp/tmpxft_00070966_00000000-33_flash_attention.cpp4.ii ,  , nvcc , 178.4920 , ms
src/backpropagation/Kernel/flash_attention.cu , cudafe++ , /tmp/tmpxft_00070966_00000000-33_flash_attention.cpp4.ii  , /tmp/tmpxft_00070966_00000000-34_flash_attention.cudafe1.cpp , compute_52 , nvcc , 767.0370 , ms
src/backpropagation/Kernel/flash_attention.cu , gcc (preprocessing 1) , src/backpropagation/Kernel/flash_attention.cu  , /tmp/tmpxft_00070966_00000000-59_flash_attention.cpp1.ii , compute_52 , nvcc , 136.4450 , ms
src/backpropagation/Kernel/flash_attention.cu , cicc ,  /tmp/tmpxft_00070966_00000000-59_flash_attention.cpp1.ii  , /tmp/tmpxft_00070966_00000000-34_flash_attention.ptx , compute_52 , nvcc , 840.7710 , ms
src/backpropagation/Kernel/flash_attention.cu , ptxas , /tmp/tmpxft_00070966_00000000-34_flash_attention.ptx  , /tmp/tmpxft_00070966_00000000-60_flash_attention.sm_52.cubin , sm_52 , nvcc , 123.7090 , ms
src/backpropagation/Kernel/flash_attention.cu , fatbinary , /tmp/tmpxft_00070966_00000000-60_flash_attention.sm_52.cubin /tmp/tmpxft_00070966_00000000-34_flash_attention.ptx  , /tmp/tmpxft_00070966_00000000-31_flash_attention.fatbin ,  , nvcc , 14.7980 , ms
src/backpropagation/Kernel/flash_attention.cu , gcc (compiling) ,   , /tmp/tmpxft_00070966_00000000-61_flash_attention.o , compute_52 , nvcc , 710.7520 , ms
src/main.cpp src/kernel/utils.cu src/forward/Kernel/layer_norm.cu src/forward/Kernel/embedding.cu src/forward/Kernel/linear.cu src/forward/Kernel/attention_head.cu src/forward/Kernel/interface.cu src/backpropagation/Kernel/interface_back.cu src/backpropagation/Kernel/flash_attention.cu  , nvlink , /tmp/tmpxft_00070966_00000000-37_main.o /tmp/tmpxft_00070966_00000000-40_utils.o /tmp/tmpxft_00070966_00000000-43_layer_norm.o /tmp/tmpxft_00070966_00000000-46_embedding.o /tmp/tmpxft_00070966_00000000-49_linear.o /tmp/tmpxft_00070966_00000000-52_attention_head.o /tmp/tmpxft_00070966_00000000-55_interface.o /tmp/tmpxft_00070966_00000000-58_interface_back.o /tmp/tmpxft_00070966_00000000-61_flash_attention.o  , /tmp/tmpxft_00070966_00000000-62_attention_dlink.sm_52.cubin , sm_52 , nvcc , 5.0750 , ms
src/main.cpp src/kernel/utils.cu src/forward/Kernel/layer_norm.cu src/forward/Kernel/embedding.cu src/forward/Kernel/linear.cu src/forward/Kernel/attention_head.cu src/forward/Kernel/interface.cu src/backpropagation/Kernel/interface_back.cu src/backpropagation/Kernel/flash_attention.cu  , fatbinary , /tmp/tmpxft_00070966_00000000-62_attention_dlink.sm_52.cubin  , /tmp/tmpxft_00070966_00000000-36_attention_dlink.fatbin ,  , nvcc , 1.1490 , ms
src/main.cpp src/kernel/utils.cu src/forward/Kernel/layer_norm.cu src/forward/Kernel/embedding.cu src/forward/Kernel/linear.cu src/forward/Kernel/attention_head.cu src/forward/Kernel/interface.cu src/backpropagation/Kernel/interface_back.cu src/backpropagation/Kernel/flash_attention.cu  , gcc (compiling) , /usr/lib/nvidia-cuda-toolkit/bin/crt/link.stub  , /tmp/tmpxft_00070966_00000000-63_attention_dlink.o ,  , nvcc , 14.8850 , ms
src/main.cpp src/kernel/utils.cu src/forward/Kernel/layer_norm.cu src/forward/Kernel/embedding.cu src/forward/Kernel/linear.cu src/forward/Kernel/attention_head.cu src/forward/Kernel/interface.cu src/backpropagation/Kernel/interface_back.cu src/backpropagation/Kernel/flash_attention.cu  , gcc (linking) , /tmp/tmpxft_00070966_00000000-63_attention_dlink.o /tmp/tmpxft_00070966_00000000-37_main.o /tmp/tmpxft_00070966_00000000-40_utils.o /tmp/tmpxft_00070966_00000000-43_layer_norm.o /tmp/tmpxft_00070966_00000000-46_embedding.o /tmp/tmpxft_00070966_00000000-49_linear.o /tmp/tmpxft_00070966_00000000-52_attention_head.o /tmp/tmpxft_00070966_00000000-55_interface.o /tmp/tmpxft_00070966_00000000-58_interface_back.o /tmp/tmpxft_00070966_00000000-61_flash_attention.o  , src/bin/attention ,  , nvcc , 114.8240 , ms
 , nvcc (driver) ,  , src/bin/attention ,  , nvcc , 3.0820 , ms
src/main.cpp , gcc (compiling) , src/main.cpp  , /tmp/tmpxft_000713f0_00000000-37_main.o ,  , nvcc , 3298.5200 , ms
src/kernel/utils.cu , gcc (preprocessing 4) , src/kernel/utils.cu  , /tmp/tmpxft_000713f0_00000000-5_utils.cpp4.ii ,  , nvcc , 154.8480 , ms
src/kernel/utils.cu , cudafe++ , /tmp/tmpxft_000713f0_00000000-5_utils.cpp4.ii  , /tmp/tmpxft_000713f0_00000000-6_utils.cudafe1.cpp , compute_52 , nvcc , 771.9840 , ms
src/kernel/utils.cu , gcc (preprocessing 1) , src/kernel/utils.cu  , /tmp/tmpxft_000713f0_00000000-38_utils.cpp1.ii , compute_52 , nvcc , 136.7920 , ms
src/kernel/utils.cu , cicc ,  /tmp/tmpxft_000713f0_00000000-38_utils.cpp1.ii  , /tmp/tmpxft_000713f0_00000000-6_utils.ptx , compute_52 , nvcc , 721.1450 , ms
src/kernel/utils.cu , ptxas , /tmp/tmpxft_000713f0_00000000-6_utils.ptx  , /tmp/tmpxft_000713f0_00000000-39_utils.sm_52.cubin , sm_52 , nvcc , 108.8530 , ms
src/kernel/utils.cu , fatbinary , /tmp/tmpxft_000713f0_00000000-39_utils.sm_52.cubin /tmp/tmpxft_000713f0_00000000-6_utils.ptx  , /tmp/tmpxft_000713f0_00000000-3_utils.fatbin ,  , nvcc , 14.7250 , ms
src/kernel/utils.cu , gcc (compiling) ,   , /tmp/tmpxft_000713f0_00000000-40_utils.o , compute_52 , nvcc , 670.9470 , ms
src/forward/Kernel/layer_norm.cu , gcc (preprocessing 4) , src/forward/Kernel/layer_norm.cu  , /tmp/tmpxft_000713f0_00000000-9_layer_norm.cpp4.ii ,  , nvcc , 160.5330 , ms
src/forward/Kernel/layer_norm.cu , cudafe++ , /tmp/tmpxft_000713f0_00000000-9_layer_norm.cpp4.ii  , /tmp/tmpxft_000713f0_00000000-10_layer_norm.cudafe1.cpp , compute_52 , nvcc , 841.1230 , ms
src/forward/Kernel/layer_norm.cu , gcc (preprocessing 1) , src/forward/Kernel/layer_norm.cu  , /tmp/tmpxft_000713f0_00000000-41_layer_norm.cpp1.ii , compute_52 , nvcc , 160.0080 , ms
src/forward/Kernel/layer_norm.cu , cicc ,  /tmp/tmpxft_000713f0_00000000-41_layer_norm.cpp1.ii  , /tmp/tmpxft_000713f0_00000000-10_layer_norm.ptx , compute_52 , nvcc , 784.8460 , ms
src/forward/Kernel/layer_norm.cu , ptxas , /tmp/tmpxft_000713f0_00000000-10_layer_norm.ptx  , /tmp/tmpxft_000713f0_00000000-42_layer_norm.sm_52.cubin , sm_52 , nvcc , 132.1550 , ms
src/forward/Kernel/layer_norm.cu , fatbinary , /tmp/tmpxft_000713f0_00000000-42_layer_norm.sm_52.cubin /tmp/tmpxft_000713f0_00000000-10_layer_norm.ptx  , /tmp/tmpxft_000713f0_00000000-7_layer_norm.fatbin ,  , nvcc , 14.0510 , ms
src/forward/Kernel/layer_norm.cu , gcc (compiling) ,   , /tmp/tmpxft_000713f0_00000000-43_layer_norm.o , compute_52 , nvcc , 693.4360 , ms
src/forward/Kernel/embedding.cu , gcc (preprocessing 4) , src/forward/Kernel/embedding.cu  , /tmp/tmpxft_000713f0_00000000-13_embedding.cpp4.ii ,  , nvcc , 184.5380 , ms
src/forward/Kernel/embedding.cu , cudafe++ , /tmp/tmpxft_000713f0_00000000-13_embedding.cpp4.ii  , /tmp/tmpxft_000713f0_00000000-14_embedding.cudafe1.cpp , compute_52 , nvcc , 785.2890 , ms
src/forward/Kernel/embedding.cu , gcc (preprocessing 1) , src/forward/Kernel/embedding.cu  , /tmp/tmpxft_000713f0_00000000-44_embedding.cpp1.ii , compute_52 , nvcc , 135.2230 , ms
src/forward/Kernel/embedding.cu , cicc ,  /tmp/tmpxft_000713f0_00000000-44_embedding.cpp1.ii  , /tmp/tmpxft_000713f0_00000000-14_embedding.ptx , compute_52 , nvcc , 767.8630 , ms
src/forward/Kernel/embedding.cu , ptxas , /tmp/tmpxft_000713f0_00000000-14_embedding.ptx  , /tmp/tmpxft_000713f0_00000000-45_embedding.sm_52.cubin , sm_52 , nvcc , 129.2650 , ms
src/forward/Kernel/embedding.cu , fatbinary , /tmp/tmpxft_000713f0_00000000-45_embedding.sm_52.cubin /tmp/tmpxft_000713f0_00000000-14_embedding.ptx  , /tmp/tmpxft_000713f0_00000000-11_embedding.fatbin ,  , nvcc , 17.3310 , ms
src/forward/Kernel/embedding.cu , gcc (compiling) ,   , /tmp/tmpxft_000713f0_00000000-46_embedding.o , compute_52 , nvcc , 731.5990 , ms
src/forward/Kernel/linear.cu , gcc (preprocessing 4) , src/forward/Kernel/linear.cu  , /tmp/tmpxft_000713f0_00000000-17_linear.cpp4.ii ,  , nvcc , 183.2200 , ms
src/forward/Kernel/linear.cu , cudafe++ , /tmp/tmpxft_000713f0_00000000-17_linear.cpp4.ii  , /tmp/tmpxft_000713f0_00000000-18_linear.cudafe1.cpp , compute_52 , nvcc , 791.8990 , ms
src/forward/Kernel/linear.cu , gcc (preprocessing 1) , src/forward/Kernel/linear.cu  , /tmp/tmpxft_000713f0_00000000-47_linear.cpp1.ii , compute_52 , nvcc , 135.4610 , ms
src/forward/Kernel/linear.cu , cicc ,  /tmp/tmpxft_000713f0_00000000-47_linear.cpp1.ii  , /tmp/tmpxft_000713f0_00000000-18_linear.ptx , compute_52 , nvcc , 785.9540 , ms
src/forward/Kernel/linear.cu , ptxas , /tmp/tmpxft_000713f0_00000000-18_linear.ptx  , /tmp/tmpxft_000713f0_00000000-48_linear.sm_52.cubin , sm_52 , nvcc , 119.9330 , ms
src/forward/Kernel/linear.cu , fatbinary , /tmp/tmpxft_000713f0_00000000-48_linear.sm_52.cubin /tmp/tmpxft_000713f0_00000000-18_linear.ptx  , /tmp/tmpxft_000713f0_00000000-15_linear.fatbin ,  , nvcc , 15.1650 , ms
src/forward/Kernel/linear.cu , gcc (compiling) ,   , /tmp/tmpxft_000713f0_00000000-49_linear.o , compute_52 , nvcc , 689.8140 , ms
src/forward/Kernel/attention_head.cu , gcc (preprocessing 4) , src/forward/Kernel/attention_head.cu  , /tmp/tmpxft_000713f0_00000000-21_attention_head.cpp4.ii ,  , nvcc , 166.4080 , ms
src/forward/Kernel/attention_head.cu , cudafe++ , /tmp/tmpxft_000713f0_00000000-21_attention_head.cpp4.ii  , /tmp/tmpxft_000713f0_00000000-22_attention_head.cudafe1.cpp , compute_52 , nvcc , 819.6390 , ms
src/forward/Kernel/attention_head.cu , gcc (preprocessing 1) , src/forward/Kernel/attention_head.cu  , /tmp/tmpxft_000713f0_00000000-50_attention_head.cpp1.ii , compute_52 , nvcc , 136.5270 , ms
src/forward/Kernel/attention_head.cu , cicc ,  /tmp/tmpxft_000713f0_00000000-50_attention_head.cpp1.ii  , /tmp/tmpxft_000713f0_00000000-22_attention_head.ptx , compute_52 , nvcc , 743.4480 , ms
src/forward/Kernel/attention_head.cu , ptxas , /tmp/tmpxft_000713f0_00000000-22_attention_head.ptx  , /tmp/tmpxft_000713f0_00000000-51_attention_head.sm_52.cubin , sm_52 , nvcc , 141.7570 , ms
src/forward/Kernel/attention_head.cu , fatbinary , /tmp/tmpxft_000713f0_00000000-51_attention_head.sm_52.cubin /tmp/tmpxft_000713f0_00000000-22_attention_head.ptx  , /tmp/tmpxft_000713f0_00000000-19_attention_head.fatbin ,  , nvcc , 14.4600 , ms
src/forward/Kernel/attention_head.cu , gcc (compiling) ,   , /tmp/tmpxft_000713f0_00000000-52_attention_head.o , compute_52 , nvcc , 707.2370 , ms
src/forward/Kernel/interface.cu , gcc (preprocessing 4) , src/forward/Kernel/interface.cu  , /tmp/tmpxft_000713f0_00000000-25_interface.cpp4.ii ,  , nvcc , 173.7030 , ms
src/forward/Kernel/interface.cu , cudafe++ , /tmp/tmpxft_000713f0_00000000-25_interface.cpp4.ii  , /tmp/tmpxft_000713f0_00000000-26_interface.cudafe1.cpp , compute_52 , nvcc , 756.2220 , ms
src/forward/Kernel/interface.cu , gcc (preprocessing 1) , src/forward/Kernel/interface.cu  , /tmp/tmpxft_000713f0_00000000-53_interface.cpp1.ii , compute_52 , nvcc , 144.1840 , ms
src/forward/Kernel/interface.cu , cicc ,  /tmp/tmpxft_000713f0_00000000-53_interface.cpp1.ii  , /tmp/tmpxft_000713f0_00000000-26_interface.ptx , compute_52 , nvcc , 777.6010 , ms
src/forward/Kernel/interface.cu , ptxas , /tmp/tmpxft_000713f0_00000000-26_interface.ptx  , /tmp/tmpxft_000713f0_00000000-54_interface.sm_52.cubin , sm_52 , nvcc , 101.0890 , ms
src/forward/Kernel/interface.cu , fatbinary , /tmp/tmpxft_000713f0_00000000-54_interface.sm_52.cubin /tmp/tmpxft_000713f0_00000000-26_interface.ptx  , /tmp/tmpxft_000713f0_00000000-23_interface.fatbin ,  , nvcc , 13.7950 , ms
src/forward/Kernel/interface.cu , gcc (compiling) ,   , /tmp/tmpxft_000713f0_00000000-55_interface.o , compute_52 , nvcc , 668.8140 , ms
src/backpropagation/Kernel/interface_back.cu , gcc (preprocessing 4) , src/backpropagation/Kernel/interface_back.cu  , /tmp/tmpxft_000713f0_00000000-29_interface_back.cpp4.ii ,  , nvcc , 261.2470 , ms
src/backpropagation/Kernel/interface_back.cu , cudafe++ , /tmp/tmpxft_000713f0_00000000-29_interface_back.cpp4.ii  , /tmp/tmpxft_000713f0_00000000-30_interface_back.cudafe1.cpp , compute_52 , nvcc , 1952.5800 , ms
src/backpropagation/Kernel/interface_back.cu , gcc (preprocessing 1) , src/backpropagation/Kernel/interface_back.cu  , /tmp/tmpxft_000713f0_00000000-56_interface_back.cpp1.ii , compute_52 , nvcc , 221.5310 , ms
src/backpropagation/Kernel/interface_back.cu , cicc ,  /tmp/tmpxft_000713f0_00000000-56_interface_back.cpp1.ii  , /tmp/tmpxft_000713f0_00000000-30_interface_back.ptx , compute_52 , nvcc , 2256.0391 , ms
src/backpropagation/Kernel/interface_back.cu , ptxas , /tmp/tmpxft_000713f0_00000000-30_interface_back.ptx  , /tmp/tmpxft_000713f0_00000000-57_interface_back.sm_52.cubin , sm_52 , nvcc , 118.1640 , ms
src/backpropagation/Kernel/interface_back.cu , fatbinary , /tmp/tmpxft_000713f0_00000000-57_interface_back.sm_52.cubin /tmp/tmpxft_000713f0_00000000-30_interface_back.ptx  , /tmp/tmpxft_000713f0_00000000-27_interface_back.fatbin ,  , nvcc , 14.3520 , ms
src/backpropagation/Kernel/interface_back.cu , gcc (compiling) ,   , /tmp/tmpxft_000713f0_00000000-58_interface_back.o , compute_52 , nvcc , 1890.0270 , ms
src/backpropagation/Kernel/flash_attention.cu , gcc (preprocessing 4) , src/backpropagation/Kernel/flash_attention.cu  , /tmp/tmpxft_000713f0_00000000-33_flash_attention.cpp4.ii ,  , nvcc , 174.8330 , ms
src/backpropagation/Kernel/flash_attention.cu , cudafe++ , /tmp/tmpxft_000713f0_00000000-33_flash_attention.cpp4.ii  , /tmp/tmpxft_000713f0_00000000-34_flash_attention.cudafe1.cpp , compute_52 , nvcc , 796.5220 , ms
src/backpropagation/Kernel/flash_attention.cu , gcc (preprocessing 1) , src/backpropagation/Kernel/flash_attention.cu  , /tmp/tmpxft_000713f0_00000000-59_flash_attention.cpp1.ii , compute_52 , nvcc , 137.7640 , ms
src/backpropagation/Kernel/flash_attention.cu , cicc ,  /tmp/tmpxft_000713f0_00000000-59_flash_attention.cpp1.ii  , /tmp/tmpxft_000713f0_00000000-34_flash_attention.ptx , compute_52 , nvcc , 717.6210 , ms
src/backpropagation/Kernel/flash_attention.cu , ptxas , /tmp/tmpxft_000713f0_00000000-34_flash_attention.ptx  , /tmp/tmpxft_000713f0_00000000-60_flash_attention.sm_52.cubin , sm_52 , nvcc , 119.2530 , ms
src/backpropagation/Kernel/flash_attention.cu , fatbinary , /tmp/tmpxft_000713f0_00000000-60_flash_attention.sm_52.cubin /tmp/tmpxft_000713f0_00000000-34_flash_attention.ptx  , /tmp/tmpxft_000713f0_00000000-31_flash_attention.fatbin ,  , nvcc , 14.3990 , ms
src/backpropagation/Kernel/flash_attention.cu , gcc (compiling) ,   , /tmp/tmpxft_000713f0_00000000-61_flash_attention.o , compute_52 , nvcc , 742.7650 , ms
src/main.cpp src/kernel/utils.cu src/forward/Kernel/layer_norm.cu src/forward/Kernel/embedding.cu src/forward/Kernel/linear.cu src/forward/Kernel/attention_head.cu src/forward/Kernel/interface.cu src/backpropagation/Kernel/interface_back.cu src/backpropagation/Kernel/flash_attention.cu  , nvlink , /tmp/tmpxft_000713f0_00000000-37_main.o /tmp/tmpxft_000713f0_00000000-40_utils.o /tmp/tmpxft_000713f0_00000000-43_layer_norm.o /tmp/tmpxft_000713f0_00000000-46_embedding.o /tmp/tmpxft_000713f0_00000000-49_linear.o /tmp/tmpxft_000713f0_00000000-52_attention_head.o /tmp/tmpxft_000713f0_00000000-55_interface.o /tmp/tmpxft_000713f0_00000000-58_interface_back.o /tmp/tmpxft_000713f0_00000000-61_flash_attention.o  , /tmp/tmpxft_000713f0_00000000-62_attention_dlink.sm_52.cubin , sm_52 , nvcc , 5.1740 , ms
src/main.cpp src/kernel/utils.cu src/forward/Kernel/layer_norm.cu src/forward/Kernel/embedding.cu src/forward/Kernel/linear.cu src/forward/Kernel/attention_head.cu src/forward/Kernel/interface.cu src/backpropagation/Kernel/interface_back.cu src/backpropagation/Kernel/flash_attention.cu  , fatbinary , /tmp/tmpxft_000713f0_00000000-62_attention_dlink.sm_52.cubin  , /tmp/tmpxft_000713f0_00000000-36_attention_dlink.fatbin ,  , nvcc , 1.0940 , ms
src/main.cpp src/kernel/utils.cu src/forward/Kernel/layer_norm.cu src/forward/Kernel/embedding.cu src/forward/Kernel/linear.cu src/forward/Kernel/attention_head.cu src/forward/Kernel/interface.cu src/backpropagation/Kernel/interface_back.cu src/backpropagation/Kernel/flash_attention.cu  , gcc (compiling) , /usr/lib/nvidia-cuda-toolkit/bin/crt/link.stub  , /tmp/tmpxft_000713f0_00000000-63_attention_dlink.o ,  , nvcc , 14.2440 , ms
src/main.cpp src/kernel/utils.cu src/forward/Kernel/layer_norm.cu src/forward/Kernel/embedding.cu src/forward/Kernel/linear.cu src/forward/Kernel/attention_head.cu src/forward/Kernel/interface.cu src/backpropagation/Kernel/interface_back.cu src/backpropagation/Kernel/flash_attention.cu  , gcc (linking) , /tmp/tmpxft_000713f0_00000000-63_attention_dlink.o /tmp/tmpxft_000713f0_00000000-37_main.o /tmp/tmpxft_000713f0_00000000-40_utils.o /tmp/tmpxft_000713f0_00000000-43_layer_norm.o /tmp/tmpxft_000713f0_00000000-46_embedding.o /tmp/tmpxft_000713f0_00000000-49_linear.o /tmp/tmpxft_000713f0_00000000-52_attention_head.o /tmp/tmpxft_000713f0_00000000-55_interface.o /tmp/tmpxft_000713f0_00000000-58_interface_back.o /tmp/tmpxft_000713f0_00000000-61_flash_attention.o  , src/bin/attention ,  , nvcc , 89.3030 , ms
 , nvcc (driver) ,  , src/bin/attention ,  , nvcc , 3.2227 , ms
src/main.cpp , gcc (compiling) , src/main.cpp  , /tmp/tmpxft_00071b53_00000000-37_main.o ,  , nvcc , 3101.0969 , ms
src/kernel/utils.cu , gcc (preprocessing 4) , src/kernel/utils.cu  , /tmp/tmpxft_00071b53_00000000-5_utils.cpp4.ii ,  , nvcc , 155.1960 , ms
src/kernel/utils.cu , cudafe++ , /tmp/tmpxft_00071b53_00000000-5_utils.cpp4.ii  , /tmp/tmpxft_00071b53_00000000-6_utils.cudafe1.cpp , compute_52 , nvcc , 767.6330 , ms
src/kernel/utils.cu , gcc (preprocessing 1) , src/kernel/utils.cu  , /tmp/tmpxft_00071b53_00000000-38_utils.cpp1.ii , compute_52 , nvcc , 141.8080 , ms
src/kernel/utils.cu , cicc ,  /tmp/tmpxft_00071b53_00000000-38_utils.cpp1.ii  , /tmp/tmpxft_00071b53_00000000-6_utils.ptx , compute_52 , nvcc , 671.3080 , ms
src/kernel/utils.cu , ptxas , /tmp/tmpxft_00071b53_00000000-6_utils.ptx  , /tmp/tmpxft_00071b53_00000000-39_utils.sm_52.cubin , sm_52 , nvcc , 98.0780 , ms
src/kernel/utils.cu , fatbinary , /tmp/tmpxft_00071b53_00000000-39_utils.sm_52.cubin /tmp/tmpxft_00071b53_00000000-6_utils.ptx  , /tmp/tmpxft_00071b53_00000000-3_utils.fatbin ,  , nvcc , 14.7050 , ms
src/kernel/utils.cu , gcc (compiling) ,   , /tmp/tmpxft_00071b53_00000000-40_utils.o , compute_52 , nvcc , 682.1240 , ms
src/forward/Kernel/layer_norm.cu , gcc (preprocessing 4) , src/forward/Kernel/layer_norm.cu  , /tmp/tmpxft_00071b53_00000000-9_layer_norm.cpp4.ii ,  , nvcc , 172.3570 , ms
src/forward/Kernel/layer_norm.cu , cudafe++ , /tmp/tmpxft_00071b53_00000000-9_layer_norm.cpp4.ii  , /tmp/tmpxft_00071b53_00000000-10_layer_norm.cudafe1.cpp , compute_52 , nvcc , 773.7410 , ms
src/forward/Kernel/layer_norm.cu , gcc (preprocessing 1) , src/forward/Kernel/layer_norm.cu  , /tmp/tmpxft_00071b53_00000000-41_layer_norm.cpp1.ii , compute_52 , nvcc , 135.9210 , ms
src/forward/Kernel/layer_norm.cu , cicc ,  /tmp/tmpxft_00071b53_00000000-41_layer_norm.cpp1.ii  , /tmp/tmpxft_00071b53_00000000-10_layer_norm.ptx , compute_52 , nvcc , 752.6040 , ms
src/forward/Kernel/layer_norm.cu , ptxas , /tmp/tmpxft_00071b53_00000000-10_layer_norm.ptx  , /tmp/tmpxft_00071b53_00000000-42_layer_norm.sm_52.cubin , sm_52 , nvcc , 127.2770 , ms
src/forward/Kernel/layer_norm.cu , fatbinary , /tmp/tmpxft_00071b53_00000000-42_layer_norm.sm_52.cubin /tmp/tmpxft_00071b53_00000000-10_layer_norm.ptx  , /tmp/tmpxft_00071b53_00000000-7_layer_norm.fatbin ,  , nvcc , 15.9270 , ms
src/forward/Kernel/layer_norm.cu , gcc (compiling) ,   , /tmp/tmpxft_00071b53_00000000-43_layer_norm.o , compute_52 , nvcc , 782.2270 , ms
src/forward/Kernel/embedding.cu , gcc (preprocessing 4) , src/forward/Kernel/embedding.cu  , /tmp/tmpxft_00071b53_00000000-13_embedding.cpp4.ii ,  , nvcc , 220.9050 , ms
src/forward/Kernel/embedding.cu , cudafe++ , /tmp/tmpxft_00071b53_00000000-13_embedding.cpp4.ii  , /tmp/tmpxft_00071b53_00000000-14_embedding.cudafe1.cpp , compute_52 , nvcc , 780.0010 , ms
src/forward/Kernel/embedding.cu , gcc (preprocessing 1) , src/forward/Kernel/embedding.cu  , /tmp/tmpxft_00071b53_00000000-44_embedding.cpp1.ii , compute_52 , nvcc , 143.9380 , ms
src/forward/Kernel/embedding.cu , cicc ,  /tmp/tmpxft_00071b53_00000000-44_embedding.cpp1.ii  , /tmp/tmpxft_00071b53_00000000-14_embedding.ptx , compute_52 , nvcc , 855.6430 , ms
src/forward/Kernel/embedding.cu , ptxas , /tmp/tmpxft_00071b53_00000000-14_embedding.ptx  , /tmp/tmpxft_00071b53_00000000-45_embedding.sm_52.cubin , sm_52 , nvcc , 120.7300 , ms
src/forward/Kernel/embedding.cu , fatbinary , /tmp/tmpxft_00071b53_00000000-45_embedding.sm_52.cubin /tmp/tmpxft_00071b53_00000000-14_embedding.ptx  , /tmp/tmpxft_00071b53_00000000-11_embedding.fatbin ,  , nvcc , 14.9680 , ms
src/forward/Kernel/embedding.cu , gcc (compiling) ,   , /tmp/tmpxft_00071b53_00000000-46_embedding.o , compute_52 , nvcc , 683.1880 , ms
src/forward/Kernel/linear.cu , gcc (preprocessing 4) , src/forward/Kernel/linear.cu  , /tmp/tmpxft_00071b53_00000000-17_linear.cpp4.ii ,  , nvcc , 189.3760 , ms
src/forward/Kernel/linear.cu , cudafe++ , /tmp/tmpxft_00071b53_00000000-17_linear.cpp4.ii  , /tmp/tmpxft_00071b53_00000000-18_linear.cudafe1.cpp , compute_52 , nvcc , 793.7940 , ms
src/forward/Kernel/linear.cu , gcc (preprocessing 1) , src/forward/Kernel/linear.cu  , /tmp/tmpxft_00071b53_00000000-47_linear.cpp1.ii , compute_52 , nvcc , 143.6520 , ms
src/forward/Kernel/linear.cu , cicc ,  /tmp/tmpxft_00071b53_00000000-47_linear.cpp1.ii  , /tmp/tmpxft_00071b53_00000000-18_linear.ptx , compute_52 , nvcc , 781.4320 , ms
src/forward/Kernel/linear.cu , ptxas , /tmp/tmpxft_00071b53_00000000-18_linear.ptx  , /tmp/tmpxft_00071b53_00000000-48_linear.sm_52.cubin , sm_52 , nvcc , 119.0890 , ms
src/forward/Kernel/linear.cu , fatbinary , /tmp/tmpxft_00071b53_00000000-48_linear.sm_52.cubin /tmp/tmpxft_00071b53_00000000-18_linear.ptx  , /tmp/tmpxft_00071b53_00000000-15_linear.fatbin ,  , nvcc , 14.0530 , ms
src/forward/Kernel/linear.cu , gcc (compiling) ,   , /tmp/tmpxft_00071b53_00000000-49_linear.o , compute_52 , nvcc , 686.5780 , ms
src/forward/Kernel/attention_head.cu , gcc (preprocessing 4) , src/forward/Kernel/attention_head.cu  , /tmp/tmpxft_00071b53_00000000-21_attention_head.cpp4.ii ,  , nvcc , 166.1750 , ms
src/forward/Kernel/attention_head.cu , cudafe++ , /tmp/tmpxft_00071b53_00000000-21_attention_head.cpp4.ii  , /tmp/tmpxft_00071b53_00000000-22_attention_head.cudafe1.cpp , compute_52 , nvcc , 763.7550 , ms
src/forward/Kernel/attention_head.cu , gcc (preprocessing 1) , src/forward/Kernel/attention_head.cu  , /tmp/tmpxft_00071b53_00000000-50_attention_head.cpp1.ii , compute_52 , nvcc , 135.0010 , ms
src/forward/Kernel/attention_head.cu , cicc ,  /tmp/tmpxft_00071b53_00000000-50_attention_head.cpp1.ii  , /tmp/tmpxft_00071b53_00000000-22_attention_head.ptx , compute_52 , nvcc , 712.2750 , ms
src/forward/Kernel/attention_head.cu , ptxas , /tmp/tmpxft_00071b53_00000000-22_attention_head.ptx  , /tmp/tmpxft_00071b53_00000000-51_attention_head.sm_52.cubin , sm_52 , nvcc , 128.8390 , ms
src/forward/Kernel/attention_head.cu , fatbinary , /tmp/tmpxft_00071b53_00000000-51_attention_head.sm_52.cubin /tmp/tmpxft_00071b53_00000000-22_attention_head.ptx  , /tmp/tmpxft_00071b53_00000000-19_attention_head.fatbin ,  , nvcc , 14.1330 , ms
src/forward/Kernel/attention_head.cu , gcc (compiling) ,   , /tmp/tmpxft_00071b53_00000000-52_attention_head.o , compute_52 , nvcc , 664.1090 , ms
src/forward/Kernel/interface.cu , gcc (preprocessing 4) , src/forward/Kernel/interface.cu  , /tmp/tmpxft_00071b53_00000000-25_interface.cpp4.ii ,  , nvcc , 167.0460 , ms
src/forward/Kernel/interface.cu , cudafe++ , /tmp/tmpxft_00071b53_00000000-25_interface.cpp4.ii  , /tmp/tmpxft_00071b53_00000000-26_interface.cudafe1.cpp , compute_52 , nvcc , 784.0680 , ms
src/forward/Kernel/interface.cu , gcc (preprocessing 1) , src/forward/Kernel/interface.cu  , /tmp/tmpxft_00071b53_00000000-53_interface.cpp1.ii , compute_52 , nvcc , 155.9070 , ms
src/forward/Kernel/interface.cu , cicc ,  /tmp/tmpxft_00071b53_00000000-53_interface.cpp1.ii  , /tmp/tmpxft_00071b53_00000000-26_interface.ptx , compute_52 , nvcc , 744.8940 , ms
src/forward/Kernel/interface.cu , ptxas , /tmp/tmpxft_00071b53_00000000-26_interface.ptx  , /tmp/tmpxft_00071b53_00000000-54_interface.sm_52.cubin , sm_52 , nvcc , 112.7750 , ms
src/forward/Kernel/interface.cu , fatbinary , /tmp/tmpxft_00071b53_00000000-54_interface.sm_52.cubin /tmp/tmpxft_00071b53_00000000-26_interface.ptx  , /tmp/tmpxft_00071b53_00000000-23_interface.fatbin ,  , nvcc , 15.9790 , ms
src/forward/Kernel/interface.cu , gcc (compiling) ,   , /tmp/tmpxft_00071b53_00000000-55_interface.o , compute_52 , nvcc , 750.1670 , ms
src/backpropagation/Kernel/interface_back.cu , gcc (preprocessing 4) , src/backpropagation/Kernel/interface_back.cu  , /tmp/tmpxft_00071b53_00000000-29_interface_back.cpp4.ii ,  , nvcc , 277.2710 , ms
src/backpropagation/Kernel/interface_back.cu , cudafe++ , /tmp/tmpxft_00071b53_00000000-29_interface_back.cpp4.ii  , /tmp/tmpxft_00071b53_00000000-30_interface_back.cudafe1.cpp , compute_52 , nvcc , 1878.1510 , ms
src/backpropagation/Kernel/interface_back.cu , gcc (preprocessing 1) , src/backpropagation/Kernel/interface_back.cu  , /tmp/tmpxft_00071b53_00000000-56_interface_back.cpp1.ii , compute_52 , nvcc , 208.3120 , ms
src/backpropagation/Kernel/interface_back.cu , cicc ,  /tmp/tmpxft_00071b53_00000000-56_interface_back.cpp1.ii  , /tmp/tmpxft_00071b53_00000000-30_interface_back.ptx , compute_52 , nvcc , 2191.0381 , ms
src/backpropagation/Kernel/interface_back.cu , ptxas , /tmp/tmpxft_00071b53_00000000-30_interface_back.ptx  , /tmp/tmpxft_00071b53_00000000-57_interface_back.sm_52.cubin , sm_52 , nvcc , 124.0460 , ms
src/backpropagation/Kernel/interface_back.cu , fatbinary , /tmp/tmpxft_00071b53_00000000-57_interface_back.sm_52.cubin /tmp/tmpxft_00071b53_00000000-30_interface_back.ptx  , /tmp/tmpxft_00071b53_00000000-27_interface_back.fatbin ,  , nvcc , 14.0300 , ms
src/backpropagation/Kernel/interface_back.cu , gcc (compiling) ,   , /tmp/tmpxft_00071b53_00000000-58_interface_back.o , compute_52 , nvcc , 1861.7040 , ms
src/backpropagation/Kernel/flash_attention.cu , gcc (preprocessing 4) , src/backpropagation/Kernel/flash_attention.cu  , /tmp/tmpxft_00071b53_00000000-33_flash_attention.cpp4.ii ,  , nvcc , 160.4230 , ms
src/backpropagation/Kernel/flash_attention.cu , cudafe++ , /tmp/tmpxft_00071b53_00000000-33_flash_attention.cpp4.ii  , /tmp/tmpxft_00071b53_00000000-34_flash_attention.cudafe1.cpp , compute_52 , nvcc , 712.2440 , ms
src/backpropagation/Kernel/flash_attention.cu , gcc (preprocessing 1) , src/backpropagation/Kernel/flash_attention.cu  , /tmp/tmpxft_00071b53_00000000-59_flash_attention.cpp1.ii , compute_52 , nvcc , 133.9130 , ms
src/backpropagation/Kernel/flash_attention.cu , cicc ,  /tmp/tmpxft_00071b53_00000000-59_flash_attention.cpp1.ii  , /tmp/tmpxft_00071b53_00000000-34_flash_attention.ptx , compute_52 , nvcc , 704.3440 , ms
src/backpropagation/Kernel/flash_attention.cu , ptxas , /tmp/tmpxft_00071b53_00000000-34_flash_attention.ptx  , /tmp/tmpxft_00071b53_00000000-60_flash_attention.sm_52.cubin , sm_52 , nvcc , 123.2280 , ms
src/backpropagation/Kernel/flash_attention.cu , fatbinary , /tmp/tmpxft_00071b53_00000000-60_flash_attention.sm_52.cubin /tmp/tmpxft_00071b53_00000000-34_flash_attention.ptx  , /tmp/tmpxft_00071b53_00000000-31_flash_attention.fatbin ,  , nvcc , 13.6550 , ms
src/backpropagation/Kernel/flash_attention.cu , gcc (compiling) ,   , /tmp/tmpxft_00071b53_00000000-61_flash_attention.o , compute_52 , nvcc , 645.1150 , ms
src/main.cpp src/kernel/utils.cu src/forward/Kernel/layer_norm.cu src/forward/Kernel/embedding.cu src/forward/Kernel/linear.cu src/forward/Kernel/attention_head.cu src/forward/Kernel/interface.cu src/backpropagation/Kernel/interface_back.cu src/backpropagation/Kernel/flash_attention.cu  , nvlink , /tmp/tmpxft_00071b53_00000000-37_main.o /tmp/tmpxft_00071b53_00000000-40_utils.o /tmp/tmpxft_00071b53_00000000-43_layer_norm.o /tmp/tmpxft_00071b53_00000000-46_embedding.o /tmp/tmpxft_00071b53_00000000-49_linear.o /tmp/tmpxft_00071b53_00000000-52_attention_head.o /tmp/tmpxft_00071b53_00000000-55_interface.o /tmp/tmpxft_00071b53_00000000-58_interface_back.o /tmp/tmpxft_00071b53_00000000-61_flash_attention.o  , /tmp/tmpxft_00071b53_00000000-62_attention_dlink.sm_52.cubin , sm_52 , nvcc , 4.8340 , ms
src/main.cpp src/kernel/utils.cu src/forward/Kernel/layer_norm.cu src/forward/Kernel/embedding.cu src/forward/Kernel/linear.cu src/forward/Kernel/attention_head.cu src/forward/Kernel/interface.cu src/backpropagation/Kernel/interface_back.cu src/backpropagation/Kernel/flash_attention.cu  , fatbinary , /tmp/tmpxft_00071b53_00000000-62_attention_dlink.sm_52.cubin  , /tmp/tmpxft_00071b53_00000000-36_attention_dlink.fatbin ,  , nvcc , 1.1740 , ms
src/main.cpp src/kernel/utils.cu src/forward/Kernel/layer_norm.cu src/forward/Kernel/embedding.cu src/forward/Kernel/linear.cu src/forward/Kernel/attention_head.cu src/forward/Kernel/interface.cu src/backpropagation/Kernel/interface_back.cu src/backpropagation/Kernel/flash_attention.cu  , gcc (compiling) , /usr/lib/nvidia-cuda-toolkit/bin/crt/link.stub  , /tmp/tmpxft_00071b53_00000000-63_attention_dlink.o ,  , nvcc , 13.6700 , ms
src/main.cpp src/kernel/utils.cu src/forward/Kernel/layer_norm.cu src/forward/Kernel/embedding.cu src/forward/Kernel/linear.cu src/forward/Kernel/attention_head.cu src/forward/Kernel/interface.cu src/backpropagation/Kernel/interface_back.cu src/backpropagation/Kernel/flash_attention.cu  , gcc (linking) , /tmp/tmpxft_00071b53_00000000-63_attention_dlink.o /tmp/tmpxft_00071b53_00000000-37_main.o /tmp/tmpxft_00071b53_00000000-40_utils.o /tmp/tmpxft_00071b53_00000000-43_layer_norm.o /tmp/tmpxft_00071b53_00000000-46_embedding.o /tmp/tmpxft_00071b53_00000000-49_linear.o /tmp/tmpxft_00071b53_00000000-52_attention_head.o /tmp/tmpxft_00071b53_00000000-55_interface.o /tmp/tmpxft_00071b53_00000000-58_interface_back.o /tmp/tmpxft_00071b53_00000000-61_flash_attention.o  , src/bin/attention ,  , nvcc , 81.1550 , ms
 , nvcc (driver) ,  , src/bin/attention ,  , nvcc , 3.1094 , ms
src/main.cpp , gcc (compiling) , src/main.cpp  , /tmp/tmpxft_00072b36_00000000-37_main.o ,  , nvcc , 3279.1389 , ms
src/kernel/utils.cu , gcc (preprocessing 4) , src/kernel/utils.cu  , /tmp/tmpxft_00072b36_00000000-5_utils.cpp4.ii ,  , nvcc , 178.5310 , ms
src/kernel/utils.cu , cudafe++ , /tmp/tmpxft_00072b36_00000000-5_utils.cpp4.ii  , /tmp/tmpxft_00072b36_00000000-6_utils.cudafe1.cpp , compute_52 , nvcc , 774.1660 , ms
src/kernel/utils.cu , gcc (preprocessing 1) , src/kernel/utils.cu  , /tmp/tmpxft_00072b36_00000000-38_utils.cpp1.ii , compute_52 , nvcc , 136.7120 , ms
src/kernel/utils.cu , cicc ,  /tmp/tmpxft_00072b36_00000000-38_utils.cpp1.ii  , /tmp/tmpxft_00072b36_00000000-6_utils.ptx , compute_52 , nvcc , 710.2280 , ms
src/kernel/utils.cu , ptxas , /tmp/tmpxft_00072b36_00000000-6_utils.ptx  , /tmp/tmpxft_00072b36_00000000-39_utils.sm_52.cubin , sm_52 , nvcc , 121.4320 , ms
src/kernel/utils.cu , fatbinary , /tmp/tmpxft_00072b36_00000000-39_utils.sm_52.cubin /tmp/tmpxft_00072b36_00000000-6_utils.ptx  , /tmp/tmpxft_00072b36_00000000-3_utils.fatbin ,  , nvcc , 17.8520 , ms
src/kernel/utils.cu , gcc (compiling) ,   , /tmp/tmpxft_00072b36_00000000-40_utils.o , compute_52 , nvcc , 765.0790 , ms
src/forward/Kernel/layer_norm.cu , gcc (preprocessing 4) , src/forward/Kernel/layer_norm.cu  , /tmp/tmpxft_00072b36_00000000-9_layer_norm.cpp4.ii ,  , nvcc , 181.8170 , ms
src/forward/Kernel/layer_norm.cu , cudafe++ , /tmp/tmpxft_00072b36_00000000-9_layer_norm.cpp4.ii  , /tmp/tmpxft_00072b36_00000000-10_layer_norm.cudafe1.cpp , compute_52 , nvcc , 738.6530 , ms
src/forward/Kernel/layer_norm.cu , gcc (preprocessing 1) , src/forward/Kernel/layer_norm.cu  , /tmp/tmpxft_00072b36_00000000-41_layer_norm.cpp1.ii , compute_52 , nvcc , 144.7930 , ms
src/forward/Kernel/layer_norm.cu , cicc ,  /tmp/tmpxft_00072b36_00000000-41_layer_norm.cpp1.ii  , /tmp/tmpxft_00072b36_00000000-10_layer_norm.ptx , compute_52 , nvcc , 716.2600 , ms
src/forward/Kernel/layer_norm.cu , ptxas , /tmp/tmpxft_00072b36_00000000-10_layer_norm.ptx  , /tmp/tmpxft_00072b36_00000000-42_layer_norm.sm_52.cubin , sm_52 , nvcc , 112.5880 , ms
src/forward/Kernel/layer_norm.cu , fatbinary , /tmp/tmpxft_00072b36_00000000-42_layer_norm.sm_52.cubin /tmp/tmpxft_00072b36_00000000-10_layer_norm.ptx  , /tmp/tmpxft_00072b36_00000000-7_layer_norm.fatbin ,  , nvcc , 13.7270 , ms
src/forward/Kernel/layer_norm.cu , gcc (compiling) ,   , /tmp/tmpxft_00072b36_00000000-43_layer_norm.o , compute_52 , nvcc , 654.9810 , ms
src/forward/Kernel/embedding.cu , gcc (preprocessing 4) , src/forward/Kernel/embedding.cu  , /tmp/tmpxft_00072b36_00000000-13_embedding.cpp4.ii ,  , nvcc , 167.6340 , ms
src/forward/Kernel/embedding.cu , cudafe++ , /tmp/tmpxft_00072b36_00000000-13_embedding.cpp4.ii  , /tmp/tmpxft_00072b36_00000000-14_embedding.cudafe1.cpp , compute_52 , nvcc , 791.5260 , ms
src/forward/Kernel/embedding.cu , gcc (preprocessing 1) , src/forward/Kernel/embedding.cu  , /tmp/tmpxft_00072b36_00000000-44_embedding.cpp1.ii , compute_52 , nvcc , 152.0120 , ms
src/forward/Kernel/embedding.cu , cicc ,  /tmp/tmpxft_00072b36_00000000-44_embedding.cpp1.ii  , /tmp/tmpxft_00072b36_00000000-14_embedding.ptx , compute_52 , nvcc , 751.5590 , ms
src/forward/Kernel/embedding.cu , ptxas , /tmp/tmpxft_00072b36_00000000-14_embedding.ptx  , /tmp/tmpxft_00072b36_00000000-45_embedding.sm_52.cubin , sm_52 , nvcc , 119.1000 , ms
src/forward/Kernel/embedding.cu , fatbinary , /tmp/tmpxft_00072b36_00000000-45_embedding.sm_52.cubin /tmp/tmpxft_00072b36_00000000-14_embedding.ptx  , /tmp/tmpxft_00072b36_00000000-11_embedding.fatbin ,  , nvcc , 16.2210 , ms
src/forward/Kernel/embedding.cu , gcc (compiling) ,   , /tmp/tmpxft_00072b36_00000000-46_embedding.o , compute_52 , nvcc , 656.0290 , ms
src/forward/Kernel/linear.cu , gcc (preprocessing 4) , src/forward/Kernel/linear.cu  , /tmp/tmpxft_00072b36_00000000-17_linear.cpp4.ii ,  , nvcc , 153.0420 , ms
src/forward/Kernel/linear.cu , cudafe++ , /tmp/tmpxft_00072b36_00000000-17_linear.cpp4.ii  , /tmp/tmpxft_00072b36_00000000-18_linear.cudafe1.cpp , compute_52 , nvcc , 773.0520 , ms
src/forward/Kernel/linear.cu , gcc (preprocessing 1) , src/forward/Kernel/linear.cu  , /tmp/tmpxft_00072b36_00000000-47_linear.cpp1.ii , compute_52 , nvcc , 136.2290 , ms
src/forward/Kernel/linear.cu , cicc ,  /tmp/tmpxft_00072b36_00000000-47_linear.cpp1.ii  , /tmp/tmpxft_00072b36_00000000-18_linear.ptx , compute_52 , nvcc , 735.1110 , ms
src/forward/Kernel/linear.cu , ptxas , /tmp/tmpxft_00072b36_00000000-18_linear.ptx  , /tmp/tmpxft_00072b36_00000000-48_linear.sm_52.cubin , sm_52 , nvcc , 126.8090 , ms
src/forward/Kernel/linear.cu , fatbinary , /tmp/tmpxft_00072b36_00000000-48_linear.sm_52.cubin /tmp/tmpxft_00072b36_00000000-18_linear.ptx  , /tmp/tmpxft_00072b36_00000000-15_linear.fatbin ,  , nvcc , 28.1640 , ms
src/forward/Kernel/linear.cu , gcc (compiling) ,   , /tmp/tmpxft_00072b36_00000000-49_linear.o , compute_52 , nvcc , 645.5050 , ms
src/forward/Kernel/attention_head.cu , gcc (preprocessing 4) , src/forward/Kernel/attention_head.cu  , /tmp/tmpxft_00072b36_00000000-21_attention_head.cpp4.ii ,  , nvcc , 161.9170 , ms
src/forward/Kernel/attention_head.cu , cudafe++ , /tmp/tmpxft_00072b36_00000000-21_attention_head.cpp4.ii  , /tmp/tmpxft_00072b36_00000000-22_attention_head.cudafe1.cpp , compute_52 , nvcc , 741.7450 , ms
src/forward/Kernel/attention_head.cu , gcc (preprocessing 1) , src/forward/Kernel/attention_head.cu  , /tmp/tmpxft_00072b36_00000000-50_attention_head.cpp1.ii , compute_52 , nvcc , 124.5780 , ms
src/forward/Kernel/attention_head.cu , cicc ,  /tmp/tmpxft_00072b36_00000000-50_attention_head.cpp1.ii  , /tmp/tmpxft_00072b36_00000000-22_attention_head.ptx , compute_52 , nvcc , 739.0430 , ms
src/forward/Kernel/attention_head.cu , ptxas , /tmp/tmpxft_00072b36_00000000-22_attention_head.ptx  , /tmp/tmpxft_00072b36_00000000-51_attention_head.sm_52.cubin , sm_52 , nvcc , 128.2500 , ms
src/forward/Kernel/attention_head.cu , fatbinary , /tmp/tmpxft_00072b36_00000000-51_attention_head.sm_52.cubin /tmp/tmpxft_00072b36_00000000-22_attention_head.ptx  , /tmp/tmpxft_00072b36_00000000-19_attention_head.fatbin ,  , nvcc , 14.3350 , ms
src/forward/Kernel/attention_head.cu , gcc (compiling) ,   , /tmp/tmpxft_00072b36_00000000-52_attention_head.o , compute_52 , nvcc , 676.6110 , ms
src/forward/Kernel/interface.cu , gcc (preprocessing 4) , src/forward/Kernel/interface.cu  , /tmp/tmpxft_00072b36_00000000-25_interface.cpp4.ii ,  , nvcc , 157.6830 , ms
src/forward/Kernel/interface.cu , cudafe++ , /tmp/tmpxft_00072b36_00000000-25_interface.cpp4.ii  , /tmp/tmpxft_00072b36_00000000-26_interface.cudafe1.cpp , compute_52 , nvcc , 757.2000 , ms
src/forward/Kernel/interface.cu , gcc (preprocessing 1) , src/forward/Kernel/interface.cu  , /tmp/tmpxft_00072b36_00000000-53_interface.cpp1.ii , compute_52 , nvcc , 143.8310 , ms
src/forward/Kernel/interface.cu , cicc ,  /tmp/tmpxft_00072b36_00000000-53_interface.cpp1.ii  , /tmp/tmpxft_00072b36_00000000-26_interface.ptx , compute_52 , nvcc , 662.8900 , ms
src/forward/Kernel/interface.cu , ptxas , /tmp/tmpxft_00072b36_00000000-26_interface.ptx  , /tmp/tmpxft_00072b36_00000000-54_interface.sm_52.cubin , sm_52 , nvcc , 93.0680 , ms
src/forward/Kernel/interface.cu , fatbinary , /tmp/tmpxft_00072b36_00000000-54_interface.sm_52.cubin /tmp/tmpxft_00072b36_00000000-26_interface.ptx  , /tmp/tmpxft_00072b36_00000000-23_interface.fatbin ,  , nvcc , 13.9270 , ms
src/forward/Kernel/interface.cu , gcc (compiling) ,   , /tmp/tmpxft_00072b36_00000000-55_interface.o , compute_52 , nvcc , 614.0150 , ms
src/backpropagation/Kernel/interface_back.cu , gcc (preprocessing 4) , src/backpropagation/Kernel/interface_back.cu  , /tmp/tmpxft_00072b36_00000000-29_interface_back.cpp4.ii ,  , nvcc , 221.5070 , ms
src/backpropagation/Kernel/interface_back.cu , cudafe++ , /tmp/tmpxft_00072b36_00000000-29_interface_back.cpp4.ii  , /tmp/tmpxft_00072b36_00000000-30_interface_back.cudafe1.cpp , compute_52 , nvcc , 1771.4299 , ms
src/backpropagation/Kernel/interface_back.cu , gcc (preprocessing 1) , src/backpropagation/Kernel/interface_back.cu  , /tmp/tmpxft_00072b36_00000000-56_interface_back.cpp1.ii , compute_52 , nvcc , 228.2220 , ms
src/backpropagation/Kernel/interface_back.cu , cicc ,  /tmp/tmpxft_00072b36_00000000-56_interface_back.cpp1.ii  , /tmp/tmpxft_00072b36_00000000-30_interface_back.ptx , compute_52 , nvcc , 2097.3201 , ms
src/backpropagation/Kernel/interface_back.cu , ptxas , /tmp/tmpxft_00072b36_00000000-30_interface_back.ptx  , /tmp/tmpxft_00072b36_00000000-57_interface_back.sm_52.cubin , sm_52 , nvcc , 115.2630 , ms
src/backpropagation/Kernel/interface_back.cu , fatbinary , /tmp/tmpxft_00072b36_00000000-57_interface_back.sm_52.cubin /tmp/tmpxft_00072b36_00000000-30_interface_back.ptx  , /tmp/tmpxft_00072b36_00000000-27_interface_back.fatbin ,  , nvcc , 15.0170 , ms
src/backpropagation/Kernel/interface_back.cu , gcc (compiling) ,   , /tmp/tmpxft_00072b36_00000000-58_interface_back.o , compute_52 , nvcc , 1795.4150 , ms
src/backpropagation/Kernel/flash_attention.cu , gcc (preprocessing 4) , src/backpropagation/Kernel/flash_attention.cu  , /tmp/tmpxft_00072b36_00000000-33_flash_attention.cpp4.ii ,  , nvcc , 165.6830 , ms
src/backpropagation/Kernel/flash_attention.cu , cudafe++ , /tmp/tmpxft_00072b36_00000000-33_flash_attention.cpp4.ii  , /tmp/tmpxft_00072b36_00000000-34_flash_attention.cudafe1.cpp , compute_52 , nvcc , 745.6620 , ms
src/backpropagation/Kernel/flash_attention.cu , gcc (preprocessing 1) , src/backpropagation/Kernel/flash_attention.cu  , /tmp/tmpxft_00072b36_00000000-59_flash_attention.cpp1.ii , compute_52 , nvcc , 132.1100 , ms
src/backpropagation/Kernel/flash_attention.cu , cicc ,  /tmp/tmpxft_00072b36_00000000-59_flash_attention.cpp1.ii  , /tmp/tmpxft_00072b36_00000000-34_flash_attention.ptx , compute_52 , nvcc , 701.8880 , ms
src/backpropagation/Kernel/flash_attention.cu , ptxas , /tmp/tmpxft_00072b36_00000000-34_flash_attention.ptx  , /tmp/tmpxft_00072b36_00000000-60_flash_attention.sm_52.cubin , sm_52 , nvcc , 124.5070 , ms
src/backpropagation/Kernel/flash_attention.cu , fatbinary , /tmp/tmpxft_00072b36_00000000-60_flash_attention.sm_52.cubin /tmp/tmpxft_00072b36_00000000-34_flash_attention.ptx  , /tmp/tmpxft_00072b36_00000000-31_flash_attention.fatbin ,  , nvcc , 14.8970 , ms
src/backpropagation/Kernel/flash_attention.cu , gcc (compiling) ,   , /tmp/tmpxft_00072b36_00000000-61_flash_attention.o , compute_52 , nvcc , 638.8340 , ms
src/main.cpp src/kernel/utils.cu src/forward/Kernel/layer_norm.cu src/forward/Kernel/embedding.cu src/forward/Kernel/linear.cu src/forward/Kernel/attention_head.cu src/forward/Kernel/interface.cu src/backpropagation/Kernel/interface_back.cu src/backpropagation/Kernel/flash_attention.cu  , nvlink , /tmp/tmpxft_00072b36_00000000-37_main.o /tmp/tmpxft_00072b36_00000000-40_utils.o /tmp/tmpxft_00072b36_00000000-43_layer_norm.o /tmp/tmpxft_00072b36_00000000-46_embedding.o /tmp/tmpxft_00072b36_00000000-49_linear.o /tmp/tmpxft_00072b36_00000000-52_attention_head.o /tmp/tmpxft_00072b36_00000000-55_interface.o /tmp/tmpxft_00072b36_00000000-58_interface_back.o /tmp/tmpxft_00072b36_00000000-61_flash_attention.o  , /tmp/tmpxft_00072b36_00000000-62_attention_dlink.sm_52.cubin , sm_52 , nvcc , 5.4310 , ms
src/main.cpp src/kernel/utils.cu src/forward/Kernel/layer_norm.cu src/forward/Kernel/embedding.cu src/forward/Kernel/linear.cu src/forward/Kernel/attention_head.cu src/forward/Kernel/interface.cu src/backpropagation/Kernel/interface_back.cu src/backpropagation/Kernel/flash_attention.cu  , fatbinary , /tmp/tmpxft_00072b36_00000000-62_attention_dlink.sm_52.cubin  , /tmp/tmpxft_00072b36_00000000-36_attention_dlink.fatbin ,  , nvcc , 1.0890 , ms
src/main.cpp src/kernel/utils.cu src/forward/Kernel/layer_norm.cu src/forward/Kernel/embedding.cu src/forward/Kernel/linear.cu src/forward/Kernel/attention_head.cu src/forward/Kernel/interface.cu src/backpropagation/Kernel/interface_back.cu src/backpropagation/Kernel/flash_attention.cu  , gcc (compiling) , /usr/lib/nvidia-cuda-toolkit/bin/crt/link.stub  , /tmp/tmpxft_00072b36_00000000-63_attention_dlink.o ,  , nvcc , 14.1500 , ms
src/main.cpp src/kernel/utils.cu src/forward/Kernel/layer_norm.cu src/forward/Kernel/embedding.cu src/forward/Kernel/linear.cu src/forward/Kernel/attention_head.cu src/forward/Kernel/interface.cu src/backpropagation/Kernel/interface_back.cu src/backpropagation/Kernel/flash_attention.cu  , gcc (linking) , /tmp/tmpxft_00072b36_00000000-63_attention_dlink.o /tmp/tmpxft_00072b36_00000000-37_main.o /tmp/tmpxft_00072b36_00000000-40_utils.o /tmp/tmpxft_00072b36_00000000-43_layer_norm.o /tmp/tmpxft_00072b36_00000000-46_embedding.o /tmp/tmpxft_00072b36_00000000-49_linear.o /tmp/tmpxft_00072b36_00000000-52_attention_head.o /tmp/tmpxft_00072b36_00000000-55_interface.o /tmp/tmpxft_00072b36_00000000-58_interface_back.o /tmp/tmpxft_00072b36_00000000-61_flash_attention.o  , src/bin/attention ,  , nvcc , 82.3210 , ms
 , nvcc (driver) ,  , src/bin/attention ,  , nvcc , 2.9375 , ms
src/main.cpp , gcc (compiling) , src/main.cpp  , /tmp/tmpxft_00072e51_00000000-37_main.o ,  , nvcc , 3092.3850 , ms
src/kernel/utils.cu , gcc (preprocessing 4) , src/kernel/utils.cu  , /tmp/tmpxft_00072e51_00000000-5_utils.cpp4.ii ,  , nvcc , 162.5200 , ms
src/kernel/utils.cu , cudafe++ , /tmp/tmpxft_00072e51_00000000-5_utils.cpp4.ii  , /tmp/tmpxft_00072e51_00000000-6_utils.cudafe1.cpp , compute_52 , nvcc , 723.8320 , ms
src/kernel/utils.cu , gcc (preprocessing 1) , src/kernel/utils.cu  , /tmp/tmpxft_00072e51_00000000-38_utils.cpp1.ii , compute_52 , nvcc , 125.8380 , ms
src/kernel/utils.cu , cicc ,  /tmp/tmpxft_00072e51_00000000-38_utils.cpp1.ii  , /tmp/tmpxft_00072e51_00000000-6_utils.ptx , compute_52 , nvcc , 667.1910 , ms
src/kernel/utils.cu , ptxas , /tmp/tmpxft_00072e51_00000000-6_utils.ptx  , /tmp/tmpxft_00072e51_00000000-39_utils.sm_52.cubin , sm_52 , nvcc , 94.9990 , ms
src/kernel/utils.cu , fatbinary , /tmp/tmpxft_00072e51_00000000-39_utils.sm_52.cubin /tmp/tmpxft_00072e51_00000000-6_utils.ptx  , /tmp/tmpxft_00072e51_00000000-3_utils.fatbin ,  , nvcc , 13.7250 , ms
src/kernel/utils.cu , gcc (compiling) ,   , /tmp/tmpxft_00072e51_00000000-40_utils.o , compute_52 , nvcc , 651.8860 , ms
src/forward/Kernel/layer_norm.cu , gcc (preprocessing 4) , src/forward/Kernel/layer_norm.cu  , /tmp/tmpxft_00072e51_00000000-9_layer_norm.cpp4.ii ,  , nvcc , 154.3440 , ms
src/forward/Kernel/layer_norm.cu , cudafe++ , /tmp/tmpxft_00072e51_00000000-9_layer_norm.cpp4.ii  , /tmp/tmpxft_00072e51_00000000-10_layer_norm.cudafe1.cpp , compute_52 , nvcc , 717.4560 , ms
src/forward/Kernel/layer_norm.cu , gcc (preprocessing 1) , src/forward/Kernel/layer_norm.cu  , /tmp/tmpxft_00072e51_00000000-41_layer_norm.cpp1.ii , compute_52 , nvcc , 135.2570 , ms
src/forward/Kernel/layer_norm.cu , cicc ,  /tmp/tmpxft_00072e51_00000000-41_layer_norm.cpp1.ii  , /tmp/tmpxft_00072e51_00000000-10_layer_norm.ptx , compute_52 , nvcc , 706.4770 , ms
src/forward/Kernel/layer_norm.cu , ptxas , /tmp/tmpxft_00072e51_00000000-10_layer_norm.ptx  , /tmp/tmpxft_00072e51_00000000-42_layer_norm.sm_52.cubin , sm_52 , nvcc , 117.4240 , ms
src/forward/Kernel/layer_norm.cu , fatbinary , /tmp/tmpxft_00072e51_00000000-42_layer_norm.sm_52.cubin /tmp/tmpxft_00072e51_00000000-10_layer_norm.ptx  , /tmp/tmpxft_00072e51_00000000-7_layer_norm.fatbin ,  , nvcc , 14.6060 , ms
src/forward/Kernel/layer_norm.cu , gcc (compiling) ,   , /tmp/tmpxft_00072e51_00000000-43_layer_norm.o , compute_52 , nvcc , 659.6780 , ms
src/forward/Kernel/embedding.cu , gcc (preprocessing 4) , src/forward/Kernel/embedding.cu  , /tmp/tmpxft_00072e51_00000000-13_embedding.cpp4.ii ,  , nvcc , 164.3000 , ms
src/forward/Kernel/embedding.cu , cudafe++ , /tmp/tmpxft_00072e51_00000000-13_embedding.cpp4.ii  , /tmp/tmpxft_00072e51_00000000-14_embedding.cudafe1.cpp , compute_52 , nvcc , 731.8320 , ms
src/forward/Kernel/embedding.cu , gcc (preprocessing 1) , src/forward/Kernel/embedding.cu  , /tmp/tmpxft_00072e51_00000000-44_embedding.cpp1.ii , compute_52 , nvcc , 126.4390 , ms
src/forward/Kernel/embedding.cu , cicc ,  /tmp/tmpxft_00072e51_00000000-44_embedding.cpp1.ii  , /tmp/tmpxft_00072e51_00000000-14_embedding.ptx , compute_52 , nvcc , 693.3820 , ms
src/forward/Kernel/embedding.cu , ptxas , /tmp/tmpxft_00072e51_00000000-14_embedding.ptx  , /tmp/tmpxft_00072e51_00000000-45_embedding.sm_52.cubin , sm_52 , nvcc , 111.6340 , ms
src/forward/Kernel/embedding.cu , fatbinary , /tmp/tmpxft_00072e51_00000000-45_embedding.sm_52.cubin /tmp/tmpxft_00072e51_00000000-14_embedding.ptx  , /tmp/tmpxft_00072e51_00000000-11_embedding.fatbin ,  , nvcc , 14.9020 , ms
src/forward/Kernel/embedding.cu , gcc (compiling) ,   , /tmp/tmpxft_00072e51_00000000-46_embedding.o , compute_52 , nvcc , 645.9180 , ms
src/forward/Kernel/linear.cu , gcc (preprocessing 4) , src/forward/Kernel/linear.cu  , /tmp/tmpxft_00072e51_00000000-17_linear.cpp4.ii ,  , nvcc , 150.8140 , ms
src/forward/Kernel/linear.cu , cudafe++ , /tmp/tmpxft_00072e51_00000000-17_linear.cpp4.ii  , /tmp/tmpxft_00072e51_00000000-18_linear.cudafe1.cpp , compute_52 , nvcc , 748.4320 , ms
src/forward/Kernel/linear.cu , gcc (preprocessing 1) , src/forward/Kernel/linear.cu  , /tmp/tmpxft_00072e51_00000000-47_linear.cpp1.ii , compute_52 , nvcc , 134.1590 , ms
src/forward/Kernel/linear.cu , cicc ,  /tmp/tmpxft_00072e51_00000000-47_linear.cpp1.ii  , /tmp/tmpxft_00072e51_00000000-18_linear.ptx , compute_52 , nvcc , 747.8520 , ms
src/forward/Kernel/linear.cu , ptxas , /tmp/tmpxft_00072e51_00000000-18_linear.ptx  , /tmp/tmpxft_00072e51_00000000-48_linear.sm_52.cubin , sm_52 , nvcc , 117.6650 , ms
src/forward/Kernel/linear.cu , fatbinary , /tmp/tmpxft_00072e51_00000000-48_linear.sm_52.cubin /tmp/tmpxft_00072e51_00000000-18_linear.ptx  , /tmp/tmpxft_00072e51_00000000-15_linear.fatbin ,  , nvcc , 13.8620 , ms
src/forward/Kernel/linear.cu , gcc (compiling) ,   , /tmp/tmpxft_00072e51_00000000-49_linear.o , compute_52 , nvcc , 648.8400 , ms
src/forward/Kernel/attention_head.cu , gcc (preprocessing 4) , src/forward/Kernel/attention_head.cu  , /tmp/tmpxft_00072e51_00000000-21_attention_head.cpp4.ii ,  , nvcc , 160.6790 , ms
src/forward/Kernel/attention_head.cu , cudafe++ , /tmp/tmpxft_00072e51_00000000-21_attention_head.cpp4.ii  , /tmp/tmpxft_00072e51_00000000-22_attention_head.cudafe1.cpp , compute_52 , nvcc , 716.3110 , ms
src/forward/Kernel/attention_head.cu , gcc (preprocessing 1) , src/forward/Kernel/attention_head.cu  , /tmp/tmpxft_00072e51_00000000-50_attention_head.cpp1.ii , compute_52 , nvcc , 134.2820 , ms
src/forward/Kernel/attention_head.cu , cicc ,  /tmp/tmpxft_00072e51_00000000-50_attention_head.cpp1.ii  , /tmp/tmpxft_00072e51_00000000-22_attention_head.ptx , compute_52 , nvcc , 723.1380 , ms
src/forward/Kernel/attention_head.cu , ptxas , /tmp/tmpxft_00072e51_00000000-22_attention_head.ptx  , /tmp/tmpxft_00072e51_00000000-51_attention_head.sm_52.cubin , sm_52 , nvcc , 136.2580 , ms
src/forward/Kernel/attention_head.cu , fatbinary , /tmp/tmpxft_00072e51_00000000-51_attention_head.sm_52.cubin /tmp/tmpxft_00072e51_00000000-22_attention_head.ptx  , /tmp/tmpxft_00072e51_00000000-19_attention_head.fatbin ,  , nvcc , 15.0320 , ms
src/forward/Kernel/attention_head.cu , gcc (compiling) ,   , /tmp/tmpxft_00072e51_00000000-52_attention_head.o , compute_52 , nvcc , 666.0150 , ms
src/forward/Kernel/interface.cu , gcc (preprocessing 4) , src/forward/Kernel/interface.cu  , /tmp/tmpxft_00072e51_00000000-25_interface.cpp4.ii ,  , nvcc , 167.5920 , ms
src/forward/Kernel/interface.cu , cudafe++ , /tmp/tmpxft_00072e51_00000000-25_interface.cpp4.ii  , /tmp/tmpxft_00072e51_00000000-26_interface.cudafe1.cpp , compute_52 , nvcc , 724.1710 , ms
src/forward/Kernel/interface.cu , gcc (preprocessing 1) , src/forward/Kernel/interface.cu  , /tmp/tmpxft_00072e51_00000000-53_interface.cpp1.ii , compute_52 , nvcc , 127.3940 , ms
src/forward/Kernel/interface.cu , cicc ,  /tmp/tmpxft_00072e51_00000000-53_interface.cpp1.ii  , /tmp/tmpxft_00072e51_00000000-26_interface.ptx , compute_52 , nvcc , 674.6050 , ms
src/forward/Kernel/interface.cu , ptxas , /tmp/tmpxft_00072e51_00000000-26_interface.ptx  , /tmp/tmpxft_00072e51_00000000-54_interface.sm_52.cubin , sm_52 , nvcc , 94.5750 , ms
src/forward/Kernel/interface.cu , fatbinary , /tmp/tmpxft_00072e51_00000000-54_interface.sm_52.cubin /tmp/tmpxft_00072e51_00000000-26_interface.ptx  , /tmp/tmpxft_00072e51_00000000-23_interface.fatbin ,  , nvcc , 13.7080 , ms
src/forward/Kernel/interface.cu , gcc (compiling) ,   , /tmp/tmpxft_00072e51_00000000-55_interface.o , compute_52 , nvcc , 662.3780 , ms
src/backpropagation/Kernel/interface_back.cu , gcc (preprocessing 4) , src/backpropagation/Kernel/interface_back.cu  , /tmp/tmpxft_00072e51_00000000-29_interface_back.cpp4.ii ,  , nvcc , 227.1090 , ms
src/backpropagation/Kernel/interface_back.cu , cudafe++ , /tmp/tmpxft_00072e51_00000000-29_interface_back.cpp4.ii  , /tmp/tmpxft_00072e51_00000000-30_interface_back.cudafe1.cpp , compute_52 , nvcc , 1740.1610 , ms
src/backpropagation/Kernel/interface_back.cu , gcc (preprocessing 1) , src/backpropagation/Kernel/interface_back.cu  , /tmp/tmpxft_00072e51_00000000-56_interface_back.cpp1.ii , compute_52 , nvcc , 199.0360 , ms
src/backpropagation/Kernel/interface_back.cu , cicc ,  /tmp/tmpxft_00072e51_00000000-56_interface_back.cpp1.ii  , /tmp/tmpxft_00072e51_00000000-30_interface_back.ptx , compute_52 , nvcc , 2098.8501 , ms
src/backpropagation/Kernel/interface_back.cu , ptxas , /tmp/tmpxft_00072e51_00000000-30_interface_back.ptx  , /tmp/tmpxft_00072e51_00000000-57_interface_back.sm_52.cubin , sm_52 , nvcc , 113.4480 , ms
src/backpropagation/Kernel/interface_back.cu , fatbinary , /tmp/tmpxft_00072e51_00000000-57_interface_back.sm_52.cubin /tmp/tmpxft_00072e51_00000000-30_interface_back.ptx  , /tmp/tmpxft_00072e51_00000000-27_interface_back.fatbin ,  , nvcc , 14.6300 , ms
src/backpropagation/Kernel/interface_back.cu , gcc (compiling) ,   , /tmp/tmpxft_00072e51_00000000-58_interface_back.o , compute_52 , nvcc , 1792.9720 , ms
src/backpropagation/Kernel/flash_attention.cu , gcc (preprocessing 4) , src/backpropagation/Kernel/flash_attention.cu  , /tmp/tmpxft_00072e51_00000000-33_flash_attention.cpp4.ii ,  , nvcc , 164.8410 , ms
src/backpropagation/Kernel/flash_attention.cu , cudafe++ , /tmp/tmpxft_00072e51_00000000-33_flash_attention.cpp4.ii  , /tmp/tmpxft_00072e51_00000000-34_flash_attention.cudafe1.cpp , compute_52 , nvcc , 726.4230 , ms
src/backpropagation/Kernel/flash_attention.cu , gcc (preprocessing 1) , src/backpropagation/Kernel/flash_attention.cu  , /tmp/tmpxft_00072e51_00000000-59_flash_attention.cpp1.ii , compute_52 , nvcc , 128.4750 , ms
src/backpropagation/Kernel/flash_attention.cu , cicc ,  /tmp/tmpxft_00072e51_00000000-59_flash_attention.cpp1.ii  , /tmp/tmpxft_00072e51_00000000-34_flash_attention.ptx , compute_52 , nvcc , 707.2280 , ms
src/backpropagation/Kernel/flash_attention.cu , ptxas , /tmp/tmpxft_00072e51_00000000-34_flash_attention.ptx  , /tmp/tmpxft_00072e51_00000000-60_flash_attention.sm_52.cubin , sm_52 , nvcc , 115.9110 , ms
src/backpropagation/Kernel/flash_attention.cu , fatbinary , /tmp/tmpxft_00072e51_00000000-60_flash_attention.sm_52.cubin /tmp/tmpxft_00072e51_00000000-34_flash_attention.ptx  , /tmp/tmpxft_00072e51_00000000-31_flash_attention.fatbin ,  , nvcc , 14.0730 , ms
src/backpropagation/Kernel/flash_attention.cu , gcc (compiling) ,   , /tmp/tmpxft_00072e51_00000000-61_flash_attention.o , compute_52 , nvcc , 635.1240 , ms
src/main.cpp src/kernel/utils.cu src/forward/Kernel/layer_norm.cu src/forward/Kernel/embedding.cu src/forward/Kernel/linear.cu src/forward/Kernel/attention_head.cu src/forward/Kernel/interface.cu src/backpropagation/Kernel/interface_back.cu src/backpropagation/Kernel/flash_attention.cu  , nvlink , /tmp/tmpxft_00072e51_00000000-37_main.o /tmp/tmpxft_00072e51_00000000-40_utils.o /tmp/tmpxft_00072e51_00000000-43_layer_norm.o /tmp/tmpxft_00072e51_00000000-46_embedding.o /tmp/tmpxft_00072e51_00000000-49_linear.o /tmp/tmpxft_00072e51_00000000-52_attention_head.o /tmp/tmpxft_00072e51_00000000-55_interface.o /tmp/tmpxft_00072e51_00000000-58_interface_back.o /tmp/tmpxft_00072e51_00000000-61_flash_attention.o  , /tmp/tmpxft_00072e51_00000000-62_attention_dlink.sm_52.cubin , sm_52 , nvcc , 4.9370 , ms
src/main.cpp src/kernel/utils.cu src/forward/Kernel/layer_norm.cu src/forward/Kernel/embedding.cu src/forward/Kernel/linear.cu src/forward/Kernel/attention_head.cu src/forward/Kernel/interface.cu src/backpropagation/Kernel/interface_back.cu src/backpropagation/Kernel/flash_attention.cu  , fatbinary , /tmp/tmpxft_00072e51_00000000-62_attention_dlink.sm_52.cubin  , /tmp/tmpxft_00072e51_00000000-36_attention_dlink.fatbin ,  , nvcc , 1.0280 , ms
src/main.cpp src/kernel/utils.cu src/forward/Kernel/layer_norm.cu src/forward/Kernel/embedding.cu src/forward/Kernel/linear.cu src/forward/Kernel/attention_head.cu src/forward/Kernel/interface.cu src/backpropagation/Kernel/interface_back.cu src/backpropagation/Kernel/flash_attention.cu  , gcc (compiling) , /usr/lib/nvidia-cuda-toolkit/bin/crt/link.stub  , /tmp/tmpxft_00072e51_00000000-63_attention_dlink.o ,  , nvcc , 13.8780 , ms
src/main.cpp src/kernel/utils.cu src/forward/Kernel/layer_norm.cu src/forward/Kernel/embedding.cu src/forward/Kernel/linear.cu src/forward/Kernel/attention_head.cu src/forward/Kernel/interface.cu src/backpropagation/Kernel/interface_back.cu src/backpropagation/Kernel/flash_attention.cu  , gcc (linking) , /tmp/tmpxft_00072e51_00000000-63_attention_dlink.o /tmp/tmpxft_00072e51_00000000-37_main.o /tmp/tmpxft_00072e51_00000000-40_utils.o /tmp/tmpxft_00072e51_00000000-43_layer_norm.o /tmp/tmpxft_00072e51_00000000-46_embedding.o /tmp/tmpxft_00072e51_00000000-49_linear.o /tmp/tmpxft_00072e51_00000000-52_attention_head.o /tmp/tmpxft_00072e51_00000000-55_interface.o /tmp/tmpxft_00072e51_00000000-58_interface_back.o /tmp/tmpxft_00072e51_00000000-61_flash_attention.o  , src/bin/attention ,  , nvcc , 83.3200 , ms
 , nvcc (driver) ,  , src/bin/attention ,  , nvcc , 2.7773 , ms
src/main.cpp , gcc (compiling) , src/main.cpp  , /tmp/tmpxft_00073043_00000000-37_main.o ,  , nvcc , 2987.2339 , ms
src/kernel/utils.cu , gcc (preprocessing 4) , src/kernel/utils.cu  , /tmp/tmpxft_00073043_00000000-5_utils.cpp4.ii ,  , nvcc , 160.5320 , ms
src/kernel/utils.cu , cudafe++ , /tmp/tmpxft_00073043_00000000-5_utils.cpp4.ii  , /tmp/tmpxft_00073043_00000000-6_utils.cudafe1.cpp , compute_52 , nvcc , 789.8030 , ms
src/kernel/utils.cu , gcc (preprocessing 1) , src/kernel/utils.cu  , /tmp/tmpxft_00073043_00000000-38_utils.cpp1.ii , compute_52 , nvcc , 137.3530 , ms
src/kernel/utils.cu , cicc ,  /tmp/tmpxft_00073043_00000000-38_utils.cpp1.ii  , /tmp/tmpxft_00073043_00000000-6_utils.ptx , compute_52 , nvcc , 676.7250 , ms
src/kernel/utils.cu , ptxas , /tmp/tmpxft_00073043_00000000-6_utils.ptx  , /tmp/tmpxft_00073043_00000000-39_utils.sm_52.cubin , sm_52 , nvcc , 139.6980 , ms
src/kernel/utils.cu , fatbinary , /tmp/tmpxft_00073043_00000000-39_utils.sm_52.cubin /tmp/tmpxft_00073043_00000000-6_utils.ptx  , /tmp/tmpxft_00073043_00000000-3_utils.fatbin ,  , nvcc , 16.8350 , ms
src/kernel/utils.cu , gcc (compiling) ,   , /tmp/tmpxft_00073043_00000000-40_utils.o , compute_52 , nvcc , 683.6320 , ms
src/forward/Kernel/layer_norm.cu , gcc (preprocessing 4) , src/forward/Kernel/layer_norm.cu  , /tmp/tmpxft_00073043_00000000-9_layer_norm.cpp4.ii ,  , nvcc , 173.7980 , ms
src/forward/Kernel/layer_norm.cu , cudafe++ , /tmp/tmpxft_00073043_00000000-9_layer_norm.cpp4.ii  , /tmp/tmpxft_00073043_00000000-10_layer_norm.cudafe1.cpp , compute_52 , nvcc , 790.8280 , ms
src/forward/Kernel/layer_norm.cu , gcc (preprocessing 1) , src/forward/Kernel/layer_norm.cu  , /tmp/tmpxft_00073043_00000000-41_layer_norm.cpp1.ii , compute_52 , nvcc , 138.4410 , ms
src/forward/Kernel/layer_norm.cu , cicc ,  /tmp/tmpxft_00073043_00000000-41_layer_norm.cpp1.ii  , /tmp/tmpxft_00073043_00000000-10_layer_norm.ptx , compute_52 , nvcc , 705.6860 , ms
src/forward/Kernel/layer_norm.cu , ptxas , /tmp/tmpxft_00073043_00000000-10_layer_norm.ptx  , /tmp/tmpxft_00073043_00000000-42_layer_norm.sm_52.cubin , sm_52 , nvcc , 117.2600 , ms
src/forward/Kernel/layer_norm.cu , fatbinary , /tmp/tmpxft_00073043_00000000-42_layer_norm.sm_52.cubin /tmp/tmpxft_00073043_00000000-10_layer_norm.ptx  , /tmp/tmpxft_00073043_00000000-7_layer_norm.fatbin ,  , nvcc , 14.6410 , ms
src/forward/Kernel/layer_norm.cu , gcc (compiling) ,   , /tmp/tmpxft_00073043_00000000-43_layer_norm.o , compute_52 , nvcc , 689.4340 , ms
src/forward/Kernel/embedding.cu , gcc (preprocessing 4) , src/forward/Kernel/embedding.cu  , /tmp/tmpxft_00073043_00000000-13_embedding.cpp4.ii ,  , nvcc , 161.1240 , ms
src/forward/Kernel/embedding.cu , cudafe++ , /tmp/tmpxft_00073043_00000000-13_embedding.cpp4.ii  , /tmp/tmpxft_00073043_00000000-14_embedding.cudafe1.cpp , compute_52 , nvcc , 759.0490 , ms
src/forward/Kernel/embedding.cu , gcc (preprocessing 1) , src/forward/Kernel/embedding.cu  , /tmp/tmpxft_00073043_00000000-44_embedding.cpp1.ii , compute_52 , nvcc , 159.7460 , ms
src/forward/Kernel/embedding.cu , cicc ,  /tmp/tmpxft_00073043_00000000-44_embedding.cpp1.ii  , /tmp/tmpxft_00073043_00000000-14_embedding.ptx , compute_52 , nvcc , 794.7200 , ms
src/forward/Kernel/embedding.cu , ptxas , /tmp/tmpxft_00073043_00000000-14_embedding.ptx  , /tmp/tmpxft_00073043_00000000-45_embedding.sm_52.cubin , sm_52 , nvcc , 113.9310 , ms
src/forward/Kernel/embedding.cu , fatbinary , /tmp/tmpxft_00073043_00000000-45_embedding.sm_52.cubin /tmp/tmpxft_00073043_00000000-14_embedding.ptx  , /tmp/tmpxft_00073043_00000000-11_embedding.fatbin ,  , nvcc , 14.5920 , ms
src/forward/Kernel/embedding.cu , gcc (compiling) ,   , /tmp/tmpxft_00073043_00000000-46_embedding.o , compute_52 , nvcc , 691.4360 , ms
src/forward/Kernel/linear.cu , gcc (preprocessing 4) , src/forward/Kernel/linear.cu  , /tmp/tmpxft_00073043_00000000-17_linear.cpp4.ii ,  , nvcc , 166.9860 , ms
src/forward/Kernel/linear.cu , cudafe++ , /tmp/tmpxft_00073043_00000000-17_linear.cpp4.ii  , /tmp/tmpxft_00073043_00000000-18_linear.cudafe1.cpp , compute_52 , nvcc , 815.4190 , ms
src/forward/Kernel/linear.cu , gcc (preprocessing 1) , src/forward/Kernel/linear.cu  , /tmp/tmpxft_00073043_00000000-47_linear.cpp1.ii , compute_52 , nvcc , 194.0260 , ms
src/forward/Kernel/linear.cu , cicc ,  /tmp/tmpxft_00073043_00000000-47_linear.cpp1.ii  , /tmp/tmpxft_00073043_00000000-18_linear.ptx , compute_52 , nvcc , 780.9260 , ms
src/forward/Kernel/linear.cu , ptxas , /tmp/tmpxft_00073043_00000000-18_linear.ptx  , /tmp/tmpxft_00073043_00000000-48_linear.sm_52.cubin , sm_52 , nvcc , 124.1920 , ms
src/forward/Kernel/linear.cu , fatbinary , /tmp/tmpxft_00073043_00000000-48_linear.sm_52.cubin /tmp/tmpxft_00073043_00000000-18_linear.ptx  , /tmp/tmpxft_00073043_00000000-15_linear.fatbin ,  , nvcc , 14.0050 , ms
src/forward/Kernel/linear.cu , gcc (compiling) ,   , /tmp/tmpxft_00073043_00000000-49_linear.o , compute_52 , nvcc , 647.0650 , ms
src/forward/Kernel/attention_head.cu , gcc (preprocessing 4) , src/forward/Kernel/attention_head.cu  , /tmp/tmpxft_00073043_00000000-21_attention_head.cpp4.ii ,  , nvcc , 170.8460 , ms
src/forward/Kernel/attention_head.cu , cudafe++ , /tmp/tmpxft_00073043_00000000-21_attention_head.cpp4.ii  , /tmp/tmpxft_00073043_00000000-22_attention_head.cudafe1.cpp , compute_52 , nvcc , 882.0590 , ms
src/forward/Kernel/attention_head.cu , gcc (preprocessing 1) , src/forward/Kernel/attention_head.cu  , /tmp/tmpxft_00073043_00000000-50_attention_head.cpp1.ii , compute_52 , nvcc , 160.7940 , ms
src/forward/Kernel/attention_head.cu , cicc ,  /tmp/tmpxft_00073043_00000000-50_attention_head.cpp1.ii  , /tmp/tmpxft_00073043_00000000-22_attention_head.ptx , compute_52 , nvcc , 740.9660 , ms
src/forward/Kernel/attention_head.cu , ptxas , /tmp/tmpxft_00073043_00000000-22_attention_head.ptx  , /tmp/tmpxft_00073043_00000000-51_attention_head.sm_52.cubin , sm_52 , nvcc , 138.7240 , ms
src/forward/Kernel/attention_head.cu , fatbinary , /tmp/tmpxft_00073043_00000000-51_attention_head.sm_52.cubin /tmp/tmpxft_00073043_00000000-22_attention_head.ptx  , /tmp/tmpxft_00073043_00000000-19_attention_head.fatbin ,  , nvcc , 14.2380 , ms
src/forward/Kernel/attention_head.cu , gcc (compiling) ,   , /tmp/tmpxft_00073043_00000000-52_attention_head.o , compute_52 , nvcc , 687.1250 , ms
src/forward/Kernel/interface.cu , gcc (preprocessing 4) , src/forward/Kernel/interface.cu  , /tmp/tmpxft_00073043_00000000-25_interface.cpp4.ii ,  , nvcc , 150.8140 , ms
src/forward/Kernel/interface.cu , cudafe++ , /tmp/tmpxft_00073043_00000000-25_interface.cpp4.ii  , /tmp/tmpxft_00073043_00000000-26_interface.cudafe1.cpp , compute_52 , nvcc , 743.6150 , ms
src/forward/Kernel/interface.cu , gcc (preprocessing 1) , src/forward/Kernel/interface.cu  , /tmp/tmpxft_00073043_00000000-53_interface.cpp1.ii , compute_52 , nvcc , 139.3560 , ms
src/forward/Kernel/interface.cu , cicc ,  /tmp/tmpxft_00073043_00000000-53_interface.cpp1.ii  , /tmp/tmpxft_00073043_00000000-26_interface.ptx , compute_52 , nvcc , 855.0600 , ms
src/forward/Kernel/interface.cu , ptxas , /tmp/tmpxft_00073043_00000000-26_interface.ptx  , /tmp/tmpxft_00073043_00000000-54_interface.sm_52.cubin , sm_52 , nvcc , 130.2620 , ms
src/forward/Kernel/interface.cu , fatbinary , /tmp/tmpxft_00073043_00000000-54_interface.sm_52.cubin /tmp/tmpxft_00073043_00000000-26_interface.ptx  , /tmp/tmpxft_00073043_00000000-23_interface.fatbin ,  , nvcc , 14.2750 , ms
src/forward/Kernel/interface.cu , gcc (compiling) ,   , /tmp/tmpxft_00073043_00000000-55_interface.o , compute_52 , nvcc , 676.4510 , ms
src/backpropagation/Kernel/interface_back.cu , gcc (preprocessing 4) , src/backpropagation/Kernel/interface_back.cu  , /tmp/tmpxft_00073043_00000000-29_interface_back.cpp4.ii ,  , nvcc , 236.4260 , ms
src/backpropagation/Kernel/interface_back.cu , cudafe++ , /tmp/tmpxft_00073043_00000000-29_interface_back.cpp4.ii  , /tmp/tmpxft_00073043_00000000-30_interface_back.cudafe1.cpp , compute_52 , nvcc , 1844.3401 , ms
src/backpropagation/Kernel/interface_back.cu , gcc (preprocessing 1) , src/backpropagation/Kernel/interface_back.cu  , /tmp/tmpxft_00073043_00000000-56_interface_back.cpp1.ii , compute_52 , nvcc , 201.6260 , ms
src/backpropagation/Kernel/interface_back.cu , cicc ,  /tmp/tmpxft_00073043_00000000-56_interface_back.cpp1.ii  , /tmp/tmpxft_00073043_00000000-30_interface_back.ptx , compute_52 , nvcc , 2057.9241 , ms
src/backpropagation/Kernel/interface_back.cu , ptxas , /tmp/tmpxft_00073043_00000000-30_interface_back.ptx  , /tmp/tmpxft_00073043_00000000-57_interface_back.sm_52.cubin , sm_52 , nvcc , 114.7970 , ms
src/backpropagation/Kernel/interface_back.cu , fatbinary , /tmp/tmpxft_00073043_00000000-57_interface_back.sm_52.cubin /tmp/tmpxft_00073043_00000000-30_interface_back.ptx  , /tmp/tmpxft_00073043_00000000-27_interface_back.fatbin ,  , nvcc , 14.2240 , ms
src/backpropagation/Kernel/interface_back.cu , gcc (compiling) ,   , /tmp/tmpxft_00073043_00000000-58_interface_back.o , compute_52 , nvcc , 1786.4000 , ms
src/backpropagation/Kernel/flash_attention.cu , gcc (preprocessing 4) , src/backpropagation/Kernel/flash_attention.cu  , /tmp/tmpxft_00073043_00000000-33_flash_attention.cpp4.ii ,  , nvcc , 149.7030 , ms
src/backpropagation/Kernel/flash_attention.cu , cudafe++ , /tmp/tmpxft_00073043_00000000-33_flash_attention.cpp4.ii  , /tmp/tmpxft_00073043_00000000-34_flash_attention.cudafe1.cpp , compute_52 , nvcc , 707.4000 , ms
src/backpropagation/Kernel/flash_attention.cu , gcc (preprocessing 1) , src/backpropagation/Kernel/flash_attention.cu  , /tmp/tmpxft_00073043_00000000-59_flash_attention.cpp1.ii , compute_52 , nvcc , 126.7450 , ms
src/backpropagation/Kernel/flash_attention.cu , cicc ,  /tmp/tmpxft_00073043_00000000-59_flash_attention.cpp1.ii  , /tmp/tmpxft_00073043_00000000-34_flash_attention.ptx , compute_52 , nvcc , 676.1130 , ms
src/backpropagation/Kernel/flash_attention.cu , ptxas , /tmp/tmpxft_00073043_00000000-34_flash_attention.ptx  , /tmp/tmpxft_00073043_00000000-60_flash_attention.sm_52.cubin , sm_52 , nvcc , 117.6520 , ms
src/backpropagation/Kernel/flash_attention.cu , fatbinary , /tmp/tmpxft_00073043_00000000-60_flash_attention.sm_52.cubin /tmp/tmpxft_00073043_00000000-34_flash_attention.ptx  , /tmp/tmpxft_00073043_00000000-31_flash_attention.fatbin ,  , nvcc , 14.3540 , ms
src/backpropagation/Kernel/flash_attention.cu , gcc (compiling) ,   , /tmp/tmpxft_00073043_00000000-61_flash_attention.o , compute_52 , nvcc , 659.5980 , ms
src/main.cpp src/kernel/utils.cu src/forward/Kernel/layer_norm.cu src/forward/Kernel/embedding.cu src/forward/Kernel/linear.cu src/forward/Kernel/attention_head.cu src/forward/Kernel/interface.cu src/backpropagation/Kernel/interface_back.cu src/backpropagation/Kernel/flash_attention.cu  , nvlink , /tmp/tmpxft_00073043_00000000-37_main.o /tmp/tmpxft_00073043_00000000-40_utils.o /tmp/tmpxft_00073043_00000000-43_layer_norm.o /tmp/tmpxft_00073043_00000000-46_embedding.o /tmp/tmpxft_00073043_00000000-49_linear.o /tmp/tmpxft_00073043_00000000-52_attention_head.o /tmp/tmpxft_00073043_00000000-55_interface.o /tmp/tmpxft_00073043_00000000-58_interface_back.o /tmp/tmpxft_00073043_00000000-61_flash_attention.o  , /tmp/tmpxft_00073043_00000000-62_attention_dlink.sm_52.cubin , sm_52 , nvcc , 4.7980 , ms
src/main.cpp src/kernel/utils.cu src/forward/Kernel/layer_norm.cu src/forward/Kernel/embedding.cu src/forward/Kernel/linear.cu src/forward/Kernel/attention_head.cu src/forward/Kernel/interface.cu src/backpropagation/Kernel/interface_back.cu src/backpropagation/Kernel/flash_attention.cu  , fatbinary , /tmp/tmpxft_00073043_00000000-62_attention_dlink.sm_52.cubin  , /tmp/tmpxft_00073043_00000000-36_attention_dlink.fatbin ,  , nvcc , 1.0290 , ms
src/main.cpp src/kernel/utils.cu src/forward/Kernel/layer_norm.cu src/forward/Kernel/embedding.cu src/forward/Kernel/linear.cu src/forward/Kernel/attention_head.cu src/forward/Kernel/interface.cu src/backpropagation/Kernel/interface_back.cu src/backpropagation/Kernel/flash_attention.cu  , gcc (compiling) , /usr/lib/nvidia-cuda-toolkit/bin/crt/link.stub  , /tmp/tmpxft_00073043_00000000-63_attention_dlink.o ,  , nvcc , 13.5000 , ms
src/main.cpp src/kernel/utils.cu src/forward/Kernel/layer_norm.cu src/forward/Kernel/embedding.cu src/forward/Kernel/linear.cu src/forward/Kernel/attention_head.cu src/forward/Kernel/interface.cu src/backpropagation/Kernel/interface_back.cu src/backpropagation/Kernel/flash_attention.cu  , gcc (linking) , /tmp/tmpxft_00073043_00000000-63_attention_dlink.o /tmp/tmpxft_00073043_00000000-37_main.o /tmp/tmpxft_00073043_00000000-40_utils.o /tmp/tmpxft_00073043_00000000-43_layer_norm.o /tmp/tmpxft_00073043_00000000-46_embedding.o /tmp/tmpxft_00073043_00000000-49_linear.o /tmp/tmpxft_00073043_00000000-52_attention_head.o /tmp/tmpxft_00073043_00000000-55_interface.o /tmp/tmpxft_00073043_00000000-58_interface_back.o /tmp/tmpxft_00073043_00000000-61_flash_attention.o  , src/bin/attention ,  , nvcc , 79.8940 , ms
 , nvcc (driver) ,  , src/bin/attention ,  , nvcc , 2.9121 , ms
src/main.cpp , gcc (compiling) , src/main.cpp  , /tmp/tmpxft_00073394_00000000-37_main.o ,  , nvcc , 2877.3850 , ms
src/kernel/utils.cu , gcc (preprocessing 4) , src/kernel/utils.cu  , /tmp/tmpxft_00073394_00000000-5_utils.cpp4.ii ,  , nvcc , 166.1160 , ms
src/kernel/utils.cu , cudafe++ , /tmp/tmpxft_00073394_00000000-5_utils.cpp4.ii  , /tmp/tmpxft_00073394_00000000-6_utils.cudafe1.cpp , compute_52 , nvcc , 770.3590 , ms
src/kernel/utils.cu , gcc (preprocessing 1) , src/kernel/utils.cu  , /tmp/tmpxft_00073394_00000000-38_utils.cpp1.ii , compute_52 , nvcc , 135.9490 , ms
src/kernel/utils.cu , cicc ,  /tmp/tmpxft_00073394_00000000-38_utils.cpp1.ii  , /tmp/tmpxft_00073394_00000000-6_utils.ptx , compute_52 , nvcc , 705.0410 , ms
src/kernel/utils.cu , ptxas , /tmp/tmpxft_00073394_00000000-6_utils.ptx  , /tmp/tmpxft_00073394_00000000-39_utils.sm_52.cubin , sm_52 , nvcc , 106.7430 , ms
src/kernel/utils.cu , fatbinary , /tmp/tmpxft_00073394_00000000-39_utils.sm_52.cubin /tmp/tmpxft_00073394_00000000-6_utils.ptx  , /tmp/tmpxft_00073394_00000000-3_utils.fatbin ,  , nvcc , 13.9730 , ms
src/kernel/utils.cu , gcc (compiling) ,   , /tmp/tmpxft_00073394_00000000-40_utils.o , compute_52 , nvcc , 676.1720 , ms
src/forward/Kernel/layer_norm.cu , gcc (preprocessing 4) , src/forward/Kernel/layer_norm.cu  , /tmp/tmpxft_00073394_00000000-9_layer_norm.cpp4.ii ,  , nvcc , 154.9110 , ms
src/forward/Kernel/layer_norm.cu , cudafe++ , /tmp/tmpxft_00073394_00000000-9_layer_norm.cpp4.ii  , /tmp/tmpxft_00073394_00000000-10_layer_norm.cudafe1.cpp , compute_52 , nvcc , 730.6160 , ms
src/forward/Kernel/layer_norm.cu , gcc (preprocessing 1) , src/forward/Kernel/layer_norm.cu  , /tmp/tmpxft_00073394_00000000-41_layer_norm.cpp1.ii , compute_52 , nvcc , 142.6800 , ms
src/forward/Kernel/layer_norm.cu , cicc ,  /tmp/tmpxft_00073394_00000000-41_layer_norm.cpp1.ii  , /tmp/tmpxft_00073394_00000000-10_layer_norm.ptx , compute_52 , nvcc , 688.9370 , ms
src/forward/Kernel/layer_norm.cu , ptxas , /tmp/tmpxft_00073394_00000000-10_layer_norm.ptx  , /tmp/tmpxft_00073394_00000000-42_layer_norm.sm_52.cubin , sm_52 , nvcc , 117.4040 , ms
src/forward/Kernel/layer_norm.cu , fatbinary , /tmp/tmpxft_00073394_00000000-42_layer_norm.sm_52.cubin /tmp/tmpxft_00073394_00000000-10_layer_norm.ptx  , /tmp/tmpxft_00073394_00000000-7_layer_norm.fatbin ,  , nvcc , 15.2940 , ms
src/forward/Kernel/layer_norm.cu , gcc (compiling) ,   , /tmp/tmpxft_00073394_00000000-43_layer_norm.o , compute_52 , nvcc , 644.8870 , ms
src/forward/Kernel/embedding.cu , gcc (preprocessing 4) , src/forward/Kernel/embedding.cu  , /tmp/tmpxft_00073394_00000000-13_embedding.cpp4.ii ,  , nvcc , 182.3310 , ms
src/forward/Kernel/embedding.cu , cudafe++ , /tmp/tmpxft_00073394_00000000-13_embedding.cpp4.ii  , /tmp/tmpxft_00073394_00000000-14_embedding.cudafe1.cpp , compute_52 , nvcc , 749.1470 , ms
src/forward/Kernel/embedding.cu , gcc (preprocessing 1) , src/forward/Kernel/embedding.cu  , /tmp/tmpxft_00073394_00000000-44_embedding.cpp1.ii , compute_52 , nvcc , 142.9840 , ms
src/forward/Kernel/embedding.cu , cicc ,  /tmp/tmpxft_00073394_00000000-44_embedding.cpp1.ii  , /tmp/tmpxft_00073394_00000000-14_embedding.ptx , compute_52 , nvcc , 718.0300 , ms
src/forward/Kernel/embedding.cu , ptxas , /tmp/tmpxft_00073394_00000000-14_embedding.ptx  , /tmp/tmpxft_00073394_00000000-45_embedding.sm_52.cubin , sm_52 , nvcc , 104.4350 , ms
src/forward/Kernel/embedding.cu , fatbinary , /tmp/tmpxft_00073394_00000000-45_embedding.sm_52.cubin /tmp/tmpxft_00073394_00000000-14_embedding.ptx  , /tmp/tmpxft_00073394_00000000-11_embedding.fatbin ,  , nvcc , 13.6680 , ms
src/forward/Kernel/embedding.cu , gcc (compiling) ,   , /tmp/tmpxft_00073394_00000000-46_embedding.o , compute_52 , nvcc , 666.2010 , ms
src/forward/Kernel/linear.cu , gcc (preprocessing 4) , src/forward/Kernel/linear.cu  , /tmp/tmpxft_00073394_00000000-17_linear.cpp4.ii ,  , nvcc , 152.0480 , ms
src/forward/Kernel/linear.cu , cudafe++ , /tmp/tmpxft_00073394_00000000-17_linear.cpp4.ii  , /tmp/tmpxft_00073394_00000000-18_linear.cudafe1.cpp , compute_52 , nvcc , 725.6230 , ms
src/forward/Kernel/linear.cu , gcc (preprocessing 1) , src/forward/Kernel/linear.cu  , /tmp/tmpxft_00073394_00000000-47_linear.cpp1.ii , compute_52 , nvcc , 135.9550 , ms
src/forward/Kernel/linear.cu , cicc ,  /tmp/tmpxft_00073394_00000000-47_linear.cpp1.ii  , /tmp/tmpxft_00073394_00000000-18_linear.ptx , compute_52 , nvcc , 759.8970 , ms
src/forward/Kernel/linear.cu , ptxas , /tmp/tmpxft_00073394_00000000-18_linear.ptx  , /tmp/tmpxft_00073394_00000000-48_linear.sm_52.cubin , sm_52 , nvcc , 120.4990 , ms
src/forward/Kernel/linear.cu , fatbinary , /tmp/tmpxft_00073394_00000000-48_linear.sm_52.cubin /tmp/tmpxft_00073394_00000000-18_linear.ptx  , /tmp/tmpxft_00073394_00000000-15_linear.fatbin ,  , nvcc , 14.1200 , ms
src/forward/Kernel/linear.cu , gcc (compiling) ,   , /tmp/tmpxft_00073394_00000000-49_linear.o , compute_52 , nvcc , 672.6080 , ms
src/forward/Kernel/attention_head.cu , gcc (preprocessing 4) , src/forward/Kernel/attention_head.cu  , /tmp/tmpxft_00073394_00000000-21_attention_head.cpp4.ii ,  , nvcc , 155.7450 , ms
src/forward/Kernel/attention_head.cu , cudafe++ , /tmp/tmpxft_00073394_00000000-21_attention_head.cpp4.ii  , /tmp/tmpxft_00073394_00000000-22_attention_head.cudafe1.cpp , compute_52 , nvcc , 761.6760 , ms
src/forward/Kernel/attention_head.cu , gcc (preprocessing 1) , src/forward/Kernel/attention_head.cu  , /tmp/tmpxft_00073394_00000000-50_attention_head.cpp1.ii , compute_52 , nvcc , 140.5840 , ms
src/forward/Kernel/attention_head.cu , cicc ,  /tmp/tmpxft_00073394_00000000-50_attention_head.cpp1.ii  , /tmp/tmpxft_00073394_00000000-22_attention_head.ptx , compute_52 , nvcc , 710.6820 , ms
src/forward/Kernel/attention_head.cu , ptxas , /tmp/tmpxft_00073394_00000000-22_attention_head.ptx  , /tmp/tmpxft_00073394_00000000-51_attention_head.sm_52.cubin , sm_52 , nvcc , 134.3800 , ms
src/forward/Kernel/attention_head.cu , fatbinary , /tmp/tmpxft_00073394_00000000-51_attention_head.sm_52.cubin /tmp/tmpxft_00073394_00000000-22_attention_head.ptx  , /tmp/tmpxft_00073394_00000000-19_attention_head.fatbin ,  , nvcc , 14.6940 , ms
src/forward/Kernel/attention_head.cu , gcc (compiling) ,   , /tmp/tmpxft_00073394_00000000-52_attention_head.o , compute_52 , nvcc , 698.1360 , ms
src/forward/Kernel/interface.cu , gcc (preprocessing 4) , src/forward/Kernel/interface.cu  , /tmp/tmpxft_00073394_00000000-25_interface.cpp4.ii ,  , nvcc , 169.4180 , ms
src/forward/Kernel/interface.cu , cudafe++ , /tmp/tmpxft_00073394_00000000-25_interface.cpp4.ii  , /tmp/tmpxft_00073394_00000000-26_interface.cudafe1.cpp , compute_52 , nvcc , 754.6090 , ms
src/forward/Kernel/interface.cu , gcc (preprocessing 1) , src/forward/Kernel/interface.cu  , /tmp/tmpxft_00073394_00000000-53_interface.cpp1.ii , compute_52 , nvcc , 133.1750 , ms
src/forward/Kernel/interface.cu , cicc ,  /tmp/tmpxft_00073394_00000000-53_interface.cpp1.ii  , /tmp/tmpxft_00073394_00000000-26_interface.ptx , compute_52 , nvcc , 700.6060 , ms
src/forward/Kernel/interface.cu , ptxas , /tmp/tmpxft_00073394_00000000-26_interface.ptx  , /tmp/tmpxft_00073394_00000000-54_interface.sm_52.cubin , sm_52 , nvcc , 103.4940 , ms
src/forward/Kernel/interface.cu , fatbinary , /tmp/tmpxft_00073394_00000000-54_interface.sm_52.cubin /tmp/tmpxft_00073394_00000000-26_interface.ptx  , /tmp/tmpxft_00073394_00000000-23_interface.fatbin ,  , nvcc , 14.6000 , ms
src/forward/Kernel/interface.cu , gcc (compiling) ,   , /tmp/tmpxft_00073394_00000000-55_interface.o , compute_52 , nvcc , 685.6580 , ms
src/backpropagation/Kernel/interface_back.cu , gcc (preprocessing 4) , src/backpropagation/Kernel/interface_back.cu  , /tmp/tmpxft_00073394_00000000-29_interface_back.cpp4.ii ,  , nvcc , 230.9890 , ms
src/backpropagation/Kernel/interface_back.cu , cudafe++ , /tmp/tmpxft_00073394_00000000-29_interface_back.cpp4.ii  , /tmp/tmpxft_00073394_00000000-30_interface_back.cudafe1.cpp , compute_52 , nvcc , 2144.2979 , ms
src/backpropagation/Kernel/interface_back.cu , gcc (preprocessing 1) , src/backpropagation/Kernel/interface_back.cu  , /tmp/tmpxft_00073394_00000000-56_interface_back.cpp1.ii , compute_52 , nvcc , 259.3000 , ms
src/backpropagation/Kernel/interface_back.cu , cicc ,  /tmp/tmpxft_00073394_00000000-56_interface_back.cpp1.ii  , /tmp/tmpxft_00073394_00000000-30_interface_back.ptx , compute_52 , nvcc , 2495.5249 , ms
src/backpropagation/Kernel/interface_back.cu , ptxas , /tmp/tmpxft_00073394_00000000-30_interface_back.ptx  , /tmp/tmpxft_00073394_00000000-57_interface_back.sm_52.cubin , sm_52 , nvcc , 111.6280 , ms
src/backpropagation/Kernel/interface_back.cu , fatbinary , /tmp/tmpxft_00073394_00000000-57_interface_back.sm_52.cubin /tmp/tmpxft_00073394_00000000-30_interface_back.ptx  , /tmp/tmpxft_00073394_00000000-27_interface_back.fatbin ,  , nvcc , 14.0250 , ms
src/backpropagation/Kernel/interface_back.cu , gcc (compiling) ,   , /tmp/tmpxft_00073394_00000000-58_interface_back.o , compute_52 , nvcc , 1861.1100 , ms
src/backpropagation/Kernel/flash_attention.cu , gcc (preprocessing 4) , src/backpropagation/Kernel/flash_attention.cu  , /tmp/tmpxft_00073394_00000000-33_flash_attention.cpp4.ii ,  , nvcc , 185.5640 , ms
src/backpropagation/Kernel/flash_attention.cu , cudafe++ , /tmp/tmpxft_00073394_00000000-33_flash_attention.cpp4.ii  , /tmp/tmpxft_00073394_00000000-34_flash_attention.cudafe1.cpp , compute_52 , nvcc , 867.2690 , ms
src/backpropagation/Kernel/flash_attention.cu , gcc (preprocessing 1) , src/backpropagation/Kernel/flash_attention.cu  , /tmp/tmpxft_00073394_00000000-59_flash_attention.cpp1.ii , compute_52 , nvcc , 149.2230 , ms
src/backpropagation/Kernel/flash_attention.cu , cicc ,  /tmp/tmpxft_00073394_00000000-59_flash_attention.cpp1.ii  , /tmp/tmpxft_00073394_00000000-34_flash_attention.ptx , compute_52 , nvcc , 785.9350 , ms
src/backpropagation/Kernel/flash_attention.cu , ptxas , /tmp/tmpxft_00073394_00000000-34_flash_attention.ptx  , /tmp/tmpxft_00073394_00000000-60_flash_attention.sm_52.cubin , sm_52 , nvcc , 122.9800 , ms
src/backpropagation/Kernel/flash_attention.cu , fatbinary , /tmp/tmpxft_00073394_00000000-60_flash_attention.sm_52.cubin /tmp/tmpxft_00073394_00000000-34_flash_attention.ptx  , /tmp/tmpxft_00073394_00000000-31_flash_attention.fatbin ,  , nvcc , 14.5950 , ms
src/backpropagation/Kernel/flash_attention.cu , gcc (compiling) ,   , /tmp/tmpxft_00073394_00000000-61_flash_attention.o , compute_52 , nvcc , 673.1970 , ms
src/main.cpp src/kernel/utils.cu src/forward/Kernel/layer_norm.cu src/forward/Kernel/embedding.cu src/forward/Kernel/linear.cu src/forward/Kernel/attention_head.cu src/forward/Kernel/interface.cu src/backpropagation/Kernel/interface_back.cu src/backpropagation/Kernel/flash_attention.cu  , nvlink , /tmp/tmpxft_00073394_00000000-37_main.o /tmp/tmpxft_00073394_00000000-40_utils.o /tmp/tmpxft_00073394_00000000-43_layer_norm.o /tmp/tmpxft_00073394_00000000-46_embedding.o /tmp/tmpxft_00073394_00000000-49_linear.o /tmp/tmpxft_00073394_00000000-52_attention_head.o /tmp/tmpxft_00073394_00000000-55_interface.o /tmp/tmpxft_00073394_00000000-58_interface_back.o /tmp/tmpxft_00073394_00000000-61_flash_attention.o  , /tmp/tmpxft_00073394_00000000-62_attention_dlink.sm_52.cubin , sm_52 , nvcc , 5.2270 , ms
src/main.cpp src/kernel/utils.cu src/forward/Kernel/layer_norm.cu src/forward/Kernel/embedding.cu src/forward/Kernel/linear.cu src/forward/Kernel/attention_head.cu src/forward/Kernel/interface.cu src/backpropagation/Kernel/interface_back.cu src/backpropagation/Kernel/flash_attention.cu  , fatbinary , /tmp/tmpxft_00073394_00000000-62_attention_dlink.sm_52.cubin  , /tmp/tmpxft_00073394_00000000-36_attention_dlink.fatbin ,  , nvcc , 1.2560 , ms
src/main.cpp src/kernel/utils.cu src/forward/Kernel/layer_norm.cu src/forward/Kernel/embedding.cu src/forward/Kernel/linear.cu src/forward/Kernel/attention_head.cu src/forward/Kernel/interface.cu src/backpropagation/Kernel/interface_back.cu src/backpropagation/Kernel/flash_attention.cu  , gcc (compiling) , /usr/lib/nvidia-cuda-toolkit/bin/crt/link.stub  , /tmp/tmpxft_00073394_00000000-63_attention_dlink.o ,  , nvcc , 14.5920 , ms
src/main.cpp src/kernel/utils.cu src/forward/Kernel/layer_norm.cu src/forward/Kernel/embedding.cu src/forward/Kernel/linear.cu src/forward/Kernel/attention_head.cu src/forward/Kernel/interface.cu src/backpropagation/Kernel/interface_back.cu src/backpropagation/Kernel/flash_attention.cu  , gcc (linking) , /tmp/tmpxft_00073394_00000000-63_attention_dlink.o /tmp/tmpxft_00073394_00000000-37_main.o /tmp/tmpxft_00073394_00000000-40_utils.o /tmp/tmpxft_00073394_00000000-43_layer_norm.o /tmp/tmpxft_00073394_00000000-46_embedding.o /tmp/tmpxft_00073394_00000000-49_linear.o /tmp/tmpxft_00073394_00000000-52_attention_head.o /tmp/tmpxft_00073394_00000000-55_interface.o /tmp/tmpxft_00073394_00000000-58_interface_back.o /tmp/tmpxft_00073394_00000000-61_flash_attention.o  , src/bin/attention ,  , nvcc , 147.0960 , ms
 , nvcc (driver) ,  , src/bin/attention ,  , nvcc , 3.0020 , ms
src/main.cpp , gcc (compiling) , src/main.cpp  , /tmp/tmpxft_00073527_00000000-37_main.o ,  , nvcc , 3426.2161 , ms
src/kernel/utils.cu , gcc (preprocessing 4) , src/kernel/utils.cu  , /tmp/tmpxft_00073527_00000000-5_utils.cpp4.ii ,  , nvcc , 168.8280 , ms
src/kernel/utils.cu , cudafe++ , /tmp/tmpxft_00073527_00000000-5_utils.cpp4.ii  , /tmp/tmpxft_00073527_00000000-6_utils.cudafe1.cpp , compute_52 , nvcc , 810.3710 , ms
src/kernel/utils.cu , gcc (preprocessing 1) , src/kernel/utils.cu  , /tmp/tmpxft_00073527_00000000-38_utils.cpp1.ii , compute_52 , nvcc , 146.3770 , ms
src/kernel/utils.cu , cicc ,  /tmp/tmpxft_00073527_00000000-38_utils.cpp1.ii  , /tmp/tmpxft_00073527_00000000-6_utils.ptx , compute_52 , nvcc , 807.2810 , ms
src/kernel/utils.cu , ptxas , /tmp/tmpxft_00073527_00000000-6_utils.ptx  , /tmp/tmpxft_00073527_00000000-39_utils.sm_52.cubin , sm_52 , nvcc , 110.2040 , ms
src/kernel/utils.cu , fatbinary , /tmp/tmpxft_00073527_00000000-39_utils.sm_52.cubin /tmp/tmpxft_00073527_00000000-6_utils.ptx  , /tmp/tmpxft_00073527_00000000-3_utils.fatbin ,  , nvcc , 13.8080 , ms
src/kernel/utils.cu , gcc (compiling) ,   , /tmp/tmpxft_00073527_00000000-40_utils.o , compute_52 , nvcc , 665.9150 , ms
src/forward/Kernel/layer_norm.cu , gcc (preprocessing 4) , src/forward/Kernel/layer_norm.cu  , /tmp/tmpxft_00073527_00000000-9_layer_norm.cpp4.ii ,  , nvcc , 162.5350 , ms
src/forward/Kernel/layer_norm.cu , cudafe++ , /tmp/tmpxft_00073527_00000000-9_layer_norm.cpp4.ii  , /tmp/tmpxft_00073527_00000000-10_layer_norm.cudafe1.cpp , compute_52 , nvcc , 741.0160 , ms
src/forward/Kernel/layer_norm.cu , gcc (preprocessing 1) , src/forward/Kernel/layer_norm.cu  , /tmp/tmpxft_00073527_00000000-41_layer_norm.cpp1.ii , compute_52 , nvcc , 137.1430 , ms
src/forward/Kernel/layer_norm.cu , cicc ,  /tmp/tmpxft_00073527_00000000-41_layer_norm.cpp1.ii  , /tmp/tmpxft_00073527_00000000-10_layer_norm.ptx , compute_52 , nvcc , 764.2800 , ms
src/forward/Kernel/layer_norm.cu , ptxas , /tmp/tmpxft_00073527_00000000-10_layer_norm.ptx  , /tmp/tmpxft_00073527_00000000-42_layer_norm.sm_52.cubin , sm_52 , nvcc , 125.6670 , ms
src/forward/Kernel/layer_norm.cu , fatbinary , /tmp/tmpxft_00073527_00000000-42_layer_norm.sm_52.cubin /tmp/tmpxft_00073527_00000000-10_layer_norm.ptx  , /tmp/tmpxft_00073527_00000000-7_layer_norm.fatbin ,  , nvcc , 15.2380 , ms
src/forward/Kernel/layer_norm.cu , gcc (compiling) ,   , /tmp/tmpxft_00073527_00000000-43_layer_norm.o , compute_52 , nvcc , 685.9040 , ms
src/forward/Kernel/embedding.cu , gcc (preprocessing 4) , src/forward/Kernel/embedding.cu  , /tmp/tmpxft_00073527_00000000-13_embedding.cpp4.ii ,  , nvcc , 170.7500 , ms
src/forward/Kernel/embedding.cu , cudafe++ , /tmp/tmpxft_00073527_00000000-13_embedding.cpp4.ii  , /tmp/tmpxft_00073527_00000000-14_embedding.cudafe1.cpp , compute_52 , nvcc , 858.8000 , ms
src/forward/Kernel/embedding.cu , gcc (preprocessing 1) , src/forward/Kernel/embedding.cu  , /tmp/tmpxft_00073527_00000000-44_embedding.cpp1.ii , compute_52 , nvcc , 145.0170 , ms
src/forward/Kernel/embedding.cu , cicc ,  /tmp/tmpxft_00073527_00000000-44_embedding.cpp1.ii  , /tmp/tmpxft_00073527_00000000-14_embedding.ptx , compute_52 , nvcc , 682.1170 , ms
src/forward/Kernel/embedding.cu , ptxas , /tmp/tmpxft_00073527_00000000-14_embedding.ptx  , /tmp/tmpxft_00073527_00000000-45_embedding.sm_52.cubin , sm_52 , nvcc , 107.6280 , ms
src/forward/Kernel/embedding.cu , fatbinary , /tmp/tmpxft_00073527_00000000-45_embedding.sm_52.cubin /tmp/tmpxft_00073527_00000000-14_embedding.ptx  , /tmp/tmpxft_00073527_00000000-11_embedding.fatbin ,  , nvcc , 14.4910 , ms
src/forward/Kernel/embedding.cu , gcc (compiling) ,   , /tmp/tmpxft_00073527_00000000-46_embedding.o , compute_52 , nvcc , 683.6280 , ms
src/forward/Kernel/linear.cu , gcc (preprocessing 4) , src/forward/Kernel/linear.cu  , /tmp/tmpxft_00073527_00000000-17_linear.cpp4.ii ,  , nvcc , 158.5870 , ms
src/forward/Kernel/linear.cu , cudafe++ , /tmp/tmpxft_00073527_00000000-17_linear.cpp4.ii  , /tmp/tmpxft_00073527_00000000-18_linear.cudafe1.cpp , compute_52 , nvcc , 816.7740 , ms
src/forward/Kernel/linear.cu , gcc (preprocessing 1) , src/forward/Kernel/linear.cu  , /tmp/tmpxft_00073527_00000000-47_linear.cpp1.ii , compute_52 , nvcc , 147.1650 , ms
src/forward/Kernel/linear.cu , cicc ,  /tmp/tmpxft_00073527_00000000-47_linear.cpp1.ii  , /tmp/tmpxft_00073527_00000000-18_linear.ptx , compute_52 , nvcc , 745.0390 , ms
src/forward/Kernel/linear.cu , ptxas , /tmp/tmpxft_00073527_00000000-18_linear.ptx  , /tmp/tmpxft_00073527_00000000-48_linear.sm_52.cubin , sm_52 , nvcc , 123.1050 , ms
src/forward/Kernel/linear.cu , fatbinary , /tmp/tmpxft_00073527_00000000-48_linear.sm_52.cubin /tmp/tmpxft_00073527_00000000-18_linear.ptx  , /tmp/tmpxft_00073527_00000000-15_linear.fatbin ,  , nvcc , 13.8940 , ms
src/forward/Kernel/linear.cu , gcc (compiling) ,   , /tmp/tmpxft_00073527_00000000-49_linear.o , compute_52 , nvcc , 668.9030 , ms
src/forward/Kernel/attention_head.cu , gcc (preprocessing 4) , src/forward/Kernel/attention_head.cu  , /tmp/tmpxft_00073527_00000000-21_attention_head.cpp4.ii ,  , nvcc , 160.9090 , ms
src/forward/Kernel/attention_head.cu , cudafe++ , /tmp/tmpxft_00073527_00000000-21_attention_head.cpp4.ii  , /tmp/tmpxft_00073527_00000000-22_attention_head.cudafe1.cpp , compute_52 , nvcc , 777.3290 , ms
src/forward/Kernel/attention_head.cu , gcc (preprocessing 1) , src/forward/Kernel/attention_head.cu  , /tmp/tmpxft_00073527_00000000-50_attention_head.cpp1.ii , compute_52 , nvcc , 143.5860 , ms
src/forward/Kernel/attention_head.cu , cicc ,  /tmp/tmpxft_00073527_00000000-50_attention_head.cpp1.ii  , /tmp/tmpxft_00073527_00000000-22_attention_head.ptx , compute_52 , nvcc , 743.4380 , ms
src/forward/Kernel/attention_head.cu , ptxas , /tmp/tmpxft_00073527_00000000-22_attention_head.ptx  , /tmp/tmpxft_00073527_00000000-51_attention_head.sm_52.cubin , sm_52 , nvcc , 132.4650 , ms
src/forward/Kernel/attention_head.cu , fatbinary , /tmp/tmpxft_00073527_00000000-51_attention_head.sm_52.cubin /tmp/tmpxft_00073527_00000000-22_attention_head.ptx  , /tmp/tmpxft_00073527_00000000-19_attention_head.fatbin ,  , nvcc , 14.4240 , ms
src/forward/Kernel/attention_head.cu , gcc (compiling) ,   , /tmp/tmpxft_00073527_00000000-52_attention_head.o , compute_52 , nvcc , 676.2390 , ms
src/forward/Kernel/interface.cu , gcc (preprocessing 4) , src/forward/Kernel/interface.cu  , /tmp/tmpxft_00073527_00000000-25_interface.cpp4.ii ,  , nvcc , 165.0450 , ms
src/forward/Kernel/interface.cu , cudafe++ , /tmp/tmpxft_00073527_00000000-25_interface.cpp4.ii  , /tmp/tmpxft_00073527_00000000-26_interface.cudafe1.cpp , compute_52 , nvcc , 732.5900 , ms
src/forward/Kernel/interface.cu , gcc (preprocessing 1) , src/forward/Kernel/interface.cu  , /tmp/tmpxft_00073527_00000000-53_interface.cpp1.ii , compute_52 , nvcc , 125.5430 , ms
src/forward/Kernel/interface.cu , cicc ,  /tmp/tmpxft_00073527_00000000-53_interface.cpp1.ii  , /tmp/tmpxft_00073527_00000000-26_interface.ptx , compute_52 , nvcc , 669.4550 , ms
src/forward/Kernel/interface.cu , ptxas , /tmp/tmpxft_00073527_00000000-26_interface.ptx  , /tmp/tmpxft_00073527_00000000-54_interface.sm_52.cubin , sm_52 , nvcc , 96.2120 , ms
src/forward/Kernel/interface.cu , fatbinary , /tmp/tmpxft_00073527_00000000-54_interface.sm_52.cubin /tmp/tmpxft_00073527_00000000-26_interface.ptx  , /tmp/tmpxft_00073527_00000000-23_interface.fatbin ,  , nvcc , 13.7480 , ms
src/forward/Kernel/interface.cu , gcc (compiling) ,   , /tmp/tmpxft_00073527_00000000-55_interface.o , compute_52 , nvcc , 655.9380 , ms
src/backpropagation/Kernel/interface_back.cu , gcc (preprocessing 4) , src/backpropagation/Kernel/interface_back.cu  , /tmp/tmpxft_00073527_00000000-29_interface_back.cpp4.ii ,  , nvcc , 233.2360 , ms
src/backpropagation/Kernel/interface_back.cu , cudafe++ , /tmp/tmpxft_00073527_00000000-29_interface_back.cpp4.ii  , /tmp/tmpxft_00073527_00000000-30_interface_back.cudafe1.cpp , compute_52 , nvcc , 1798.3240 , ms
src/backpropagation/Kernel/interface_back.cu , gcc (preprocessing 1) , src/backpropagation/Kernel/interface_back.cu  , /tmp/tmpxft_00073527_00000000-56_interface_back.cpp1.ii , compute_52 , nvcc , 210.0250 , ms
src/backpropagation/Kernel/interface_back.cu , cicc ,  /tmp/tmpxft_00073527_00000000-56_interface_back.cpp1.ii  , /tmp/tmpxft_00073527_00000000-30_interface_back.ptx , compute_52 , nvcc , 2089.4480 , ms
src/backpropagation/Kernel/interface_back.cu , ptxas , /tmp/tmpxft_00073527_00000000-30_interface_back.ptx  , /tmp/tmpxft_00073527_00000000-57_interface_back.sm_52.cubin , sm_52 , nvcc , 114.9010 , ms
src/backpropagation/Kernel/interface_back.cu , fatbinary , /tmp/tmpxft_00073527_00000000-57_interface_back.sm_52.cubin /tmp/tmpxft_00073527_00000000-30_interface_back.ptx  , /tmp/tmpxft_00073527_00000000-27_interface_back.fatbin ,  , nvcc , 14.6950 , ms
src/backpropagation/Kernel/interface_back.cu , gcc (compiling) ,   , /tmp/tmpxft_00073527_00000000-58_interface_back.o , compute_52 , nvcc , 1876.9530 , ms
src/backpropagation/Kernel/flash_attention.cu , gcc (preprocessing 4) , src/backpropagation/Kernel/flash_attention.cu  , /tmp/tmpxft_00073527_00000000-33_flash_attention.cpp4.ii ,  , nvcc , 151.1990 , ms
src/backpropagation/Kernel/flash_attention.cu , cudafe++ , /tmp/tmpxft_00073527_00000000-33_flash_attention.cpp4.ii  , /tmp/tmpxft_00073527_00000000-34_flash_attention.cudafe1.cpp , compute_52 , nvcc , 713.5030 , ms
src/backpropagation/Kernel/flash_attention.cu , gcc (preprocessing 1) , src/backpropagation/Kernel/flash_attention.cu  , /tmp/tmpxft_00073527_00000000-59_flash_attention.cpp1.ii , compute_52 , nvcc , 147.0130 , ms
src/backpropagation/Kernel/flash_attention.cu , cicc ,  /tmp/tmpxft_00073527_00000000-59_flash_attention.cpp1.ii  , /tmp/tmpxft_00073527_00000000-34_flash_attention.ptx , compute_52 , nvcc , 702.7250 , ms
src/backpropagation/Kernel/flash_attention.cu , ptxas , /tmp/tmpxft_00073527_00000000-34_flash_attention.ptx  , /tmp/tmpxft_00073527_00000000-60_flash_attention.sm_52.cubin , sm_52 , nvcc , 118.3650 , ms
src/backpropagation/Kernel/flash_attention.cu , fatbinary , /tmp/tmpxft_00073527_00000000-60_flash_attention.sm_52.cubin /tmp/tmpxft_00073527_00000000-34_flash_attention.ptx  , /tmp/tmpxft_00073527_00000000-31_flash_attention.fatbin ,  , nvcc , 13.9570 , ms
src/backpropagation/Kernel/flash_attention.cu , gcc (compiling) ,   , /tmp/tmpxft_00073527_00000000-61_flash_attention.o , compute_52 , nvcc , 687.9490 , ms
src/main.cpp src/kernel/utils.cu src/forward/Kernel/layer_norm.cu src/forward/Kernel/embedding.cu src/forward/Kernel/linear.cu src/forward/Kernel/attention_head.cu src/forward/Kernel/interface.cu src/backpropagation/Kernel/interface_back.cu src/backpropagation/Kernel/flash_attention.cu  , nvlink , /tmp/tmpxft_00073527_00000000-37_main.o /tmp/tmpxft_00073527_00000000-40_utils.o /tmp/tmpxft_00073527_00000000-43_layer_norm.o /tmp/tmpxft_00073527_00000000-46_embedding.o /tmp/tmpxft_00073527_00000000-49_linear.o /tmp/tmpxft_00073527_00000000-52_attention_head.o /tmp/tmpxft_00073527_00000000-55_interface.o /tmp/tmpxft_00073527_00000000-58_interface_back.o /tmp/tmpxft_00073527_00000000-61_flash_attention.o  , /tmp/tmpxft_00073527_00000000-62_attention_dlink.sm_52.cubin , sm_52 , nvcc , 4.7510 , ms
src/main.cpp src/kernel/utils.cu src/forward/Kernel/layer_norm.cu src/forward/Kernel/embedding.cu src/forward/Kernel/linear.cu src/forward/Kernel/attention_head.cu src/forward/Kernel/interface.cu src/backpropagation/Kernel/interface_back.cu src/backpropagation/Kernel/flash_attention.cu  , fatbinary , /tmp/tmpxft_00073527_00000000-62_attention_dlink.sm_52.cubin  , /tmp/tmpxft_00073527_00000000-36_attention_dlink.fatbin ,  , nvcc , 1.0610 , ms
src/main.cpp src/kernel/utils.cu src/forward/Kernel/layer_norm.cu src/forward/Kernel/embedding.cu src/forward/Kernel/linear.cu src/forward/Kernel/attention_head.cu src/forward/Kernel/interface.cu src/backpropagation/Kernel/interface_back.cu src/backpropagation/Kernel/flash_attention.cu  , gcc (compiling) , /usr/lib/nvidia-cuda-toolkit/bin/crt/link.stub  , /tmp/tmpxft_00073527_00000000-63_attention_dlink.o ,  , nvcc , 13.2720 , ms
src/main.cpp src/kernel/utils.cu src/forward/Kernel/layer_norm.cu src/forward/Kernel/embedding.cu src/forward/Kernel/linear.cu src/forward/Kernel/attention_head.cu src/forward/Kernel/interface.cu src/backpropagation/Kernel/interface_back.cu src/backpropagation/Kernel/flash_attention.cu  , gcc (linking) , /tmp/tmpxft_00073527_00000000-63_attention_dlink.o /tmp/tmpxft_00073527_00000000-37_main.o /tmp/tmpxft_00073527_00000000-40_utils.o /tmp/tmpxft_00073527_00000000-43_layer_norm.o /tmp/tmpxft_00073527_00000000-46_embedding.o /tmp/tmpxft_00073527_00000000-49_linear.o /tmp/tmpxft_00073527_00000000-52_attention_head.o /tmp/tmpxft_00073527_00000000-55_interface.o /tmp/tmpxft_00073527_00000000-58_interface_back.o /tmp/tmpxft_00073527_00000000-61_flash_attention.o  , src/bin/attention ,  , nvcc , 84.3720 , ms
 , nvcc (driver) ,  , src/bin/attention ,  , nvcc , 2.7012 , ms
src/main.cpp , gcc (compiling) , src/main.cpp  , /tmp/tmpxft_00074ddc_00000000-37_main.o ,  , nvcc , 3494.0171 , ms
src/kernel/utils.cu , gcc (preprocessing 4) , src/kernel/utils.cu  , /tmp/tmpxft_00074ddc_00000000-5_utils.cpp4.ii ,  , nvcc , 191.9200 , ms
src/kernel/utils.cu , cudafe++ , /tmp/tmpxft_00074ddc_00000000-5_utils.cpp4.ii  , /tmp/tmpxft_00074ddc_00000000-6_utils.cudafe1.cpp , compute_52 , nvcc , 882.7770 , ms
src/kernel/utils.cu , gcc (preprocessing 1) , src/kernel/utils.cu  , /tmp/tmpxft_00074ddc_00000000-38_utils.cpp1.ii , compute_52 , nvcc , 136.3380 , ms
src/kernel/utils.cu , cicc ,  /tmp/tmpxft_00074ddc_00000000-38_utils.cpp1.ii  , /tmp/tmpxft_00074ddc_00000000-6_utils.ptx , compute_52 , nvcc , 723.4770 , ms
src/kernel/utils.cu , ptxas , /tmp/tmpxft_00074ddc_00000000-6_utils.ptx  , /tmp/tmpxft_00074ddc_00000000-39_utils.sm_52.cubin , sm_52 , nvcc , 104.0240 , ms
src/kernel/utils.cu , fatbinary , /tmp/tmpxft_00074ddc_00000000-39_utils.sm_52.cubin /tmp/tmpxft_00074ddc_00000000-6_utils.ptx  , /tmp/tmpxft_00074ddc_00000000-3_utils.fatbin ,  , nvcc , 14.4590 , ms
src/kernel/utils.cu , gcc (compiling) ,   , /tmp/tmpxft_00074ddc_00000000-40_utils.o , compute_52 , nvcc , 754.3050 , ms
src/forward/Kernel/layer_norm.cu , gcc (preprocessing 4) , src/forward/Kernel/layer_norm.cu  , /tmp/tmpxft_00074ddc_00000000-9_layer_norm.cpp4.ii ,  , nvcc , 198.0230 , ms
src/forward/Kernel/layer_norm.cu , cudafe++ , /tmp/tmpxft_00074ddc_00000000-9_layer_norm.cpp4.ii  , /tmp/tmpxft_00074ddc_00000000-10_layer_norm.cudafe1.cpp , compute_52 , nvcc , 855.3480 , ms
src/forward/Kernel/layer_norm.cu , gcc (preprocessing 1) , src/forward/Kernel/layer_norm.cu  , /tmp/tmpxft_00074ddc_00000000-41_layer_norm.cpp1.ii , compute_52 , nvcc , 149.8100 , ms
src/forward/Kernel/layer_norm.cu , cicc ,  /tmp/tmpxft_00074ddc_00000000-41_layer_norm.cpp1.ii  , /tmp/tmpxft_00074ddc_00000000-10_layer_norm.ptx , compute_52 , nvcc , 954.2970 , ms
src/forward/Kernel/layer_norm.cu , ptxas , /tmp/tmpxft_00074ddc_00000000-10_layer_norm.ptx  , /tmp/tmpxft_00074ddc_00000000-42_layer_norm.sm_52.cubin , sm_52 , nvcc , 148.4460 , ms
src/forward/Kernel/layer_norm.cu , fatbinary , /tmp/tmpxft_00074ddc_00000000-42_layer_norm.sm_52.cubin /tmp/tmpxft_00074ddc_00000000-10_layer_norm.ptx  , /tmp/tmpxft_00074ddc_00000000-7_layer_norm.fatbin ,  , nvcc , 15.6390 , ms
src/forward/Kernel/layer_norm.cu , gcc (compiling) ,   , /tmp/tmpxft_00074ddc_00000000-43_layer_norm.o , compute_52 , nvcc , 814.1830 , ms
src/forward/Kernel/embedding.cu , gcc (preprocessing 4) , src/forward/Kernel/embedding.cu  , /tmp/tmpxft_00074ddc_00000000-13_embedding.cpp4.ii ,  , nvcc , 216.1620 , ms
src/forward/Kernel/embedding.cu , cudafe++ , /tmp/tmpxft_00074ddc_00000000-13_embedding.cpp4.ii  , /tmp/tmpxft_00074ddc_00000000-14_embedding.cudafe1.cpp , compute_52 , nvcc , 883.8600 , ms
src/forward/Kernel/embedding.cu , gcc (preprocessing 1) , src/forward/Kernel/embedding.cu  , /tmp/tmpxft_00074ddc_00000000-44_embedding.cpp1.ii , compute_52 , nvcc , 164.1450 , ms
src/forward/Kernel/embedding.cu , cicc ,  /tmp/tmpxft_00074ddc_00000000-44_embedding.cpp1.ii  , /tmp/tmpxft_00074ddc_00000000-14_embedding.ptx , compute_52 , nvcc , 755.0220 , ms
src/forward/Kernel/embedding.cu , ptxas , /tmp/tmpxft_00074ddc_00000000-14_embedding.ptx  , /tmp/tmpxft_00074ddc_00000000-45_embedding.sm_52.cubin , sm_52 , nvcc , 121.2470 , ms
src/forward/Kernel/embedding.cu , fatbinary , /tmp/tmpxft_00074ddc_00000000-45_embedding.sm_52.cubin /tmp/tmpxft_00074ddc_00000000-14_embedding.ptx  , /tmp/tmpxft_00074ddc_00000000-11_embedding.fatbin ,  , nvcc , 14.0950 , ms
src/forward/Kernel/embedding.cu , gcc (compiling) ,   , /tmp/tmpxft_00074ddc_00000000-46_embedding.o , compute_52 , nvcc , 797.3010 , ms
src/forward/Kernel/linear.cu , gcc (preprocessing 4) , src/forward/Kernel/linear.cu  , /tmp/tmpxft_00074ddc_00000000-17_linear.cpp4.ii ,  , nvcc , 196.8480 , ms
src/forward/Kernel/linear.cu , cudafe++ , /tmp/tmpxft_00074ddc_00000000-17_linear.cpp4.ii  , /tmp/tmpxft_00074ddc_00000000-18_linear.cudafe1.cpp , compute_52 , nvcc , 792.1820 , ms
src/forward/Kernel/linear.cu , gcc (preprocessing 1) , src/forward/Kernel/linear.cu  , /tmp/tmpxft_00074ddc_00000000-47_linear.cpp1.ii , compute_52 , nvcc , 149.1940 , ms
src/forward/Kernel/linear.cu , cicc ,  /tmp/tmpxft_00074ddc_00000000-47_linear.cpp1.ii  , /tmp/tmpxft_00074ddc_00000000-18_linear.ptx , compute_52 , nvcc , 852.4880 , ms
src/forward/Kernel/linear.cu , ptxas , /tmp/tmpxft_00074ddc_00000000-18_linear.ptx  , /tmp/tmpxft_00074ddc_00000000-48_linear.sm_52.cubin , sm_52 , nvcc , 137.2690 , ms
src/forward/Kernel/linear.cu , fatbinary , /tmp/tmpxft_00074ddc_00000000-48_linear.sm_52.cubin /tmp/tmpxft_00074ddc_00000000-18_linear.ptx  , /tmp/tmpxft_00074ddc_00000000-15_linear.fatbin ,  , nvcc , 16.1940 , ms
src/forward/Kernel/linear.cu , gcc (compiling) ,   , /tmp/tmpxft_00074ddc_00000000-49_linear.o , compute_52 , nvcc , 737.3390 , ms
src/forward/Kernel/attention_head.cu , gcc (preprocessing 4) , src/forward/Kernel/attention_head.cu  , /tmp/tmpxft_00074ddc_00000000-21_attention_head.cpp4.ii ,  , nvcc , 172.4040 , ms
src/forward/Kernel/attention_head.cu , cudafe++ , /tmp/tmpxft_00074ddc_00000000-21_attention_head.cpp4.ii  , /tmp/tmpxft_00074ddc_00000000-22_attention_head.cudafe1.cpp , compute_52 , nvcc , 765.7480 , ms
src/forward/Kernel/attention_head.cu , gcc (preprocessing 1) , src/forward/Kernel/attention_head.cu  , /tmp/tmpxft_00074ddc_00000000-50_attention_head.cpp1.ii , compute_52 , nvcc , 128.6860 , ms
src/forward/Kernel/attention_head.cu , cicc ,  /tmp/tmpxft_00074ddc_00000000-50_attention_head.cpp1.ii  , /tmp/tmpxft_00074ddc_00000000-22_attention_head.ptx , compute_52 , nvcc , 753.7910 , ms
src/forward/Kernel/attention_head.cu , ptxas , /tmp/tmpxft_00074ddc_00000000-22_attention_head.ptx  , /tmp/tmpxft_00074ddc_00000000-51_attention_head.sm_52.cubin , sm_52 , nvcc , 130.5780 , ms
src/forward/Kernel/attention_head.cu , fatbinary , /tmp/tmpxft_00074ddc_00000000-51_attention_head.sm_52.cubin /tmp/tmpxft_00074ddc_00000000-22_attention_head.ptx  , /tmp/tmpxft_00074ddc_00000000-19_attention_head.fatbin ,  , nvcc , 13.9710 , ms
src/forward/Kernel/attention_head.cu , gcc (compiling) ,   , /tmp/tmpxft_00074ddc_00000000-52_attention_head.o , compute_52 , nvcc , 743.4270 , ms
src/forward/Kernel/interface.cu , gcc (preprocessing 4) , src/forward/Kernel/interface.cu  , /tmp/tmpxft_00074ddc_00000000-25_interface.cpp4.ii ,  , nvcc , 158.9000 , ms
src/forward/Kernel/interface.cu , cudafe++ , /tmp/tmpxft_00074ddc_00000000-25_interface.cpp4.ii  , /tmp/tmpxft_00074ddc_00000000-26_interface.cudafe1.cpp , compute_52 , nvcc , 762.9100 , ms
src/forward/Kernel/interface.cu , gcc (preprocessing 1) , src/forward/Kernel/interface.cu  , /tmp/tmpxft_00074ddc_00000000-53_interface.cpp1.ii , compute_52 , nvcc , 156.5570 , ms
src/forward/Kernel/interface.cu , cicc ,  /tmp/tmpxft_00074ddc_00000000-53_interface.cpp1.ii  , /tmp/tmpxft_00074ddc_00000000-26_interface.ptx , compute_52 , nvcc , 675.9400 , ms
src/forward/Kernel/interface.cu , ptxas , /tmp/tmpxft_00074ddc_00000000-26_interface.ptx  , /tmp/tmpxft_00074ddc_00000000-54_interface.sm_52.cubin , sm_52 , nvcc , 94.2310 , ms
src/forward/Kernel/interface.cu , fatbinary , /tmp/tmpxft_00074ddc_00000000-54_interface.sm_52.cubin /tmp/tmpxft_00074ddc_00000000-26_interface.ptx  , /tmp/tmpxft_00074ddc_00000000-23_interface.fatbin ,  , nvcc , 13.6260 , ms
src/forward/Kernel/interface.cu , gcc (compiling) ,   , /tmp/tmpxft_00074ddc_00000000-55_interface.o , compute_52 , nvcc , 671.3370 , ms
src/backpropagation/Kernel/interface_back.cu , gcc (preprocessing 4) , src/backpropagation/Kernel/interface_back.cu  , /tmp/tmpxft_00074ddc_00000000-29_interface_back.cpp4.ii ,  , nvcc , 259.2190 , ms
src/backpropagation/Kernel/interface_back.cu , cudafe++ , /tmp/tmpxft_00074ddc_00000000-29_interface_back.cpp4.ii  , /tmp/tmpxft_00074ddc_00000000-30_interface_back.cudafe1.cpp , compute_52 , nvcc , 2127.1331 , ms
src/backpropagation/Kernel/interface_back.cu , gcc (preprocessing 1) , src/backpropagation/Kernel/interface_back.cu  , /tmp/tmpxft_00074ddc_00000000-56_interface_back.cpp1.ii , compute_52 , nvcc , 223.1570 , ms
src/backpropagation/Kernel/interface_back.cu , cicc ,  /tmp/tmpxft_00074ddc_00000000-56_interface_back.cpp1.ii  , /tmp/tmpxft_00074ddc_00000000-30_interface_back.ptx , compute_52 , nvcc , 2225.5801 , ms
src/backpropagation/Kernel/interface_back.cu , ptxas , /tmp/tmpxft_00074ddc_00000000-30_interface_back.ptx  , /tmp/tmpxft_00074ddc_00000000-57_interface_back.sm_52.cubin , sm_52 , nvcc , 108.0660 , ms
src/backpropagation/Kernel/interface_back.cu , fatbinary , /tmp/tmpxft_00074ddc_00000000-57_interface_back.sm_52.cubin /tmp/tmpxft_00074ddc_00000000-30_interface_back.ptx  , /tmp/tmpxft_00074ddc_00000000-27_interface_back.fatbin ,  , nvcc , 13.6920 , ms
src/backpropagation/Kernel/interface_back.cu , gcc (compiling) ,   , /tmp/tmpxft_00074ddc_00000000-58_interface_back.o , compute_52 , nvcc , 1862.7810 , ms
src/backpropagation/Kernel/flash_attention.cu , gcc (preprocessing 4) , src/backpropagation/Kernel/flash_attention.cu  , /tmp/tmpxft_00074ddc_00000000-33_flash_attention.cpp4.ii ,  , nvcc , 159.6860 , ms
src/backpropagation/Kernel/flash_attention.cu , cudafe++ , /tmp/tmpxft_00074ddc_00000000-33_flash_attention.cpp4.ii  , /tmp/tmpxft_00074ddc_00000000-34_flash_attention.cudafe1.cpp , compute_52 , nvcc , 741.6460 , ms
src/backpropagation/Kernel/flash_attention.cu , gcc (preprocessing 1) , src/backpropagation/Kernel/flash_attention.cu  , /tmp/tmpxft_00074ddc_00000000-59_flash_attention.cpp1.ii , compute_52 , nvcc , 143.3190 , ms
src/backpropagation/Kernel/flash_attention.cu , cicc ,  /tmp/tmpxft_00074ddc_00000000-59_flash_attention.cpp1.ii  , /tmp/tmpxft_00074ddc_00000000-34_flash_attention.ptx , compute_52 , nvcc , 762.2350 , ms
src/backpropagation/Kernel/flash_attention.cu , ptxas , /tmp/tmpxft_00074ddc_00000000-34_flash_attention.ptx  , /tmp/tmpxft_00074ddc_00000000-60_flash_attention.sm_52.cubin , sm_52 , nvcc , 130.6410 , ms
src/backpropagation/Kernel/flash_attention.cu , fatbinary , /tmp/tmpxft_00074ddc_00000000-60_flash_attention.sm_52.cubin /tmp/tmpxft_00074ddc_00000000-34_flash_attention.ptx  , /tmp/tmpxft_00074ddc_00000000-31_flash_attention.fatbin ,  , nvcc , 14.8620 , ms
src/backpropagation/Kernel/flash_attention.cu , gcc (compiling) ,   , /tmp/tmpxft_00074ddc_00000000-61_flash_attention.o , compute_52 , nvcc , 676.9080 , ms
src/main.cpp src/kernel/utils.cu src/forward/Kernel/layer_norm.cu src/forward/Kernel/embedding.cu src/forward/Kernel/linear.cu src/forward/Kernel/attention_head.cu src/forward/Kernel/interface.cu src/backpropagation/Kernel/interface_back.cu src/backpropagation/Kernel/flash_attention.cu  , nvlink , /tmp/tmpxft_00074ddc_00000000-37_main.o /tmp/tmpxft_00074ddc_00000000-40_utils.o /tmp/tmpxft_00074ddc_00000000-43_layer_norm.o /tmp/tmpxft_00074ddc_00000000-46_embedding.o /tmp/tmpxft_00074ddc_00000000-49_linear.o /tmp/tmpxft_00074ddc_00000000-52_attention_head.o /tmp/tmpxft_00074ddc_00000000-55_interface.o /tmp/tmpxft_00074ddc_00000000-58_interface_back.o /tmp/tmpxft_00074ddc_00000000-61_flash_attention.o  , /tmp/tmpxft_00074ddc_00000000-62_attention_dlink.sm_52.cubin , sm_52 , nvcc , 5.7930 , ms
src/main.cpp src/kernel/utils.cu src/forward/Kernel/layer_norm.cu src/forward/Kernel/embedding.cu src/forward/Kernel/linear.cu src/forward/Kernel/attention_head.cu src/forward/Kernel/interface.cu src/backpropagation/Kernel/interface_back.cu src/backpropagation/Kernel/flash_attention.cu  , fatbinary , /tmp/tmpxft_00074ddc_00000000-62_attention_dlink.sm_52.cubin  , /tmp/tmpxft_00074ddc_00000000-36_attention_dlink.fatbin ,  , nvcc , 1.1560 , ms
src/main.cpp src/kernel/utils.cu src/forward/Kernel/layer_norm.cu src/forward/Kernel/embedding.cu src/forward/Kernel/linear.cu src/forward/Kernel/attention_head.cu src/forward/Kernel/interface.cu src/backpropagation/Kernel/interface_back.cu src/backpropagation/Kernel/flash_attention.cu  , gcc (compiling) , /usr/lib/nvidia-cuda-toolkit/bin/crt/link.stub  , /tmp/tmpxft_00074ddc_00000000-63_attention_dlink.o ,  , nvcc , 14.3900 , ms
src/main.cpp src/kernel/utils.cu src/forward/Kernel/layer_norm.cu src/forward/Kernel/embedding.cu src/forward/Kernel/linear.cu src/forward/Kernel/attention_head.cu src/forward/Kernel/interface.cu src/backpropagation/Kernel/interface_back.cu src/backpropagation/Kernel/flash_attention.cu  , gcc (linking) , /tmp/tmpxft_00074ddc_00000000-63_attention_dlink.o /tmp/tmpxft_00074ddc_00000000-37_main.o /tmp/tmpxft_00074ddc_00000000-40_utils.o /tmp/tmpxft_00074ddc_00000000-43_layer_norm.o /tmp/tmpxft_00074ddc_00000000-46_embedding.o /tmp/tmpxft_00074ddc_00000000-49_linear.o /tmp/tmpxft_00074ddc_00000000-52_attention_head.o /tmp/tmpxft_00074ddc_00000000-55_interface.o /tmp/tmpxft_00074ddc_00000000-58_interface_back.o /tmp/tmpxft_00074ddc_00000000-61_flash_attention.o  , src/bin/attention ,  , nvcc , 86.6070 , ms
 , nvcc (driver) ,  , src/bin/attention ,  , nvcc , 3.2539 , ms
src/main.cpp , gcc (compiling) , src/main.cpp  , /tmp/tmpxft_00074f7e_00000000-37_main.o ,  , nvcc , 3003.3320 , ms
src/kernel/utils.cu , gcc (preprocessing 4) , src/kernel/utils.cu  , /tmp/tmpxft_00074f7e_00000000-5_utils.cpp4.ii ,  , nvcc , 162.0840 , ms
src/kernel/utils.cu , cudafe++ , /tmp/tmpxft_00074f7e_00000000-5_utils.cpp4.ii  , /tmp/tmpxft_00074f7e_00000000-6_utils.cudafe1.cpp , compute_52 , nvcc , 750.7190 , ms
src/kernel/utils.cu , gcc (preprocessing 1) , src/kernel/utils.cu  , /tmp/tmpxft_00074f7e_00000000-38_utils.cpp1.ii , compute_52 , nvcc , 135.3880 , ms
src/kernel/utils.cu , cicc ,  /tmp/tmpxft_00074f7e_00000000-38_utils.cpp1.ii  , /tmp/tmpxft_00074f7e_00000000-6_utils.ptx , compute_52 , nvcc , 692.3310 , ms
src/kernel/utils.cu , ptxas , /tmp/tmpxft_00074f7e_00000000-6_utils.ptx  , /tmp/tmpxft_00074f7e_00000000-39_utils.sm_52.cubin , sm_52 , nvcc , 98.1740 , ms
src/kernel/utils.cu , fatbinary , /tmp/tmpxft_00074f7e_00000000-39_utils.sm_52.cubin /tmp/tmpxft_00074f7e_00000000-6_utils.ptx  , /tmp/tmpxft_00074f7e_00000000-3_utils.fatbin ,  , nvcc , 13.8010 , ms
src/kernel/utils.cu , gcc (compiling) ,   , /tmp/tmpxft_00074f7e_00000000-40_utils.o , compute_52 , nvcc , 708.0450 , ms
src/forward/Kernel/layer_norm.cu , gcc (preprocessing 4) , src/forward/Kernel/layer_norm.cu  , /tmp/tmpxft_00074f7e_00000000-9_layer_norm.cpp4.ii ,  , nvcc , 161.2000 , ms
src/forward/Kernel/layer_norm.cu , cudafe++ , /tmp/tmpxft_00074f7e_00000000-9_layer_norm.cpp4.ii  , /tmp/tmpxft_00074f7e_00000000-10_layer_norm.cudafe1.cpp , compute_52 , nvcc , 769.4260 , ms
src/forward/Kernel/layer_norm.cu , gcc (preprocessing 1) , src/forward/Kernel/layer_norm.cu  , /tmp/tmpxft_00074f7e_00000000-41_layer_norm.cpp1.ii , compute_52 , nvcc , 143.0530 , ms
src/forward/Kernel/layer_norm.cu , cicc ,  /tmp/tmpxft_00074f7e_00000000-41_layer_norm.cpp1.ii  , /tmp/tmpxft_00074f7e_00000000-10_layer_norm.ptx , compute_52 , nvcc , 700.4450 , ms
src/forward/Kernel/layer_norm.cu , ptxas , /tmp/tmpxft_00074f7e_00000000-10_layer_norm.ptx  , /tmp/tmpxft_00074f7e_00000000-42_layer_norm.sm_52.cubin , sm_52 , nvcc , 118.4550 , ms
src/forward/Kernel/layer_norm.cu , fatbinary , /tmp/tmpxft_00074f7e_00000000-42_layer_norm.sm_52.cubin /tmp/tmpxft_00074f7e_00000000-10_layer_norm.ptx  , /tmp/tmpxft_00074f7e_00000000-7_layer_norm.fatbin ,  , nvcc , 14.8370 , ms
src/forward/Kernel/layer_norm.cu , gcc (compiling) ,   , /tmp/tmpxft_00074f7e_00000000-43_layer_norm.o , compute_52 , nvcc , 682.4990 , ms
src/forward/Kernel/embedding.cu , gcc (preprocessing 4) , src/forward/Kernel/embedding.cu  , /tmp/tmpxft_00074f7e_00000000-13_embedding.cpp4.ii ,  , nvcc , 173.3530 , ms
src/forward/Kernel/embedding.cu , cudafe++ , /tmp/tmpxft_00074f7e_00000000-13_embedding.cpp4.ii  , /tmp/tmpxft_00074f7e_00000000-14_embedding.cudafe1.cpp , compute_52 , nvcc , 779.6850 , ms
src/forward/Kernel/embedding.cu , gcc (preprocessing 1) , src/forward/Kernel/embedding.cu  , /tmp/tmpxft_00074f7e_00000000-44_embedding.cpp1.ii , compute_52 , nvcc , 133.9530 , ms
src/forward/Kernel/embedding.cu , cicc ,  /tmp/tmpxft_00074f7e_00000000-44_embedding.cpp1.ii  , /tmp/tmpxft_00074f7e_00000000-14_embedding.ptx , compute_52 , nvcc , 736.0220 , ms
src/forward/Kernel/embedding.cu , ptxas , /tmp/tmpxft_00074f7e_00000000-14_embedding.ptx  , /tmp/tmpxft_00074f7e_00000000-45_embedding.sm_52.cubin , sm_52 , nvcc , 114.3210 , ms
src/forward/Kernel/embedding.cu , fatbinary , /tmp/tmpxft_00074f7e_00000000-45_embedding.sm_52.cubin /tmp/tmpxft_00074f7e_00000000-14_embedding.ptx  , /tmp/tmpxft_00074f7e_00000000-11_embedding.fatbin ,  , nvcc , 14.4010 , ms
src/forward/Kernel/embedding.cu , gcc (compiling) ,   , /tmp/tmpxft_00074f7e_00000000-46_embedding.o , compute_52 , nvcc , 654.4780 , ms
src/forward/Kernel/linear.cu , gcc (preprocessing 4) , src/forward/Kernel/linear.cu  , /tmp/tmpxft_00074f7e_00000000-17_linear.cpp4.ii ,  , nvcc , 170.9380 , ms
src/forward/Kernel/linear.cu , cudafe++ , /tmp/tmpxft_00074f7e_00000000-17_linear.cpp4.ii  , /tmp/tmpxft_00074f7e_00000000-18_linear.cudafe1.cpp , compute_52 , nvcc , 762.5550 , ms
src/forward/Kernel/linear.cu , gcc (preprocessing 1) , src/forward/Kernel/linear.cu  , /tmp/tmpxft_00074f7e_00000000-47_linear.cpp1.ii , compute_52 , nvcc , 132.1960 , ms
src/forward/Kernel/linear.cu , cicc ,  /tmp/tmpxft_00074f7e_00000000-47_linear.cpp1.ii  , /tmp/tmpxft_00074f7e_00000000-18_linear.ptx , compute_52 , nvcc , 743.0760 , ms
src/forward/Kernel/linear.cu , ptxas , /tmp/tmpxft_00074f7e_00000000-18_linear.ptx  , /tmp/tmpxft_00074f7e_00000000-48_linear.sm_52.cubin , sm_52 , nvcc , 134.3810 , ms
src/forward/Kernel/linear.cu , fatbinary , /tmp/tmpxft_00074f7e_00000000-48_linear.sm_52.cubin /tmp/tmpxft_00074f7e_00000000-18_linear.ptx  , /tmp/tmpxft_00074f7e_00000000-15_linear.fatbin ,  , nvcc , 15.8880 , ms
src/forward/Kernel/linear.cu , gcc (compiling) ,   , /tmp/tmpxft_00074f7e_00000000-49_linear.o , compute_52 , nvcc , 728.3750 , ms
src/forward/Kernel/attention_head.cu , gcc (preprocessing 4) , src/forward/Kernel/attention_head.cu  , /tmp/tmpxft_00074f7e_00000000-21_attention_head.cpp4.ii ,  , nvcc , 210.7810 , ms
src/forward/Kernel/attention_head.cu , cudafe++ , /tmp/tmpxft_00074f7e_00000000-21_attention_head.cpp4.ii  , /tmp/tmpxft_00074f7e_00000000-22_attention_head.cudafe1.cpp , compute_52 , nvcc , 903.3200 , ms
src/forward/Kernel/attention_head.cu , gcc (preprocessing 1) , src/forward/Kernel/attention_head.cu  , /tmp/tmpxft_00074f7e_00000000-50_attention_head.cpp1.ii , compute_52 , nvcc , 138.0480 , ms
src/forward/Kernel/attention_head.cu , cicc ,  /tmp/tmpxft_00074f7e_00000000-50_attention_head.cpp1.ii  , /tmp/tmpxft_00074f7e_00000000-22_attention_head.ptx , compute_52 , nvcc , 845.7650 , ms
src/forward/Kernel/attention_head.cu , ptxas , /tmp/tmpxft_00074f7e_00000000-22_attention_head.ptx  , /tmp/tmpxft_00074f7e_00000000-51_attention_head.sm_52.cubin , sm_52 , nvcc , 161.2850 , ms
src/forward/Kernel/attention_head.cu , fatbinary , /tmp/tmpxft_00074f7e_00000000-51_attention_head.sm_52.cubin /tmp/tmpxft_00074f7e_00000000-22_attention_head.ptx  , /tmp/tmpxft_00074f7e_00000000-19_attention_head.fatbin ,  , nvcc , 17.1490 , ms
src/forward/Kernel/attention_head.cu , gcc (compiling) ,   , /tmp/tmpxft_00074f7e_00000000-52_attention_head.o , compute_52 , nvcc , 718.0170 , ms
src/forward/Kernel/interface.cu , gcc (preprocessing 4) , src/forward/Kernel/interface.cu  , /tmp/tmpxft_00074f7e_00000000-25_interface.cpp4.ii ,  , nvcc , 161.6520 , ms
src/forward/Kernel/interface.cu , cudafe++ , /tmp/tmpxft_00074f7e_00000000-25_interface.cpp4.ii  , /tmp/tmpxft_00074f7e_00000000-26_interface.cudafe1.cpp , compute_52 , nvcc , 772.1170 , ms
src/forward/Kernel/interface.cu , gcc (preprocessing 1) , src/forward/Kernel/interface.cu  , /tmp/tmpxft_00074f7e_00000000-53_interface.cpp1.ii , compute_52 , nvcc , 135.3410 , ms
src/forward/Kernel/interface.cu , cicc ,  /tmp/tmpxft_00074f7e_00000000-53_interface.cpp1.ii  , /tmp/tmpxft_00074f7e_00000000-26_interface.ptx , compute_52 , nvcc , 683.2220 , ms
src/forward/Kernel/interface.cu , ptxas , /tmp/tmpxft_00074f7e_00000000-26_interface.ptx  , /tmp/tmpxft_00074f7e_00000000-54_interface.sm_52.cubin , sm_52 , nvcc , 101.1780 , ms
src/forward/Kernel/interface.cu , fatbinary , /tmp/tmpxft_00074f7e_00000000-54_interface.sm_52.cubin /tmp/tmpxft_00074f7e_00000000-26_interface.ptx  , /tmp/tmpxft_00074f7e_00000000-23_interface.fatbin ,  , nvcc , 14.2330 , ms
src/forward/Kernel/interface.cu , gcc (compiling) ,   , /tmp/tmpxft_00074f7e_00000000-55_interface.o , compute_52 , nvcc , 649.3830 , ms
src/backpropagation/Kernel/interface_back.cu , gcc (preprocessing 4) , src/backpropagation/Kernel/interface_back.cu  , /tmp/tmpxft_00074f7e_00000000-29_interface_back.cpp4.ii ,  , nvcc , 253.7550 , ms
src/backpropagation/Kernel/interface_back.cu , cudafe++ , /tmp/tmpxft_00074f7e_00000000-29_interface_back.cpp4.ii  , /tmp/tmpxft_00074f7e_00000000-30_interface_back.cudafe1.cpp , compute_52 , nvcc , 1854.5630 , ms
src/backpropagation/Kernel/interface_back.cu , gcc (preprocessing 1) , src/backpropagation/Kernel/interface_back.cu  , /tmp/tmpxft_00074f7e_00000000-56_interface_back.cpp1.ii , compute_52 , nvcc , 242.7610 , ms
src/backpropagation/Kernel/interface_back.cu , cicc ,  /tmp/tmpxft_00074f7e_00000000-56_interface_back.cpp1.ii  , /tmp/tmpxft_00074f7e_00000000-30_interface_back.ptx , compute_52 , nvcc , 2142.7051 , ms
src/backpropagation/Kernel/interface_back.cu , ptxas , /tmp/tmpxft_00074f7e_00000000-30_interface_back.ptx  , /tmp/tmpxft_00074f7e_00000000-57_interface_back.sm_52.cubin , sm_52 , nvcc , 114.9250 , ms
src/backpropagation/Kernel/interface_back.cu , fatbinary , /tmp/tmpxft_00074f7e_00000000-57_interface_back.sm_52.cubin /tmp/tmpxft_00074f7e_00000000-30_interface_back.ptx  , /tmp/tmpxft_00074f7e_00000000-27_interface_back.fatbin ,  , nvcc , 14.2910 , ms
src/backpropagation/Kernel/interface_back.cu , gcc (compiling) ,   , /tmp/tmpxft_00074f7e_00000000-58_interface_back.o , compute_52 , nvcc , 1922.9480 , ms
src/backpropagation/Kernel/flash_attention.cu , gcc (preprocessing 4) , src/backpropagation/Kernel/flash_attention.cu  , /tmp/tmpxft_00074f7e_00000000-33_flash_attention.cpp4.ii ,  , nvcc , 168.5130 , ms
src/backpropagation/Kernel/flash_attention.cu , cudafe++ , /tmp/tmpxft_00074f7e_00000000-33_flash_attention.cpp4.ii  , /tmp/tmpxft_00074f7e_00000000-34_flash_attention.cudafe1.cpp , compute_52 , nvcc , 764.1590 , ms
src/backpropagation/Kernel/flash_attention.cu , gcc (preprocessing 1) , src/backpropagation/Kernel/flash_attention.cu  , /tmp/tmpxft_00074f7e_00000000-59_flash_attention.cpp1.ii , compute_52 , nvcc , 132.2510 , ms
src/backpropagation/Kernel/flash_attention.cu , cicc ,  /tmp/tmpxft_00074f7e_00000000-59_flash_attention.cpp1.ii  , /tmp/tmpxft_00074f7e_00000000-34_flash_attention.ptx , compute_52 , nvcc , 720.8210 , ms
src/backpropagation/Kernel/flash_attention.cu , ptxas , /tmp/tmpxft_00074f7e_00000000-34_flash_attention.ptx  , /tmp/tmpxft_00074f7e_00000000-60_flash_attention.sm_52.cubin , sm_52 , nvcc , 128.5500 , ms
src/backpropagation/Kernel/flash_attention.cu , fatbinary , /tmp/tmpxft_00074f7e_00000000-60_flash_attention.sm_52.cubin /tmp/tmpxft_00074f7e_00000000-34_flash_attention.ptx  , /tmp/tmpxft_00074f7e_00000000-31_flash_attention.fatbin ,  , nvcc , 15.2880 , ms
src/backpropagation/Kernel/flash_attention.cu , gcc (compiling) ,   , /tmp/tmpxft_00074f7e_00000000-61_flash_attention.o , compute_52 , nvcc , 669.8690 , ms
src/main.cpp src/kernel/utils.cu src/forward/Kernel/layer_norm.cu src/forward/Kernel/embedding.cu src/forward/Kernel/linear.cu src/forward/Kernel/attention_head.cu src/forward/Kernel/interface.cu src/backpropagation/Kernel/interface_back.cu src/backpropagation/Kernel/flash_attention.cu  , nvlink , /tmp/tmpxft_00074f7e_00000000-37_main.o /tmp/tmpxft_00074f7e_00000000-40_utils.o /tmp/tmpxft_00074f7e_00000000-43_layer_norm.o /tmp/tmpxft_00074f7e_00000000-46_embedding.o /tmp/tmpxft_00074f7e_00000000-49_linear.o /tmp/tmpxft_00074f7e_00000000-52_attention_head.o /tmp/tmpxft_00074f7e_00000000-55_interface.o /tmp/tmpxft_00074f7e_00000000-58_interface_back.o /tmp/tmpxft_00074f7e_00000000-61_flash_attention.o  , /tmp/tmpxft_00074f7e_00000000-62_attention_dlink.sm_52.cubin , sm_52 , nvcc , 6.6180 , ms
src/main.cpp src/kernel/utils.cu src/forward/Kernel/layer_norm.cu src/forward/Kernel/embedding.cu src/forward/Kernel/linear.cu src/forward/Kernel/attention_head.cu src/forward/Kernel/interface.cu src/backpropagation/Kernel/interface_back.cu src/backpropagation/Kernel/flash_attention.cu  , fatbinary , /tmp/tmpxft_00074f7e_00000000-62_attention_dlink.sm_52.cubin  , /tmp/tmpxft_00074f7e_00000000-36_attention_dlink.fatbin ,  , nvcc , 2.2570 , ms
src/main.cpp src/kernel/utils.cu src/forward/Kernel/layer_norm.cu src/forward/Kernel/embedding.cu src/forward/Kernel/linear.cu src/forward/Kernel/attention_head.cu src/forward/Kernel/interface.cu src/backpropagation/Kernel/interface_back.cu src/backpropagation/Kernel/flash_attention.cu  , gcc (compiling) , /usr/lib/nvidia-cuda-toolkit/bin/crt/link.stub  , /tmp/tmpxft_00074f7e_00000000-63_attention_dlink.o ,  , nvcc , 14.0780 , ms
src/main.cpp src/kernel/utils.cu src/forward/Kernel/layer_norm.cu src/forward/Kernel/embedding.cu src/forward/Kernel/linear.cu src/forward/Kernel/attention_head.cu src/forward/Kernel/interface.cu src/backpropagation/Kernel/interface_back.cu src/backpropagation/Kernel/flash_attention.cu  , gcc (linking) , /tmp/tmpxft_00074f7e_00000000-63_attention_dlink.o /tmp/tmpxft_00074f7e_00000000-37_main.o /tmp/tmpxft_00074f7e_00000000-40_utils.o /tmp/tmpxft_00074f7e_00000000-43_layer_norm.o /tmp/tmpxft_00074f7e_00000000-46_embedding.o /tmp/tmpxft_00074f7e_00000000-49_linear.o /tmp/tmpxft_00074f7e_00000000-52_attention_head.o /tmp/tmpxft_00074f7e_00000000-55_interface.o /tmp/tmpxft_00074f7e_00000000-58_interface_back.o /tmp/tmpxft_00074f7e_00000000-61_flash_attention.o  , src/bin/attention ,  , nvcc , 83.2130 , ms
 , nvcc (driver) ,  , src/bin/attention ,  , nvcc , 3.7305 , ms
src/main.cpp , gcc (compiling) , src/main.cpp  , /tmp/tmpxft_0007523d_00000000-37_main.o ,  , nvcc , 2981.5061 , ms
src/kernel/utils.cu , gcc (preprocessing 4) , src/kernel/utils.cu  , /tmp/tmpxft_0007523d_00000000-5_utils.cpp4.ii ,  , nvcc , 172.3280 , ms
src/kernel/utils.cu , cudafe++ , /tmp/tmpxft_0007523d_00000000-5_utils.cpp4.ii  , /tmp/tmpxft_0007523d_00000000-6_utils.cudafe1.cpp , compute_52 , nvcc , 763.9950 , ms
src/kernel/utils.cu , gcc (preprocessing 1) , src/kernel/utils.cu  , /tmp/tmpxft_0007523d_00000000-38_utils.cpp1.ii , compute_52 , nvcc , 161.8550 , ms
src/kernel/utils.cu , cicc ,  /tmp/tmpxft_0007523d_00000000-38_utils.cpp1.ii  , /tmp/tmpxft_0007523d_00000000-6_utils.ptx , compute_52 , nvcc , 753.0740 , ms
src/kernel/utils.cu , ptxas , /tmp/tmpxft_0007523d_00000000-6_utils.ptx  , /tmp/tmpxft_0007523d_00000000-39_utils.sm_52.cubin , sm_52 , nvcc , 97.2770 , ms
src/kernel/utils.cu , fatbinary , /tmp/tmpxft_0007523d_00000000-39_utils.sm_52.cubin /tmp/tmpxft_0007523d_00000000-6_utils.ptx  , /tmp/tmpxft_0007523d_00000000-3_utils.fatbin ,  , nvcc , 13.4410 , ms
src/kernel/utils.cu , gcc (compiling) ,   , /tmp/tmpxft_0007523d_00000000-40_utils.o , compute_52 , nvcc , 673.8810 , ms
src/forward/Kernel/layer_norm.cu , gcc (preprocessing 4) , src/forward/Kernel/layer_norm.cu  , /tmp/tmpxft_0007523d_00000000-9_layer_norm.cpp4.ii ,  , nvcc , 168.4030 , ms
src/forward/Kernel/layer_norm.cu , cudafe++ , /tmp/tmpxft_0007523d_00000000-9_layer_norm.cpp4.ii  , /tmp/tmpxft_0007523d_00000000-10_layer_norm.cudafe1.cpp , compute_52 , nvcc , 753.5780 , ms
src/forward/Kernel/layer_norm.cu , gcc (preprocessing 1) , src/forward/Kernel/layer_norm.cu  , /tmp/tmpxft_0007523d_00000000-41_layer_norm.cpp1.ii , compute_52 , nvcc , 139.6730 , ms
src/forward/Kernel/layer_norm.cu , cicc ,  /tmp/tmpxft_0007523d_00000000-41_layer_norm.cpp1.ii  , /tmp/tmpxft_0007523d_00000000-10_layer_norm.ptx , compute_52 , nvcc , 711.9760 , ms
src/forward/Kernel/layer_norm.cu , ptxas , /tmp/tmpxft_0007523d_00000000-10_layer_norm.ptx  , /tmp/tmpxft_0007523d_00000000-42_layer_norm.sm_52.cubin , sm_52 , nvcc , 112.8190 , ms
src/forward/Kernel/layer_norm.cu , fatbinary , /tmp/tmpxft_0007523d_00000000-42_layer_norm.sm_52.cubin /tmp/tmpxft_0007523d_00000000-10_layer_norm.ptx  , /tmp/tmpxft_0007523d_00000000-7_layer_norm.fatbin ,  , nvcc , 14.9410 , ms
src/forward/Kernel/layer_norm.cu , gcc (compiling) ,   , /tmp/tmpxft_0007523d_00000000-43_layer_norm.o , compute_52 , nvcc , 675.5490 , ms
src/forward/Kernel/embedding.cu , gcc (preprocessing 4) , src/forward/Kernel/embedding.cu  , /tmp/tmpxft_0007523d_00000000-13_embedding.cpp4.ii ,  , nvcc , 157.2660 , ms
src/forward/Kernel/embedding.cu , cudafe++ , /tmp/tmpxft_0007523d_00000000-13_embedding.cpp4.ii  , /tmp/tmpxft_0007523d_00000000-14_embedding.cudafe1.cpp , compute_52 , nvcc , 752.9390 , ms
src/forward/Kernel/embedding.cu , gcc (preprocessing 1) , src/forward/Kernel/embedding.cu  , /tmp/tmpxft_0007523d_00000000-44_embedding.cpp1.ii , compute_52 , nvcc , 132.0560 , ms
src/forward/Kernel/embedding.cu , cicc ,  /tmp/tmpxft_0007523d_00000000-44_embedding.cpp1.ii  , /tmp/tmpxft_0007523d_00000000-14_embedding.ptx , compute_52 , nvcc , 701.0400 , ms
src/forward/Kernel/embedding.cu , ptxas , /tmp/tmpxft_0007523d_00000000-14_embedding.ptx  , /tmp/tmpxft_0007523d_00000000-45_embedding.sm_52.cubin , sm_52 , nvcc , 106.7990 , ms
src/forward/Kernel/embedding.cu , fatbinary , /tmp/tmpxft_0007523d_00000000-45_embedding.sm_52.cubin /tmp/tmpxft_0007523d_00000000-14_embedding.ptx  , /tmp/tmpxft_0007523d_00000000-11_embedding.fatbin ,  , nvcc , 13.9300 , ms
src/forward/Kernel/embedding.cu , gcc (compiling) ,   , /tmp/tmpxft_0007523d_00000000-46_embedding.o , compute_52 , nvcc , 686.8510 , ms
src/forward/Kernel/linear.cu , gcc (preprocessing 4) , src/forward/Kernel/linear.cu  , /tmp/tmpxft_0007523d_00000000-17_linear.cpp4.ii ,  , nvcc , 154.7800 , ms
src/forward/Kernel/linear.cu , cudafe++ , /tmp/tmpxft_0007523d_00000000-17_linear.cpp4.ii  , /tmp/tmpxft_0007523d_00000000-18_linear.cudafe1.cpp , compute_52 , nvcc , 762.3700 , ms
src/forward/Kernel/linear.cu , gcc (preprocessing 1) , src/forward/Kernel/linear.cu  , /tmp/tmpxft_0007523d_00000000-47_linear.cpp1.ii , compute_52 , nvcc , 128.6640 , ms
src/forward/Kernel/linear.cu , cicc ,  /tmp/tmpxft_0007523d_00000000-47_linear.cpp1.ii  , /tmp/tmpxft_0007523d_00000000-18_linear.ptx , compute_52 , nvcc , 769.5280 , ms
src/forward/Kernel/linear.cu , ptxas , /tmp/tmpxft_0007523d_00000000-18_linear.ptx  , /tmp/tmpxft_0007523d_00000000-48_linear.sm_52.cubin , sm_52 , nvcc , 117.8240 , ms
src/forward/Kernel/linear.cu , fatbinary , /tmp/tmpxft_0007523d_00000000-48_linear.sm_52.cubin /tmp/tmpxft_0007523d_00000000-18_linear.ptx  , /tmp/tmpxft_0007523d_00000000-15_linear.fatbin ,  , nvcc , 13.3720 , ms
src/forward/Kernel/linear.cu , gcc (compiling) ,   , /tmp/tmpxft_0007523d_00000000-49_linear.o , compute_52 , nvcc , 707.9920 , ms
src/forward/Kernel/attention_head.cu , gcc (preprocessing 4) , src/forward/Kernel/attention_head.cu  , /tmp/tmpxft_0007523d_00000000-21_attention_head.cpp4.ii ,  , nvcc , 169.1500 , ms
src/forward/Kernel/attention_head.cu , cudafe++ , /tmp/tmpxft_0007523d_00000000-21_attention_head.cpp4.ii  , /tmp/tmpxft_0007523d_00000000-22_attention_head.cudafe1.cpp , compute_52 , nvcc , 767.4620 , ms
src/forward/Kernel/attention_head.cu , gcc (preprocessing 1) , src/forward/Kernel/attention_head.cu  , /tmp/tmpxft_0007523d_00000000-50_attention_head.cpp1.ii , compute_52 , nvcc , 152.1460 , ms
src/forward/Kernel/attention_head.cu , cicc ,  /tmp/tmpxft_0007523d_00000000-50_attention_head.cpp1.ii  , /tmp/tmpxft_0007523d_00000000-22_attention_head.ptx , compute_52 , nvcc , 759.6760 , ms
src/forward/Kernel/attention_head.cu , ptxas , /tmp/tmpxft_0007523d_00000000-22_attention_head.ptx  , /tmp/tmpxft_0007523d_00000000-51_attention_head.sm_52.cubin , sm_52 , nvcc , 146.5350 , ms
src/forward/Kernel/attention_head.cu , fatbinary , /tmp/tmpxft_0007523d_00000000-51_attention_head.sm_52.cubin /tmp/tmpxft_0007523d_00000000-22_attention_head.ptx  , /tmp/tmpxft_0007523d_00000000-19_attention_head.fatbin ,  , nvcc , 15.6300 , ms
src/forward/Kernel/attention_head.cu , gcc (compiling) ,   , /tmp/tmpxft_0007523d_00000000-52_attention_head.o , compute_52 , nvcc , 741.7960 , ms
src/forward/Kernel/interface.cu , gcc (preprocessing 4) , src/forward/Kernel/interface.cu  , /tmp/tmpxft_0007523d_00000000-25_interface.cpp4.ii ,  , nvcc , 169.8180 , ms
src/forward/Kernel/interface.cu , cudafe++ , /tmp/tmpxft_0007523d_00000000-25_interface.cpp4.ii  , /tmp/tmpxft_0007523d_00000000-26_interface.cudafe1.cpp , compute_52 , nvcc , 727.7670 , ms
src/forward/Kernel/interface.cu , gcc (preprocessing 1) , src/forward/Kernel/interface.cu  , /tmp/tmpxft_0007523d_00000000-53_interface.cpp1.ii , compute_52 , nvcc , 137.9860 , ms
src/forward/Kernel/interface.cu , cicc ,  /tmp/tmpxft_0007523d_00000000-53_interface.cpp1.ii  , /tmp/tmpxft_0007523d_00000000-26_interface.ptx , compute_52 , nvcc , 698.0630 , ms
src/forward/Kernel/interface.cu , ptxas , /tmp/tmpxft_0007523d_00000000-26_interface.ptx  , /tmp/tmpxft_0007523d_00000000-54_interface.sm_52.cubin , sm_52 , nvcc , 102.5190 , ms
src/forward/Kernel/interface.cu , fatbinary , /tmp/tmpxft_0007523d_00000000-54_interface.sm_52.cubin /tmp/tmpxft_0007523d_00000000-26_interface.ptx  , /tmp/tmpxft_0007523d_00000000-23_interface.fatbin ,  , nvcc , 14.9230 , ms
src/forward/Kernel/interface.cu , gcc (compiling) ,   , /tmp/tmpxft_0007523d_00000000-55_interface.o , compute_52 , nvcc , 671.3240 , ms
src/backpropagation/Kernel/interface_back.cu , gcc (preprocessing 4) , src/backpropagation/Kernel/interface_back.cu  , /tmp/tmpxft_0007523d_00000000-29_interface_back.cpp4.ii ,  , nvcc , 238.7810 , ms
src/backpropagation/Kernel/interface_back.cu , cudafe++ , /tmp/tmpxft_0007523d_00000000-29_interface_back.cpp4.ii  , /tmp/tmpxft_0007523d_00000000-30_interface_back.cudafe1.cpp , compute_52 , nvcc , 1868.2360 , ms
src/backpropagation/Kernel/interface_back.cu , gcc (preprocessing 1) , src/backpropagation/Kernel/interface_back.cu  , /tmp/tmpxft_0007523d_00000000-56_interface_back.cpp1.ii , compute_52 , nvcc , 229.9190 , ms
src/backpropagation/Kernel/interface_back.cu , cicc ,  /tmp/tmpxft_0007523d_00000000-56_interface_back.cpp1.ii  , /tmp/tmpxft_0007523d_00000000-30_interface_back.ptx , compute_52 , nvcc , 2206.9761 , ms
src/backpropagation/Kernel/interface_back.cu , ptxas , /tmp/tmpxft_0007523d_00000000-30_interface_back.ptx  , /tmp/tmpxft_0007523d_00000000-57_interface_back.sm_52.cubin , sm_52 , nvcc , 120.3110 , ms
src/backpropagation/Kernel/interface_back.cu , fatbinary , /tmp/tmpxft_0007523d_00000000-57_interface_back.sm_52.cubin /tmp/tmpxft_0007523d_00000000-30_interface_back.ptx  , /tmp/tmpxft_0007523d_00000000-27_interface_back.fatbin ,  , nvcc , 13.9920 , ms
src/backpropagation/Kernel/interface_back.cu , gcc (compiling) ,   , /tmp/tmpxft_0007523d_00000000-58_interface_back.o , compute_52 , nvcc , 1837.1160 , ms
src/backpropagation/Kernel/flash_attention.cu , gcc (preprocessing 4) , src/backpropagation/Kernel/flash_attention.cu  , /tmp/tmpxft_0007523d_00000000-33_flash_attention.cpp4.ii ,  , nvcc , 161.4910 , ms
src/backpropagation/Kernel/flash_attention.cu , cudafe++ , /tmp/tmpxft_0007523d_00000000-33_flash_attention.cpp4.ii  , /tmp/tmpxft_0007523d_00000000-34_flash_attention.cudafe1.cpp , compute_52 , nvcc , 761.5700 , ms
src/backpropagation/Kernel/flash_attention.cu , gcc (preprocessing 1) , src/backpropagation/Kernel/flash_attention.cu  , /tmp/tmpxft_0007523d_00000000-59_flash_attention.cpp1.ii , compute_52 , nvcc , 134.5720 , ms
src/backpropagation/Kernel/flash_attention.cu , cicc ,  /tmp/tmpxft_0007523d_00000000-59_flash_attention.cpp1.ii  , /tmp/tmpxft_0007523d_00000000-34_flash_attention.ptx , compute_52 , nvcc , 718.7970 , ms
src/backpropagation/Kernel/flash_attention.cu , ptxas , /tmp/tmpxft_0007523d_00000000-34_flash_attention.ptx  , /tmp/tmpxft_0007523d_00000000-60_flash_attention.sm_52.cubin , sm_52 , nvcc , 120.4070 , ms
src/backpropagation/Kernel/flash_attention.cu , fatbinary , /tmp/tmpxft_0007523d_00000000-60_flash_attention.sm_52.cubin /tmp/tmpxft_0007523d_00000000-34_flash_attention.ptx  , /tmp/tmpxft_0007523d_00000000-31_flash_attention.fatbin ,  , nvcc , 13.9060 , ms
src/backpropagation/Kernel/flash_attention.cu , gcc (compiling) ,   , /tmp/tmpxft_0007523d_00000000-61_flash_attention.o , compute_52 , nvcc , 684.1440 , ms
src/main.cpp src/kernel/utils.cu src/forward/Kernel/layer_norm.cu src/forward/Kernel/embedding.cu src/forward/Kernel/linear.cu src/forward/Kernel/attention_head.cu src/forward/Kernel/interface.cu src/backpropagation/Kernel/interface_back.cu src/backpropagation/Kernel/flash_attention.cu  , nvlink , /tmp/tmpxft_0007523d_00000000-37_main.o /tmp/tmpxft_0007523d_00000000-40_utils.o /tmp/tmpxft_0007523d_00000000-43_layer_norm.o /tmp/tmpxft_0007523d_00000000-46_embedding.o /tmp/tmpxft_0007523d_00000000-49_linear.o /tmp/tmpxft_0007523d_00000000-52_attention_head.o /tmp/tmpxft_0007523d_00000000-55_interface.o /tmp/tmpxft_0007523d_00000000-58_interface_back.o /tmp/tmpxft_0007523d_00000000-61_flash_attention.o  , /tmp/tmpxft_0007523d_00000000-62_attention_dlink.sm_52.cubin , sm_52 , nvcc , 4.7730 , ms
src/main.cpp src/kernel/utils.cu src/forward/Kernel/layer_norm.cu src/forward/Kernel/embedding.cu src/forward/Kernel/linear.cu src/forward/Kernel/attention_head.cu src/forward/Kernel/interface.cu src/backpropagation/Kernel/interface_back.cu src/backpropagation/Kernel/flash_attention.cu  , fatbinary , /tmp/tmpxft_0007523d_00000000-62_attention_dlink.sm_52.cubin  , /tmp/tmpxft_0007523d_00000000-36_attention_dlink.fatbin ,  , nvcc , 0.9980 , ms
src/main.cpp src/kernel/utils.cu src/forward/Kernel/layer_norm.cu src/forward/Kernel/embedding.cu src/forward/Kernel/linear.cu src/forward/Kernel/attention_head.cu src/forward/Kernel/interface.cu src/backpropagation/Kernel/interface_back.cu src/backpropagation/Kernel/flash_attention.cu  , gcc (compiling) , /usr/lib/nvidia-cuda-toolkit/bin/crt/link.stub  , /tmp/tmpxft_0007523d_00000000-63_attention_dlink.o ,  , nvcc , 17.3710 , ms
src/main.cpp src/kernel/utils.cu src/forward/Kernel/layer_norm.cu src/forward/Kernel/embedding.cu src/forward/Kernel/linear.cu src/forward/Kernel/attention_head.cu src/forward/Kernel/interface.cu src/backpropagation/Kernel/interface_back.cu src/backpropagation/Kernel/flash_attention.cu  , gcc (linking) , /tmp/tmpxft_0007523d_00000000-63_attention_dlink.o /tmp/tmpxft_0007523d_00000000-37_main.o /tmp/tmpxft_0007523d_00000000-40_utils.o /tmp/tmpxft_0007523d_00000000-43_layer_norm.o /tmp/tmpxft_0007523d_00000000-46_embedding.o /tmp/tmpxft_0007523d_00000000-49_linear.o /tmp/tmpxft_0007523d_00000000-52_attention_head.o /tmp/tmpxft_0007523d_00000000-55_interface.o /tmp/tmpxft_0007523d_00000000-58_interface_back.o /tmp/tmpxft_0007523d_00000000-61_flash_attention.o  , src/bin/attention ,  , nvcc , 91.8330 , ms
 , nvcc (driver) ,  , src/bin/attention ,  , nvcc , 2.7051 , ms
src/main.cpp , gcc (compiling) , src/main.cpp  , /tmp/tmpxft_000753c6_00000000-37_main.o ,  , nvcc , 2861.6560 , ms
src/kernel/utils.cu , gcc (preprocessing 4) , src/kernel/utils.cu  , /tmp/tmpxft_000753c6_00000000-5_utils.cpp4.ii ,  , nvcc , 171.1030 , ms
src/kernel/utils.cu , cudafe++ , /tmp/tmpxft_000753c6_00000000-5_utils.cpp4.ii  , /tmp/tmpxft_000753c6_00000000-6_utils.cudafe1.cpp , compute_52 , nvcc , 714.0650 , ms
src/kernel/utils.cu , gcc (preprocessing 1) , src/kernel/utils.cu  , /tmp/tmpxft_000753c6_00000000-38_utils.cpp1.ii , compute_52 , nvcc , 130.2300 , ms
src/kernel/utils.cu , cicc ,  /tmp/tmpxft_000753c6_00000000-38_utils.cpp1.ii  , /tmp/tmpxft_000753c6_00000000-6_utils.ptx , compute_52 , nvcc , 675.0950 , ms
src/kernel/utils.cu , ptxas , /tmp/tmpxft_000753c6_00000000-6_utils.ptx  , /tmp/tmpxft_000753c6_00000000-39_utils.sm_52.cubin , sm_52 , nvcc , 97.7660 , ms
src/kernel/utils.cu , fatbinary , /tmp/tmpxft_000753c6_00000000-39_utils.sm_52.cubin /tmp/tmpxft_000753c6_00000000-6_utils.ptx  , /tmp/tmpxft_000753c6_00000000-3_utils.fatbin ,  , nvcc , 14.4110 , ms
src/kernel/utils.cu , gcc (compiling) ,   , /tmp/tmpxft_000753c6_00000000-40_utils.o , compute_52 , nvcc , 696.8500 , ms
src/forward/Kernel/layer_norm.cu , gcc (preprocessing 4) , src/forward/Kernel/layer_norm.cu  , /tmp/tmpxft_000753c6_00000000-9_layer_norm.cpp4.ii ,  , nvcc , 169.3090 , ms
src/forward/Kernel/layer_norm.cu , cudafe++ , /tmp/tmpxft_000753c6_00000000-9_layer_norm.cpp4.ii  , /tmp/tmpxft_000753c6_00000000-10_layer_norm.cudafe1.cpp , compute_52 , nvcc , 777.9650 , ms
src/forward/Kernel/layer_norm.cu , gcc (preprocessing 1) , src/forward/Kernel/layer_norm.cu  , /tmp/tmpxft_000753c6_00000000-41_layer_norm.cpp1.ii , compute_52 , nvcc , 141.6750 , ms
src/forward/Kernel/layer_norm.cu , cicc ,  /tmp/tmpxft_000753c6_00000000-41_layer_norm.cpp1.ii  , /tmp/tmpxft_000753c6_00000000-10_layer_norm.ptx , compute_52 , nvcc , 715.1460 , ms
src/forward/Kernel/layer_norm.cu , ptxas , /tmp/tmpxft_000753c6_00000000-10_layer_norm.ptx  , /tmp/tmpxft_000753c6_00000000-42_layer_norm.sm_52.cubin , sm_52 , nvcc , 125.8580 , ms
src/forward/Kernel/layer_norm.cu , fatbinary , /tmp/tmpxft_000753c6_00000000-42_layer_norm.sm_52.cubin /tmp/tmpxft_000753c6_00000000-10_layer_norm.ptx  , /tmp/tmpxft_000753c6_00000000-7_layer_norm.fatbin ,  , nvcc , 14.2630 , ms
src/forward/Kernel/layer_norm.cu , gcc (compiling) ,   , /tmp/tmpxft_000753c6_00000000-43_layer_norm.o , compute_52 , nvcc , 698.3290 , ms
src/forward/Kernel/embedding.cu , gcc (preprocessing 4) , src/forward/Kernel/embedding.cu  , /tmp/tmpxft_000753c6_00000000-13_embedding.cpp4.ii ,  , nvcc , 156.5290 , ms
src/forward/Kernel/embedding.cu , cudafe++ , /tmp/tmpxft_000753c6_00000000-13_embedding.cpp4.ii  , /tmp/tmpxft_000753c6_00000000-14_embedding.cudafe1.cpp , compute_52 , nvcc , 784.0340 , ms
src/forward/Kernel/embedding.cu , gcc (preprocessing 1) , src/forward/Kernel/embedding.cu  , /tmp/tmpxft_000753c6_00000000-44_embedding.cpp1.ii , compute_52 , nvcc , 134.2970 , ms
src/forward/Kernel/embedding.cu , cicc ,  /tmp/tmpxft_000753c6_00000000-44_embedding.cpp1.ii  , /tmp/tmpxft_000753c6_00000000-14_embedding.ptx , compute_52 , nvcc , 720.6480 , ms
src/forward/Kernel/embedding.cu , ptxas , /tmp/tmpxft_000753c6_00000000-14_embedding.ptx  , /tmp/tmpxft_000753c6_00000000-45_embedding.sm_52.cubin , sm_52 , nvcc , 115.9660 , ms
src/forward/Kernel/embedding.cu , fatbinary , /tmp/tmpxft_000753c6_00000000-45_embedding.sm_52.cubin /tmp/tmpxft_000753c6_00000000-14_embedding.ptx  , /tmp/tmpxft_000753c6_00000000-11_embedding.fatbin ,  , nvcc , 13.6550 , ms
src/forward/Kernel/embedding.cu , gcc (compiling) ,   , /tmp/tmpxft_000753c6_00000000-46_embedding.o , compute_52 , nvcc , 679.5380 , ms
src/forward/Kernel/linear.cu , gcc (preprocessing 4) , src/forward/Kernel/linear.cu  , /tmp/tmpxft_000753c6_00000000-17_linear.cpp4.ii ,  , nvcc , 169.9760 , ms
src/forward/Kernel/linear.cu , cudafe++ , /tmp/tmpxft_000753c6_00000000-17_linear.cpp4.ii  , /tmp/tmpxft_000753c6_00000000-18_linear.cudafe1.cpp , compute_52 , nvcc , 762.5310 , ms
src/forward/Kernel/linear.cu , gcc (preprocessing 1) , src/forward/Kernel/linear.cu  , /tmp/tmpxft_000753c6_00000000-47_linear.cpp1.ii , compute_52 , nvcc , 129.2240 , ms
src/forward/Kernel/linear.cu , cicc ,  /tmp/tmpxft_000753c6_00000000-47_linear.cpp1.ii  , /tmp/tmpxft_000753c6_00000000-18_linear.ptx , compute_52 , nvcc , 765.9310 , ms
src/forward/Kernel/linear.cu , ptxas , /tmp/tmpxft_000753c6_00000000-18_linear.ptx  , /tmp/tmpxft_000753c6_00000000-48_linear.sm_52.cubin , sm_52 , nvcc , 117.0050 , ms
src/forward/Kernel/linear.cu , fatbinary , /tmp/tmpxft_000753c6_00000000-48_linear.sm_52.cubin /tmp/tmpxft_000753c6_00000000-18_linear.ptx  , /tmp/tmpxft_000753c6_00000000-15_linear.fatbin ,  , nvcc , 13.7530 , ms
src/forward/Kernel/linear.cu , gcc (compiling) ,   , /tmp/tmpxft_000753c6_00000000-49_linear.o , compute_52 , nvcc , 667.5320 , ms
src/forward/Kernel/attention_head.cu , gcc (preprocessing 4) , src/forward/Kernel/attention_head.cu  , /tmp/tmpxft_000753c6_00000000-21_attention_head.cpp4.ii ,  , nvcc , 163.8000 , ms
src/forward/Kernel/attention_head.cu , cudafe++ , /tmp/tmpxft_000753c6_00000000-21_attention_head.cpp4.ii  , /tmp/tmpxft_000753c6_00000000-22_attention_head.cudafe1.cpp , compute_52 , nvcc , 761.9970 , ms
src/forward/Kernel/attention_head.cu , gcc (preprocessing 1) , src/forward/Kernel/attention_head.cu  , /tmp/tmpxft_000753c6_00000000-50_attention_head.cpp1.ii , compute_52 , nvcc , 134.7390 , ms
src/forward/Kernel/attention_head.cu , cicc ,  /tmp/tmpxft_000753c6_00000000-50_attention_head.cpp1.ii  , /tmp/tmpxft_000753c6_00000000-22_attention_head.ptx , compute_52 , nvcc , 796.8370 , ms
src/forward/Kernel/attention_head.cu , ptxas , /tmp/tmpxft_000753c6_00000000-22_attention_head.ptx  , /tmp/tmpxft_000753c6_00000000-51_attention_head.sm_52.cubin , sm_52 , nvcc , 160.7750 , ms
src/forward/Kernel/attention_head.cu , fatbinary , /tmp/tmpxft_000753c6_00000000-51_attention_head.sm_52.cubin /tmp/tmpxft_000753c6_00000000-22_attention_head.ptx  , /tmp/tmpxft_000753c6_00000000-19_attention_head.fatbin ,  , nvcc , 16.1360 , ms
src/forward/Kernel/attention_head.cu , gcc (compiling) ,   , /tmp/tmpxft_000753c6_00000000-52_attention_head.o , compute_52 , nvcc , 953.0430 , ms
src/forward/Kernel/interface.cu , gcc (preprocessing 4) , src/forward/Kernel/interface.cu  , /tmp/tmpxft_000753c6_00000000-25_interface.cpp4.ii ,  , nvcc , 172.7940 , ms
src/forward/Kernel/interface.cu , cudafe++ , /tmp/tmpxft_000753c6_00000000-25_interface.cpp4.ii  , /tmp/tmpxft_000753c6_00000000-26_interface.cudafe1.cpp , compute_52 , nvcc , 805.4500 , ms
src/forward/Kernel/interface.cu , gcc (preprocessing 1) , src/forward/Kernel/interface.cu  , /tmp/tmpxft_000753c6_00000000-53_interface.cpp1.ii , compute_52 , nvcc , 154.3590 , ms
src/forward/Kernel/interface.cu , cicc ,  /tmp/tmpxft_000753c6_00000000-53_interface.cpp1.ii  , /tmp/tmpxft_000753c6_00000000-26_interface.ptx , compute_52 , nvcc , 712.4520 , ms
src/forward/Kernel/interface.cu , ptxas , /tmp/tmpxft_000753c6_00000000-26_interface.ptx  , /tmp/tmpxft_000753c6_00000000-54_interface.sm_52.cubin , sm_52 , nvcc , 94.6790 , ms
src/forward/Kernel/interface.cu , fatbinary , /tmp/tmpxft_000753c6_00000000-54_interface.sm_52.cubin /tmp/tmpxft_000753c6_00000000-26_interface.ptx  , /tmp/tmpxft_000753c6_00000000-23_interface.fatbin ,  , nvcc , 14.0260 , ms
src/forward/Kernel/interface.cu , gcc (compiling) ,   , /tmp/tmpxft_000753c6_00000000-55_interface.o , compute_52 , nvcc , 703.7470 , ms
src/backpropagation/Kernel/interface_back.cu , gcc (preprocessing 4) , src/backpropagation/Kernel/interface_back.cu  , /tmp/tmpxft_000753c6_00000000-29_interface_back.cpp4.ii ,  , nvcc , 240.4380 , ms
src/backpropagation/Kernel/interface_back.cu , cudafe++ , /tmp/tmpxft_000753c6_00000000-29_interface_back.cpp4.ii  , /tmp/tmpxft_000753c6_00000000-30_interface_back.cudafe1.cpp , compute_52 , nvcc , 2213.5530 , ms
src/backpropagation/Kernel/interface_back.cu , gcc (preprocessing 1) , src/backpropagation/Kernel/interface_back.cu  , /tmp/tmpxft_000753c6_00000000-56_interface_back.cpp1.ii , compute_52 , nvcc , 224.0050 , ms
src/backpropagation/Kernel/interface_back.cu , cicc ,  /tmp/tmpxft_000753c6_00000000-56_interface_back.cpp1.ii  , /tmp/tmpxft_000753c6_00000000-30_interface_back.ptx , compute_52 , nvcc , 2267.8271 , ms
src/backpropagation/Kernel/interface_back.cu , ptxas , /tmp/tmpxft_000753c6_00000000-30_interface_back.ptx  , /tmp/tmpxft_000753c6_00000000-57_interface_back.sm_52.cubin , sm_52 , nvcc , 115.3160 , ms
src/backpropagation/Kernel/interface_back.cu , fatbinary , /tmp/tmpxft_000753c6_00000000-57_interface_back.sm_52.cubin /tmp/tmpxft_000753c6_00000000-30_interface_back.ptx  , /tmp/tmpxft_000753c6_00000000-27_interface_back.fatbin ,  , nvcc , 15.2400 , ms
src/backpropagation/Kernel/interface_back.cu , gcc (compiling) ,   , /tmp/tmpxft_000753c6_00000000-58_interface_back.o , compute_52 , nvcc , 2221.6550 , ms
src/backpropagation/Kernel/flash_attention.cu , gcc (preprocessing 4) , src/backpropagation/Kernel/flash_attention.cu  , /tmp/tmpxft_000753c6_00000000-33_flash_attention.cpp4.ii ,  , nvcc , 174.7340 , ms
src/backpropagation/Kernel/flash_attention.cu , cudafe++ , /tmp/tmpxft_000753c6_00000000-33_flash_attention.cpp4.ii  , /tmp/tmpxft_000753c6_00000000-34_flash_attention.cudafe1.cpp , compute_52 , nvcc , 778.8170 , ms
src/backpropagation/Kernel/flash_attention.cu , gcc (preprocessing 1) , src/backpropagation/Kernel/flash_attention.cu  , /tmp/tmpxft_000753c6_00000000-59_flash_attention.cpp1.ii , compute_52 , nvcc , 140.2150 , ms
src/backpropagation/Kernel/flash_attention.cu , cicc ,  /tmp/tmpxft_000753c6_00000000-59_flash_attention.cpp1.ii  , /tmp/tmpxft_000753c6_00000000-34_flash_attention.ptx , compute_52 , nvcc , 705.5750 , ms
src/backpropagation/Kernel/flash_attention.cu , ptxas , /tmp/tmpxft_000753c6_00000000-34_flash_attention.ptx  , /tmp/tmpxft_000753c6_00000000-60_flash_attention.sm_52.cubin , sm_52 , nvcc , 121.8830 , ms
src/backpropagation/Kernel/flash_attention.cu , fatbinary , /tmp/tmpxft_000753c6_00000000-60_flash_attention.sm_52.cubin /tmp/tmpxft_000753c6_00000000-34_flash_attention.ptx  , /tmp/tmpxft_000753c6_00000000-31_flash_attention.fatbin ,  , nvcc , 14.2040 , ms
src/backpropagation/Kernel/flash_attention.cu , gcc (compiling) ,   , /tmp/tmpxft_000753c6_00000000-61_flash_attention.o , compute_52 , nvcc , 699.3230 , ms
src/main.cpp src/kernel/utils.cu src/forward/Kernel/layer_norm.cu src/forward/Kernel/embedding.cu src/forward/Kernel/linear.cu src/forward/Kernel/attention_head.cu src/forward/Kernel/interface.cu src/backpropagation/Kernel/interface_back.cu src/backpropagation/Kernel/flash_attention.cu  , nvlink , /tmp/tmpxft_000753c6_00000000-37_main.o /tmp/tmpxft_000753c6_00000000-40_utils.o /tmp/tmpxft_000753c6_00000000-43_layer_norm.o /tmp/tmpxft_000753c6_00000000-46_embedding.o /tmp/tmpxft_000753c6_00000000-49_linear.o /tmp/tmpxft_000753c6_00000000-52_attention_head.o /tmp/tmpxft_000753c6_00000000-55_interface.o /tmp/tmpxft_000753c6_00000000-58_interface_back.o /tmp/tmpxft_000753c6_00000000-61_flash_attention.o  , /tmp/tmpxft_000753c6_00000000-62_attention_dlink.sm_52.cubin , sm_52 , nvcc , 4.9580 , ms
src/main.cpp src/kernel/utils.cu src/forward/Kernel/layer_norm.cu src/forward/Kernel/embedding.cu src/forward/Kernel/linear.cu src/forward/Kernel/attention_head.cu src/forward/Kernel/interface.cu src/backpropagation/Kernel/interface_back.cu src/backpropagation/Kernel/flash_attention.cu  , fatbinary , /tmp/tmpxft_000753c6_00000000-62_attention_dlink.sm_52.cubin  , /tmp/tmpxft_000753c6_00000000-36_attention_dlink.fatbin ,  , nvcc , 0.9870 , ms
src/main.cpp src/kernel/utils.cu src/forward/Kernel/layer_norm.cu src/forward/Kernel/embedding.cu src/forward/Kernel/linear.cu src/forward/Kernel/attention_head.cu src/forward/Kernel/interface.cu src/backpropagation/Kernel/interface_back.cu src/backpropagation/Kernel/flash_attention.cu  , gcc (compiling) , /usr/lib/nvidia-cuda-toolkit/bin/crt/link.stub  , /tmp/tmpxft_000753c6_00000000-63_attention_dlink.o ,  , nvcc , 13.5260 , ms
src/main.cpp src/kernel/utils.cu src/forward/Kernel/layer_norm.cu src/forward/Kernel/embedding.cu src/forward/Kernel/linear.cu src/forward/Kernel/attention_head.cu src/forward/Kernel/interface.cu src/backpropagation/Kernel/interface_back.cu src/backpropagation/Kernel/flash_attention.cu  , gcc (linking) , /tmp/tmpxft_000753c6_00000000-63_attention_dlink.o /tmp/tmpxft_000753c6_00000000-37_main.o /tmp/tmpxft_000753c6_00000000-40_utils.o /tmp/tmpxft_000753c6_00000000-43_layer_norm.o /tmp/tmpxft_000753c6_00000000-46_embedding.o /tmp/tmpxft_000753c6_00000000-49_linear.o /tmp/tmpxft_000753c6_00000000-52_attention_head.o /tmp/tmpxft_000753c6_00000000-55_interface.o /tmp/tmpxft_000753c6_00000000-58_interface_back.o /tmp/tmpxft_000753c6_00000000-61_flash_attention.o  , src/bin/attention ,  , nvcc , 89.3470 , ms
 , nvcc (driver) ,  , src/bin/attention ,  , nvcc , 2.8359 , ms
src/main.cpp , gcc (compiling) , src/main.cpp  , /tmp/tmpxft_00076ab2_00000000-37_main.o ,  , nvcc , 2945.9971 , ms
src/kernel/utils.cu , gcc (preprocessing 4) , src/kernel/utils.cu  , /tmp/tmpxft_00076ab2_00000000-5_utils.cpp4.ii ,  , nvcc , 164.5650 , ms
src/kernel/utils.cu , cudafe++ , /tmp/tmpxft_00076ab2_00000000-5_utils.cpp4.ii  , /tmp/tmpxft_00076ab2_00000000-6_utils.cudafe1.cpp , compute_52 , nvcc , 765.7020 , ms
src/kernel/utils.cu , gcc (preprocessing 1) , src/kernel/utils.cu  , /tmp/tmpxft_00076ab2_00000000-38_utils.cpp1.ii , compute_52 , nvcc , 157.7150 , ms
src/kernel/utils.cu , cicc ,  /tmp/tmpxft_00076ab2_00000000-38_utils.cpp1.ii  , /tmp/tmpxft_00076ab2_00000000-6_utils.ptx , compute_52 , nvcc , 848.3710 , ms
src/kernel/utils.cu , ptxas , /tmp/tmpxft_00076ab2_00000000-6_utils.ptx  , /tmp/tmpxft_00076ab2_00000000-39_utils.sm_52.cubin , sm_52 , nvcc , 100.4120 , ms
src/kernel/utils.cu , fatbinary , /tmp/tmpxft_00076ab2_00000000-39_utils.sm_52.cubin /tmp/tmpxft_00076ab2_00000000-6_utils.ptx  , /tmp/tmpxft_00076ab2_00000000-3_utils.fatbin ,  , nvcc , 13.8030 , ms
src/kernel/utils.cu , gcc (compiling) ,   , /tmp/tmpxft_00076ab2_00000000-40_utils.o , compute_52 , nvcc , 763.0340 , ms
src/forward/Kernel/layer_norm.cu , gcc (preprocessing 4) , src/forward/Kernel/layer_norm.cu  , /tmp/tmpxft_00076ab2_00000000-9_layer_norm.cpp4.ii ,  , nvcc , 161.9070 , ms
src/forward/Kernel/layer_norm.cu , cudafe++ , /tmp/tmpxft_00076ab2_00000000-9_layer_norm.cpp4.ii  , /tmp/tmpxft_00076ab2_00000000-10_layer_norm.cudafe1.cpp , compute_52 , nvcc , 777.4590 , ms
src/forward/Kernel/layer_norm.cu , gcc (preprocessing 1) , src/forward/Kernel/layer_norm.cu  , /tmp/tmpxft_00076ab2_00000000-41_layer_norm.cpp1.ii , compute_52 , nvcc , 137.1980 , ms
src/forward/Kernel/layer_norm.cu , cicc ,  /tmp/tmpxft_00076ab2_00000000-41_layer_norm.cpp1.ii  , /tmp/tmpxft_00076ab2_00000000-10_layer_norm.ptx , compute_52 , nvcc , 848.8970 , ms
src/forward/Kernel/layer_norm.cu , ptxas , /tmp/tmpxft_00076ab2_00000000-10_layer_norm.ptx  , /tmp/tmpxft_00076ab2_00000000-42_layer_norm.sm_52.cubin , sm_52 , nvcc , 141.7040 , ms
src/forward/Kernel/layer_norm.cu , fatbinary , /tmp/tmpxft_00076ab2_00000000-42_layer_norm.sm_52.cubin /tmp/tmpxft_00076ab2_00000000-10_layer_norm.ptx  , /tmp/tmpxft_00076ab2_00000000-7_layer_norm.fatbin ,  , nvcc , 15.7870 , ms
src/forward/Kernel/layer_norm.cu , gcc (compiling) ,   , /tmp/tmpxft_00076ab2_00000000-43_layer_norm.o , compute_52 , nvcc , 802.9000 , ms
src/forward/Kernel/embedding.cu , gcc (preprocessing 4) , src/forward/Kernel/embedding.cu  , /tmp/tmpxft_00076ab2_00000000-13_embedding.cpp4.ii ,  , nvcc , 340.3360 , ms
src/forward/Kernel/embedding.cu , cudafe++ , /tmp/tmpxft_00076ab2_00000000-13_embedding.cpp4.ii  , /tmp/tmpxft_00076ab2_00000000-14_embedding.cudafe1.cpp , compute_52 , nvcc , 950.8020 , ms
src/forward/Kernel/embedding.cu , gcc (preprocessing 1) , src/forward/Kernel/embedding.cu  , /tmp/tmpxft_00076ab2_00000000-44_embedding.cpp1.ii , compute_52 , nvcc , 190.8660 , ms
src/forward/Kernel/embedding.cu , cicc ,  /tmp/tmpxft_00076ab2_00000000-44_embedding.cpp1.ii  , /tmp/tmpxft_00076ab2_00000000-14_embedding.ptx , compute_52 , nvcc , 782.3270 , ms
src/forward/Kernel/embedding.cu , ptxas , /tmp/tmpxft_00076ab2_00000000-14_embedding.ptx  , /tmp/tmpxft_00076ab2_00000000-45_embedding.sm_52.cubin , sm_52 , nvcc , 117.6850 , ms
src/forward/Kernel/embedding.cu , fatbinary , /tmp/tmpxft_00076ab2_00000000-45_embedding.sm_52.cubin /tmp/tmpxft_00076ab2_00000000-14_embedding.ptx  , /tmp/tmpxft_00076ab2_00000000-11_embedding.fatbin ,  , nvcc , 15.2500 , ms
src/forward/Kernel/embedding.cu , gcc (compiling) ,   , /tmp/tmpxft_00076ab2_00000000-46_embedding.o , compute_52 , nvcc , 650.6780 , ms
src/forward/Kernel/linear.cu , gcc (preprocessing 4) , src/forward/Kernel/linear.cu  , /tmp/tmpxft_00076ab2_00000000-17_linear.cpp4.ii ,  , nvcc , 153.2540 , ms
src/forward/Kernel/linear.cu , cudafe++ , /tmp/tmpxft_00076ab2_00000000-17_linear.cpp4.ii  , /tmp/tmpxft_00076ab2_00000000-18_linear.cudafe1.cpp , compute_52 , nvcc , 727.2580 , ms
src/forward/Kernel/linear.cu , gcc (preprocessing 1) , src/forward/Kernel/linear.cu  , /tmp/tmpxft_00076ab2_00000000-47_linear.cpp1.ii , compute_52 , nvcc , 152.0570 , ms
src/forward/Kernel/linear.cu , cicc ,  /tmp/tmpxft_00076ab2_00000000-47_linear.cpp1.ii  , /tmp/tmpxft_00076ab2_00000000-18_linear.ptx , compute_52 , nvcc , 814.2540 , ms
src/forward/Kernel/linear.cu , ptxas , /tmp/tmpxft_00076ab2_00000000-18_linear.ptx  , /tmp/tmpxft_00076ab2_00000000-48_linear.sm_52.cubin , sm_52 , nvcc , 115.9720 , ms
src/forward/Kernel/linear.cu , fatbinary , /tmp/tmpxft_00076ab2_00000000-48_linear.sm_52.cubin /tmp/tmpxft_00076ab2_00000000-18_linear.ptx  , /tmp/tmpxft_00076ab2_00000000-15_linear.fatbin ,  , nvcc , 15.6180 , ms
src/forward/Kernel/linear.cu , gcc (compiling) ,   , /tmp/tmpxft_00076ab2_00000000-49_linear.o , compute_52 , nvcc , 718.6670 , ms
src/forward/Kernel/attention_head.cu , gcc (preprocessing 4) , src/forward/Kernel/attention_head.cu  , /tmp/tmpxft_00076ab2_00000000-21_attention_head.cpp4.ii ,  , nvcc , 152.5760 , ms
src/forward/Kernel/attention_head.cu , cudafe++ , /tmp/tmpxft_00076ab2_00000000-21_attention_head.cpp4.ii  , /tmp/tmpxft_00076ab2_00000000-22_attention_head.cudafe1.cpp , compute_52 , nvcc , 713.8240 , ms
src/forward/Kernel/attention_head.cu , gcc (preprocessing 1) , src/forward/Kernel/attention_head.cu  , /tmp/tmpxft_00076ab2_00000000-50_attention_head.cpp1.ii , compute_52 , nvcc , 128.1040 , ms
src/forward/Kernel/attention_head.cu , cicc ,  /tmp/tmpxft_00076ab2_00000000-50_attention_head.cpp1.ii  , /tmp/tmpxft_00076ab2_00000000-22_attention_head.ptx , compute_52 , nvcc , 767.1570 , ms
src/forward/Kernel/attention_head.cu , ptxas , /tmp/tmpxft_00076ab2_00000000-22_attention_head.ptx  , /tmp/tmpxft_00076ab2_00000000-51_attention_head.sm_52.cubin , sm_52 , nvcc , 139.8520 , ms
src/forward/Kernel/attention_head.cu , fatbinary , /tmp/tmpxft_00076ab2_00000000-51_attention_head.sm_52.cubin /tmp/tmpxft_00076ab2_00000000-22_attention_head.ptx  , /tmp/tmpxft_00076ab2_00000000-19_attention_head.fatbin ,  , nvcc , 15.4400 , ms
src/forward/Kernel/attention_head.cu , gcc (compiling) ,   , /tmp/tmpxft_00076ab2_00000000-52_attention_head.o , compute_52 , nvcc , 669.5950 , ms
src/forward/Kernel/interface.cu , gcc (preprocessing 4) , src/forward/Kernel/interface.cu  , /tmp/tmpxft_00076ab2_00000000-25_interface.cpp4.ii ,  , nvcc , 152.1370 , ms
src/forward/Kernel/interface.cu , cudafe++ , /tmp/tmpxft_00076ab2_00000000-25_interface.cpp4.ii  , /tmp/tmpxft_00076ab2_00000000-26_interface.cudafe1.cpp , compute_52 , nvcc , 760.4070 , ms
src/forward/Kernel/interface.cu , gcc (preprocessing 1) , src/forward/Kernel/interface.cu  , /tmp/tmpxft_00076ab2_00000000-53_interface.cpp1.ii , compute_52 , nvcc , 140.9990 , ms
src/forward/Kernel/interface.cu , cicc ,  /tmp/tmpxft_00076ab2_00000000-53_interface.cpp1.ii  , /tmp/tmpxft_00076ab2_00000000-26_interface.ptx , compute_52 , nvcc , 662.8780 , ms
src/forward/Kernel/interface.cu , ptxas , /tmp/tmpxft_00076ab2_00000000-26_interface.ptx  , /tmp/tmpxft_00076ab2_00000000-54_interface.sm_52.cubin , sm_52 , nvcc , 93.2370 , ms
src/forward/Kernel/interface.cu , fatbinary , /tmp/tmpxft_00076ab2_00000000-54_interface.sm_52.cubin /tmp/tmpxft_00076ab2_00000000-26_interface.ptx  , /tmp/tmpxft_00076ab2_00000000-23_interface.fatbin ,  , nvcc , 13.6560 , ms
src/forward/Kernel/interface.cu , gcc (compiling) ,   , /tmp/tmpxft_00076ab2_00000000-55_interface.o , compute_52 , nvcc , 701.8350 , ms
src/backpropagation/Kernel/interface_back.cu , gcc (preprocessing 4) , src/backpropagation/Kernel/interface_back.cu  , /tmp/tmpxft_00076ab2_00000000-29_interface_back.cpp4.ii ,  , nvcc , 266.2590 , ms
src/backpropagation/Kernel/interface_back.cu , cudafe++ , /tmp/tmpxft_00076ab2_00000000-29_interface_back.cpp4.ii  , /tmp/tmpxft_00076ab2_00000000-30_interface_back.cudafe1.cpp , compute_52 , nvcc , 1854.8469 , ms
src/backpropagation/Kernel/interface_back.cu , gcc (preprocessing 1) , src/backpropagation/Kernel/interface_back.cu  , /tmp/tmpxft_00076ab2_00000000-56_interface_back.cpp1.ii , compute_52 , nvcc , 224.1430 , ms
src/backpropagation/Kernel/interface_back.cu , cicc ,  /tmp/tmpxft_00076ab2_00000000-56_interface_back.cpp1.ii  , /tmp/tmpxft_00076ab2_00000000-30_interface_back.ptx , compute_52 , nvcc , 2275.7949 , ms
src/backpropagation/Kernel/interface_back.cu , ptxas , /tmp/tmpxft_00076ab2_00000000-30_interface_back.ptx  , /tmp/tmpxft_00076ab2_00000000-57_interface_back.sm_52.cubin , sm_52 , nvcc , 116.9910 , ms
src/backpropagation/Kernel/interface_back.cu , fatbinary , /tmp/tmpxft_00076ab2_00000000-57_interface_back.sm_52.cubin /tmp/tmpxft_00076ab2_00000000-30_interface_back.ptx  , /tmp/tmpxft_00076ab2_00000000-27_interface_back.fatbin ,  , nvcc , 14.9620 , ms
src/backpropagation/Kernel/interface_back.cu , gcc (compiling) ,   , /tmp/tmpxft_00076ab2_00000000-58_interface_back.o , compute_52 , nvcc , 1917.0750 , ms
src/backpropagation/Kernel/flash_attention.cu , gcc (preprocessing 4) , src/backpropagation/Kernel/flash_attention.cu  , /tmp/tmpxft_00076ab2_00000000-33_flash_attention.cpp4.ii ,  , nvcc , 154.5820 , ms
src/backpropagation/Kernel/flash_attention.cu , cudafe++ , /tmp/tmpxft_00076ab2_00000000-33_flash_attention.cpp4.ii  , /tmp/tmpxft_00076ab2_00000000-34_flash_attention.cudafe1.cpp , compute_52 , nvcc , 755.7360 , ms
src/backpropagation/Kernel/flash_attention.cu , gcc (preprocessing 1) , src/backpropagation/Kernel/flash_attention.cu  , /tmp/tmpxft_00076ab2_00000000-59_flash_attention.cpp1.ii , compute_52 , nvcc , 141.2350 , ms
src/backpropagation/Kernel/flash_attention.cu , cicc ,  /tmp/tmpxft_00076ab2_00000000-59_flash_attention.cpp1.ii  , /tmp/tmpxft_00076ab2_00000000-34_flash_attention.ptx , compute_52 , nvcc , 765.5120 , ms
src/backpropagation/Kernel/flash_attention.cu , ptxas , /tmp/tmpxft_00076ab2_00000000-34_flash_attention.ptx  , /tmp/tmpxft_00076ab2_00000000-60_flash_attention.sm_52.cubin , sm_52 , nvcc , 133.6530 , ms
src/backpropagation/Kernel/flash_attention.cu , fatbinary , /tmp/tmpxft_00076ab2_00000000-60_flash_attention.sm_52.cubin /tmp/tmpxft_00076ab2_00000000-34_flash_attention.ptx  , /tmp/tmpxft_00076ab2_00000000-31_flash_attention.fatbin ,  , nvcc , 14.1760 , ms
src/backpropagation/Kernel/flash_attention.cu , gcc (compiling) ,   , /tmp/tmpxft_00076ab2_00000000-61_flash_attention.o , compute_52 , nvcc , 667.1290 , ms
src/main.cpp src/kernel/utils.cu src/forward/Kernel/layer_norm.cu src/forward/Kernel/embedding.cu src/forward/Kernel/linear.cu src/forward/Kernel/attention_head.cu src/forward/Kernel/interface.cu src/backpropagation/Kernel/interface_back.cu src/backpropagation/Kernel/flash_attention.cu  , nvlink , /tmp/tmpxft_00076ab2_00000000-37_main.o /tmp/tmpxft_00076ab2_00000000-40_utils.o /tmp/tmpxft_00076ab2_00000000-43_layer_norm.o /tmp/tmpxft_00076ab2_00000000-46_embedding.o /tmp/tmpxft_00076ab2_00000000-49_linear.o /tmp/tmpxft_00076ab2_00000000-52_attention_head.o /tmp/tmpxft_00076ab2_00000000-55_interface.o /tmp/tmpxft_00076ab2_00000000-58_interface_back.o /tmp/tmpxft_00076ab2_00000000-61_flash_attention.o  , /tmp/tmpxft_00076ab2_00000000-62_attention_dlink.sm_52.cubin , sm_52 , nvcc , 5.7360 , ms
src/main.cpp src/kernel/utils.cu src/forward/Kernel/layer_norm.cu src/forward/Kernel/embedding.cu src/forward/Kernel/linear.cu src/forward/Kernel/attention_head.cu src/forward/Kernel/interface.cu src/backpropagation/Kernel/interface_back.cu src/backpropagation/Kernel/flash_attention.cu  , fatbinary , /tmp/tmpxft_00076ab2_00000000-62_attention_dlink.sm_52.cubin  , /tmp/tmpxft_00076ab2_00000000-36_attention_dlink.fatbin ,  , nvcc , 1.2340 , ms
src/main.cpp src/kernel/utils.cu src/forward/Kernel/layer_norm.cu src/forward/Kernel/embedding.cu src/forward/Kernel/linear.cu src/forward/Kernel/attention_head.cu src/forward/Kernel/interface.cu src/backpropagation/Kernel/interface_back.cu src/backpropagation/Kernel/flash_attention.cu  , gcc (compiling) , /usr/lib/nvidia-cuda-toolkit/bin/crt/link.stub  , /tmp/tmpxft_00076ab2_00000000-63_attention_dlink.o ,  , nvcc , 14.2750 , ms
src/main.cpp src/kernel/utils.cu src/forward/Kernel/layer_norm.cu src/forward/Kernel/embedding.cu src/forward/Kernel/linear.cu src/forward/Kernel/attention_head.cu src/forward/Kernel/interface.cu src/backpropagation/Kernel/interface_back.cu src/backpropagation/Kernel/flash_attention.cu  , gcc (linking) , /tmp/tmpxft_00076ab2_00000000-63_attention_dlink.o /tmp/tmpxft_00076ab2_00000000-37_main.o /tmp/tmpxft_00076ab2_00000000-40_utils.o /tmp/tmpxft_00076ab2_00000000-43_layer_norm.o /tmp/tmpxft_00076ab2_00000000-46_embedding.o /tmp/tmpxft_00076ab2_00000000-49_linear.o /tmp/tmpxft_00076ab2_00000000-52_attention_head.o /tmp/tmpxft_00076ab2_00000000-55_interface.o /tmp/tmpxft_00076ab2_00000000-58_interface_back.o /tmp/tmpxft_00076ab2_00000000-61_flash_attention.o  , src/bin/attention ,  , nvcc , 92.4720 , ms
 , nvcc (driver) ,  , src/bin/attention ,  , nvcc , 4.7461 , ms
src/main.cpp , gcc (compiling) , src/main.cpp  , /tmp/tmpxft_00076c7b_00000000-37_main.o ,  , nvcc , 3286.0449 , ms
src/kernel/utils.cu , gcc (preprocessing 4) , src/kernel/utils.cu  , /tmp/tmpxft_00076c7b_00000000-5_utils.cpp4.ii ,  , nvcc , 178.0930 , ms
src/kernel/utils.cu , cudafe++ , /tmp/tmpxft_00076c7b_00000000-5_utils.cpp4.ii  , /tmp/tmpxft_00076c7b_00000000-6_utils.cudafe1.cpp , compute_52 , nvcc , 730.1380 , ms
src/kernel/utils.cu , gcc (preprocessing 1) , src/kernel/utils.cu  , /tmp/tmpxft_00076c7b_00000000-38_utils.cpp1.ii , compute_52 , nvcc , 147.3120 , ms
src/kernel/utils.cu , cicc ,  /tmp/tmpxft_00076c7b_00000000-38_utils.cpp1.ii  , /tmp/tmpxft_00076c7b_00000000-6_utils.ptx , compute_52 , nvcc , 694.5140 , ms
src/kernel/utils.cu , ptxas , /tmp/tmpxft_00076c7b_00000000-6_utils.ptx  , /tmp/tmpxft_00076c7b_00000000-39_utils.sm_52.cubin , sm_52 , nvcc , 100.6370 , ms
src/kernel/utils.cu , fatbinary , /tmp/tmpxft_00076c7b_00000000-39_utils.sm_52.cubin /tmp/tmpxft_00076c7b_00000000-6_utils.ptx  , /tmp/tmpxft_00076c7b_00000000-3_utils.fatbin ,  , nvcc , 14.1640 , ms
src/kernel/utils.cu , gcc (compiling) ,   , /tmp/tmpxft_00076c7b_00000000-40_utils.o , compute_52 , nvcc , 679.3470 , ms
src/forward/Kernel/layer_norm.cu , gcc (preprocessing 4) , src/forward/Kernel/layer_norm.cu  , /tmp/tmpxft_00076c7b_00000000-9_layer_norm.cpp4.ii ,  , nvcc , 163.4370 , ms
src/forward/Kernel/layer_norm.cu , cudafe++ , /tmp/tmpxft_00076c7b_00000000-9_layer_norm.cpp4.ii  , /tmp/tmpxft_00076c7b_00000000-10_layer_norm.cudafe1.cpp , compute_52 , nvcc , 742.3190 , ms
src/forward/Kernel/layer_norm.cu , gcc (preprocessing 1) , src/forward/Kernel/layer_norm.cu  , /tmp/tmpxft_00076c7b_00000000-41_layer_norm.cpp1.ii , compute_52 , nvcc , 138.1180 , ms
src/forward/Kernel/layer_norm.cu , cicc ,  /tmp/tmpxft_00076c7b_00000000-41_layer_norm.cpp1.ii  , /tmp/tmpxft_00076c7b_00000000-10_layer_norm.ptx , compute_52 , nvcc , 683.4370 , ms
src/forward/Kernel/layer_norm.cu , ptxas , /tmp/tmpxft_00076c7b_00000000-10_layer_norm.ptx  , /tmp/tmpxft_00076c7b_00000000-42_layer_norm.sm_52.cubin , sm_52 , nvcc , 109.5050 , ms
src/forward/Kernel/layer_norm.cu , fatbinary , /tmp/tmpxft_00076c7b_00000000-42_layer_norm.sm_52.cubin /tmp/tmpxft_00076c7b_00000000-10_layer_norm.ptx  , /tmp/tmpxft_00076c7b_00000000-7_layer_norm.fatbin ,  , nvcc , 13.7990 , ms
src/forward/Kernel/layer_norm.cu , gcc (compiling) ,   , /tmp/tmpxft_00076c7b_00000000-43_layer_norm.o , compute_52 , nvcc , 635.8270 , ms
src/forward/Kernel/embedding.cu , gcc (preprocessing 4) , src/forward/Kernel/embedding.cu  , /tmp/tmpxft_00076c7b_00000000-13_embedding.cpp4.ii ,  , nvcc , 161.0740 , ms
src/forward/Kernel/embedding.cu , cudafe++ , /tmp/tmpxft_00076c7b_00000000-13_embedding.cpp4.ii  , /tmp/tmpxft_00076c7b_00000000-14_embedding.cudafe1.cpp , compute_52 , nvcc , 728.5780 , ms
src/forward/Kernel/embedding.cu , gcc (preprocessing 1) , src/forward/Kernel/embedding.cu  , /tmp/tmpxft_00076c7b_00000000-44_embedding.cpp1.ii , compute_52 , nvcc , 139.7080 , ms
src/forward/Kernel/embedding.cu , cicc ,  /tmp/tmpxft_00076c7b_00000000-44_embedding.cpp1.ii  , /tmp/tmpxft_00076c7b_00000000-14_embedding.ptx , compute_52 , nvcc , 698.8870 , ms
src/forward/Kernel/embedding.cu , ptxas , /tmp/tmpxft_00076c7b_00000000-14_embedding.ptx  , /tmp/tmpxft_00076c7b_00000000-45_embedding.sm_52.cubin , sm_52 , nvcc , 112.9170 , ms
src/forward/Kernel/embedding.cu , fatbinary , /tmp/tmpxft_00076c7b_00000000-45_embedding.sm_52.cubin /tmp/tmpxft_00076c7b_00000000-14_embedding.ptx  , /tmp/tmpxft_00076c7b_00000000-11_embedding.fatbin ,  , nvcc , 14.7790 , ms
src/forward/Kernel/embedding.cu , gcc (compiling) ,   , /tmp/tmpxft_00076c7b_00000000-46_embedding.o , compute_52 , nvcc , 652.8330 , ms
src/forward/Kernel/linear.cu , gcc (preprocessing 4) , src/forward/Kernel/linear.cu  , /tmp/tmpxft_00076c7b_00000000-17_linear.cpp4.ii ,  , nvcc , 161.3010 , ms
src/forward/Kernel/linear.cu , cudafe++ , /tmp/tmpxft_00076c7b_00000000-17_linear.cpp4.ii  , /tmp/tmpxft_00076c7b_00000000-18_linear.cudafe1.cpp , compute_52 , nvcc , 750.4240 , ms
src/forward/Kernel/linear.cu , gcc (preprocessing 1) , src/forward/Kernel/linear.cu  , /tmp/tmpxft_00076c7b_00000000-47_linear.cpp1.ii , compute_52 , nvcc , 140.2970 , ms
src/forward/Kernel/linear.cu , cicc ,  /tmp/tmpxft_00076c7b_00000000-47_linear.cpp1.ii  , /tmp/tmpxft_00076c7b_00000000-18_linear.ptx , compute_52 , nvcc , 721.0570 , ms
src/forward/Kernel/linear.cu , ptxas , /tmp/tmpxft_00076c7b_00000000-18_linear.ptx  , /tmp/tmpxft_00076c7b_00000000-48_linear.sm_52.cubin , sm_52 , nvcc , 115.6360 , ms
src/forward/Kernel/linear.cu , fatbinary , /tmp/tmpxft_00076c7b_00000000-48_linear.sm_52.cubin /tmp/tmpxft_00076c7b_00000000-18_linear.ptx  , /tmp/tmpxft_00076c7b_00000000-15_linear.fatbin ,  , nvcc , 14.9240 , ms
src/forward/Kernel/linear.cu , gcc (compiling) ,   , /tmp/tmpxft_00076c7b_00000000-49_linear.o , compute_52 , nvcc , 658.7150 , ms
src/forward/Kernel/attention_head.cu , gcc (preprocessing 4) , src/forward/Kernel/attention_head.cu  , /tmp/tmpxft_00076c7b_00000000-21_attention_head.cpp4.ii ,  , nvcc , 171.0370 , ms
src/forward/Kernel/attention_head.cu , cudafe++ , /tmp/tmpxft_00076c7b_00000000-21_attention_head.cpp4.ii  , /tmp/tmpxft_00076c7b_00000000-22_attention_head.cudafe1.cpp , compute_52 , nvcc , 746.3180 , ms
src/forward/Kernel/attention_head.cu , gcc (preprocessing 1) , src/forward/Kernel/attention_head.cu  , /tmp/tmpxft_00076c7b_00000000-50_attention_head.cpp1.ii , compute_52 , nvcc , 125.8890 , ms
src/forward/Kernel/attention_head.cu , cicc ,  /tmp/tmpxft_00076c7b_00000000-50_attention_head.cpp1.ii  , /tmp/tmpxft_00076c7b_00000000-22_attention_head.ptx , compute_52 , nvcc , 730.4480 , ms
src/forward/Kernel/attention_head.cu , ptxas , /tmp/tmpxft_00076c7b_00000000-22_attention_head.ptx  , /tmp/tmpxft_00076c7b_00000000-51_attention_head.sm_52.cubin , sm_52 , nvcc , 138.5260 , ms
src/forward/Kernel/attention_head.cu , fatbinary , /tmp/tmpxft_00076c7b_00000000-51_attention_head.sm_52.cubin /tmp/tmpxft_00076c7b_00000000-22_attention_head.ptx  , /tmp/tmpxft_00076c7b_00000000-19_attention_head.fatbin ,  , nvcc , 14.7770 , ms
src/forward/Kernel/attention_head.cu , gcc (compiling) ,   , /tmp/tmpxft_00076c7b_00000000-52_attention_head.o , compute_52 , nvcc , 668.0970 , ms
src/forward/Kernel/interface.cu , gcc (preprocessing 4) , src/forward/Kernel/interface.cu  , /tmp/tmpxft_00076c7b_00000000-25_interface.cpp4.ii ,  , nvcc , 158.0240 , ms
src/forward/Kernel/interface.cu , cudafe++ , /tmp/tmpxft_00076c7b_00000000-25_interface.cpp4.ii  , /tmp/tmpxft_00076c7b_00000000-26_interface.cudafe1.cpp , compute_52 , nvcc , 742.1700 , ms
src/forward/Kernel/interface.cu , gcc (preprocessing 1) , src/forward/Kernel/interface.cu  , /tmp/tmpxft_00076c7b_00000000-53_interface.cpp1.ii , compute_52 , nvcc , 135.7420 , ms
src/forward/Kernel/interface.cu , cicc ,  /tmp/tmpxft_00076c7b_00000000-53_interface.cpp1.ii  , /tmp/tmpxft_00076c7b_00000000-26_interface.ptx , compute_52 , nvcc , 667.7270 , ms
src/forward/Kernel/interface.cu , ptxas , /tmp/tmpxft_00076c7b_00000000-26_interface.ptx  , /tmp/tmpxft_00076c7b_00000000-54_interface.sm_52.cubin , sm_52 , nvcc , 99.1900 , ms
src/forward/Kernel/interface.cu , fatbinary , /tmp/tmpxft_00076c7b_00000000-54_interface.sm_52.cubin /tmp/tmpxft_00076c7b_00000000-26_interface.ptx  , /tmp/tmpxft_00076c7b_00000000-23_interface.fatbin ,  , nvcc , 14.3890 , ms
src/forward/Kernel/interface.cu , gcc (compiling) ,   , /tmp/tmpxft_00076c7b_00000000-55_interface.o , compute_52 , nvcc , 631.7260 , ms
src/backpropagation/Kernel/interface_back.cu , gcc (preprocessing 4) , src/backpropagation/Kernel/interface_back.cu  , /tmp/tmpxft_00076c7b_00000000-29_interface_back.cpp4.ii ,  , nvcc , 239.7490 , ms
src/backpropagation/Kernel/interface_back.cu , cudafe++ , /tmp/tmpxft_00076c7b_00000000-29_interface_back.cpp4.ii  , /tmp/tmpxft_00076c7b_00000000-30_interface_back.cudafe1.cpp , compute_52 , nvcc , 1794.2960 , ms
src/backpropagation/Kernel/interface_back.cu , gcc (preprocessing 1) , src/backpropagation/Kernel/interface_back.cu  , /tmp/tmpxft_00076c7b_00000000-56_interface_back.cpp1.ii , compute_52 , nvcc , 230.5530 , ms
src/backpropagation/Kernel/interface_back.cu , cicc ,  /tmp/tmpxft_00076c7b_00000000-56_interface_back.cpp1.ii  , /tmp/tmpxft_00076c7b_00000000-30_interface_back.ptx , compute_52 , nvcc , 2148.3999 , ms
src/backpropagation/Kernel/interface_back.cu , ptxas , /tmp/tmpxft_00076c7b_00000000-30_interface_back.ptx  , /tmp/tmpxft_00076c7b_00000000-57_interface_back.sm_52.cubin , sm_52 , nvcc , 112.4480 , ms
src/backpropagation/Kernel/interface_back.cu , fatbinary , /tmp/tmpxft_00076c7b_00000000-57_interface_back.sm_52.cubin /tmp/tmpxft_00076c7b_00000000-30_interface_back.ptx  , /tmp/tmpxft_00076c7b_00000000-27_interface_back.fatbin ,  , nvcc , 13.8580 , ms
src/backpropagation/Kernel/interface_back.cu , gcc (compiling) ,   , /tmp/tmpxft_00076c7b_00000000-58_interface_back.o , compute_52 , nvcc , 1782.2500 , ms
src/backpropagation/Kernel/flash_attention.cu , gcc (preprocessing 4) , src/backpropagation/Kernel/flash_attention.cu  , /tmp/tmpxft_00076c7b_00000000-33_flash_attention.cpp4.ii ,  , nvcc , 164.9500 , ms
src/backpropagation/Kernel/flash_attention.cu , cudafe++ , /tmp/tmpxft_00076c7b_00000000-33_flash_attention.cpp4.ii  , /tmp/tmpxft_00076c7b_00000000-34_flash_attention.cudafe1.cpp , compute_52 , nvcc , 711.5920 , ms
src/backpropagation/Kernel/flash_attention.cu , gcc (preprocessing 1) , src/backpropagation/Kernel/flash_attention.cu  , /tmp/tmpxft_00076c7b_00000000-59_flash_attention.cpp1.ii , compute_52 , nvcc , 130.9420 , ms
src/backpropagation/Kernel/flash_attention.cu , cicc ,  /tmp/tmpxft_00076c7b_00000000-59_flash_attention.cpp1.ii  , /tmp/tmpxft_00076c7b_00000000-34_flash_attention.ptx , compute_52 , nvcc , 680.7670 , ms
src/backpropagation/Kernel/flash_attention.cu , ptxas , /tmp/tmpxft_00076c7b_00000000-34_flash_attention.ptx  , /tmp/tmpxft_00076c7b_00000000-60_flash_attention.sm_52.cubin , sm_52 , nvcc , 120.6890 , ms
src/backpropagation/Kernel/flash_attention.cu , fatbinary , /tmp/tmpxft_00076c7b_00000000-60_flash_attention.sm_52.cubin /tmp/tmpxft_00076c7b_00000000-34_flash_attention.ptx  , /tmp/tmpxft_00076c7b_00000000-31_flash_attention.fatbin ,  , nvcc , 13.9160 , ms
src/backpropagation/Kernel/flash_attention.cu , gcc (compiling) ,   , /tmp/tmpxft_00076c7b_00000000-61_flash_attention.o , compute_52 , nvcc , 637.4400 , ms
src/main.cpp src/kernel/utils.cu src/forward/Kernel/layer_norm.cu src/forward/Kernel/embedding.cu src/forward/Kernel/linear.cu src/forward/Kernel/attention_head.cu src/forward/Kernel/interface.cu src/backpropagation/Kernel/interface_back.cu src/backpropagation/Kernel/flash_attention.cu  , nvlink , /tmp/tmpxft_00076c7b_00000000-37_main.o /tmp/tmpxft_00076c7b_00000000-40_utils.o /tmp/tmpxft_00076c7b_00000000-43_layer_norm.o /tmp/tmpxft_00076c7b_00000000-46_embedding.o /tmp/tmpxft_00076c7b_00000000-49_linear.o /tmp/tmpxft_00076c7b_00000000-52_attention_head.o /tmp/tmpxft_00076c7b_00000000-55_interface.o /tmp/tmpxft_00076c7b_00000000-58_interface_back.o /tmp/tmpxft_00076c7b_00000000-61_flash_attention.o  , /tmp/tmpxft_00076c7b_00000000-62_attention_dlink.sm_52.cubin , sm_52 , nvcc , 4.9710 , ms
src/main.cpp src/kernel/utils.cu src/forward/Kernel/layer_norm.cu src/forward/Kernel/embedding.cu src/forward/Kernel/linear.cu src/forward/Kernel/attention_head.cu src/forward/Kernel/interface.cu src/backpropagation/Kernel/interface_back.cu src/backpropagation/Kernel/flash_attention.cu  , fatbinary , /tmp/tmpxft_00076c7b_00000000-62_attention_dlink.sm_52.cubin  , /tmp/tmpxft_00076c7b_00000000-36_attention_dlink.fatbin ,  , nvcc , 1.1750 , ms
src/main.cpp src/kernel/utils.cu src/forward/Kernel/layer_norm.cu src/forward/Kernel/embedding.cu src/forward/Kernel/linear.cu src/forward/Kernel/attention_head.cu src/forward/Kernel/interface.cu src/backpropagation/Kernel/interface_back.cu src/backpropagation/Kernel/flash_attention.cu  , gcc (compiling) , /usr/lib/nvidia-cuda-toolkit/bin/crt/link.stub  , /tmp/tmpxft_00076c7b_00000000-63_attention_dlink.o ,  , nvcc , 13.8820 , ms
src/main.cpp src/kernel/utils.cu src/forward/Kernel/layer_norm.cu src/forward/Kernel/embedding.cu src/forward/Kernel/linear.cu src/forward/Kernel/attention_head.cu src/forward/Kernel/interface.cu src/backpropagation/Kernel/interface_back.cu src/backpropagation/Kernel/flash_attention.cu  , gcc (linking) , /tmp/tmpxft_00076c7b_00000000-63_attention_dlink.o /tmp/tmpxft_00076c7b_00000000-37_main.o /tmp/tmpxft_00076c7b_00000000-40_utils.o /tmp/tmpxft_00076c7b_00000000-43_layer_norm.o /tmp/tmpxft_00076c7b_00000000-46_embedding.o /tmp/tmpxft_00076c7b_00000000-49_linear.o /tmp/tmpxft_00076c7b_00000000-52_attention_head.o /tmp/tmpxft_00076c7b_00000000-55_interface.o /tmp/tmpxft_00076c7b_00000000-58_interface_back.o /tmp/tmpxft_00076c7b_00000000-61_flash_attention.o  , src/bin/attention ,  , nvcc , 84.4630 , ms
 , nvcc (driver) ,  , src/bin/attention ,  , nvcc , 2.7793 , ms
src/main.cpp , gcc (compiling) , src/main.cpp  , /tmp/tmpxft_00076fdd_00000000-37_main.o ,  , nvcc , 3014.0830 , ms
src/kernel/utils.cu , gcc (preprocessing 4) , src/kernel/utils.cu  , /tmp/tmpxft_00076fdd_00000000-5_utils.cpp4.ii ,  , nvcc , 157.8980 , ms
src/kernel/utils.cu , cudafe++ , /tmp/tmpxft_00076fdd_00000000-5_utils.cpp4.ii  , /tmp/tmpxft_00076fdd_00000000-6_utils.cudafe1.cpp , compute_52 , nvcc , 730.6130 , ms
src/kernel/utils.cu , gcc (preprocessing 1) , src/kernel/utils.cu  , /tmp/tmpxft_00076fdd_00000000-38_utils.cpp1.ii , compute_52 , nvcc , 138.1230 , ms
src/kernel/utils.cu , cicc ,  /tmp/tmpxft_00076fdd_00000000-38_utils.cpp1.ii  , /tmp/tmpxft_00076fdd_00000000-6_utils.ptx , compute_52 , nvcc , 740.7730 , ms
src/kernel/utils.cu , ptxas , /tmp/tmpxft_00076fdd_00000000-6_utils.ptx  , /tmp/tmpxft_00076fdd_00000000-39_utils.sm_52.cubin , sm_52 , nvcc , 101.6490 , ms
src/kernel/utils.cu , fatbinary , /tmp/tmpxft_00076fdd_00000000-39_utils.sm_52.cubin /tmp/tmpxft_00076fdd_00000000-6_utils.ptx  , /tmp/tmpxft_00076fdd_00000000-3_utils.fatbin ,  , nvcc , 14.8940 , ms
src/kernel/utils.cu , gcc (compiling) ,   , /tmp/tmpxft_00076fdd_00000000-40_utils.o , compute_52 , nvcc , 690.7420 , ms
src/forward/Kernel/layer_norm.cu , gcc (preprocessing 4) , src/forward/Kernel/layer_norm.cu  , /tmp/tmpxft_00076fdd_00000000-9_layer_norm.cpp4.ii ,  , nvcc , 184.1300 , ms
src/forward/Kernel/layer_norm.cu , cudafe++ , /tmp/tmpxft_00076fdd_00000000-9_layer_norm.cpp4.ii  , /tmp/tmpxft_00076fdd_00000000-10_layer_norm.cudafe1.cpp , compute_52 , nvcc , 747.9930 , ms
src/forward/Kernel/layer_norm.cu , gcc (preprocessing 1) , src/forward/Kernel/layer_norm.cu  , /tmp/tmpxft_00076fdd_00000000-41_layer_norm.cpp1.ii , compute_52 , nvcc , 137.7020 , ms
src/forward/Kernel/layer_norm.cu , cicc ,  /tmp/tmpxft_00076fdd_00000000-41_layer_norm.cpp1.ii  , /tmp/tmpxft_00076fdd_00000000-10_layer_norm.ptx , compute_52 , nvcc , 749.1740 , ms
src/forward/Kernel/layer_norm.cu , ptxas , /tmp/tmpxft_00076fdd_00000000-10_layer_norm.ptx  , /tmp/tmpxft_00076fdd_00000000-42_layer_norm.sm_52.cubin , sm_52 , nvcc , 117.8460 , ms
src/forward/Kernel/layer_norm.cu , fatbinary , /tmp/tmpxft_00076fdd_00000000-42_layer_norm.sm_52.cubin /tmp/tmpxft_00076fdd_00000000-10_layer_norm.ptx  , /tmp/tmpxft_00076fdd_00000000-7_layer_norm.fatbin ,  , nvcc , 14.4040 , ms
src/forward/Kernel/layer_norm.cu , gcc (compiling) ,   , /tmp/tmpxft_00076fdd_00000000-43_layer_norm.o , compute_52 , nvcc , 637.7870 , ms
src/forward/Kernel/embedding.cu , gcc (preprocessing 4) , src/forward/Kernel/embedding.cu  , /tmp/tmpxft_00076fdd_00000000-13_embedding.cpp4.ii ,  , nvcc , 153.1480 , ms
src/forward/Kernel/embedding.cu , cudafe++ , /tmp/tmpxft_00076fdd_00000000-13_embedding.cpp4.ii  , /tmp/tmpxft_00076fdd_00000000-14_embedding.cudafe1.cpp , compute_52 , nvcc , 784.8300 , ms
src/forward/Kernel/embedding.cu , gcc (preprocessing 1) , src/forward/Kernel/embedding.cu  , /tmp/tmpxft_00076fdd_00000000-44_embedding.cpp1.ii , compute_52 , nvcc , 186.6770 , ms
src/forward/Kernel/embedding.cu , cicc ,  /tmp/tmpxft_00076fdd_00000000-44_embedding.cpp1.ii  , /tmp/tmpxft_00076fdd_00000000-14_embedding.ptx , compute_52 , nvcc , 726.9980 , ms
src/forward/Kernel/embedding.cu , ptxas , /tmp/tmpxft_00076fdd_00000000-14_embedding.ptx  , /tmp/tmpxft_00076fdd_00000000-45_embedding.sm_52.cubin , sm_52 , nvcc , 103.1780 , ms
src/forward/Kernel/embedding.cu , fatbinary , /tmp/tmpxft_00076fdd_00000000-45_embedding.sm_52.cubin /tmp/tmpxft_00076fdd_00000000-14_embedding.ptx  , /tmp/tmpxft_00076fdd_00000000-11_embedding.fatbin ,  , nvcc , 14.0410 , ms
src/forward/Kernel/embedding.cu , gcc (compiling) ,   , /tmp/tmpxft_00076fdd_00000000-46_embedding.o , compute_52 , nvcc , 680.4480 , ms
src/forward/Kernel/linear.cu , gcc (preprocessing 4) , src/forward/Kernel/linear.cu  , /tmp/tmpxft_00076fdd_00000000-17_linear.cpp4.ii ,  , nvcc , 166.9180 , ms
src/forward/Kernel/linear.cu , cudafe++ , /tmp/tmpxft_00076fdd_00000000-17_linear.cpp4.ii  , /tmp/tmpxft_00076fdd_00000000-18_linear.cudafe1.cpp , compute_52 , nvcc , 731.4470 , ms
src/forward/Kernel/linear.cu , gcc (preprocessing 1) , src/forward/Kernel/linear.cu  , /tmp/tmpxft_00076fdd_00000000-47_linear.cpp1.ii , compute_52 , nvcc , 129.1900 , ms
src/forward/Kernel/linear.cu , cicc ,  /tmp/tmpxft_00076fdd_00000000-47_linear.cpp1.ii  , /tmp/tmpxft_00076fdd_00000000-18_linear.ptx , compute_52 , nvcc , 770.1670 , ms
src/forward/Kernel/linear.cu , ptxas , /tmp/tmpxft_00076fdd_00000000-18_linear.ptx  , /tmp/tmpxft_00076fdd_00000000-48_linear.sm_52.cubin , sm_52 , nvcc , 121.9850 , ms
src/forward/Kernel/linear.cu , fatbinary , /tmp/tmpxft_00076fdd_00000000-48_linear.sm_52.cubin /tmp/tmpxft_00076fdd_00000000-18_linear.ptx  , /tmp/tmpxft_00076fdd_00000000-15_linear.fatbin ,  , nvcc , 13.8280 , ms
src/forward/Kernel/linear.cu , gcc (compiling) ,   , /tmp/tmpxft_00076fdd_00000000-49_linear.o , compute_52 , nvcc , 638.7330 , ms
src/forward/Kernel/attention_head.cu , gcc (preprocessing 4) , src/forward/Kernel/attention_head.cu  , /tmp/tmpxft_00076fdd_00000000-21_attention_head.cpp4.ii ,  , nvcc , 167.9160 , ms
src/forward/Kernel/attention_head.cu , cudafe++ , /tmp/tmpxft_00076fdd_00000000-21_attention_head.cpp4.ii  , /tmp/tmpxft_00076fdd_00000000-22_attention_head.cudafe1.cpp , compute_52 , nvcc , 743.9440 , ms
src/forward/Kernel/attention_head.cu , gcc (preprocessing 1) , src/forward/Kernel/attention_head.cu  , /tmp/tmpxft_00076fdd_00000000-50_attention_head.cpp1.ii , compute_52 , nvcc , 138.0770 , ms
src/forward/Kernel/attention_head.cu , cicc ,  /tmp/tmpxft_00076fdd_00000000-50_attention_head.cpp1.ii  , /tmp/tmpxft_00076fdd_00000000-22_attention_head.ptx , compute_52 , nvcc , 742.8070 , ms
src/forward/Kernel/attention_head.cu , ptxas , /tmp/tmpxft_00076fdd_00000000-22_attention_head.ptx  , /tmp/tmpxft_00076fdd_00000000-51_attention_head.sm_52.cubin , sm_52 , nvcc , 135.7690 , ms
src/forward/Kernel/attention_head.cu , fatbinary , /tmp/tmpxft_00076fdd_00000000-51_attention_head.sm_52.cubin /tmp/tmpxft_00076fdd_00000000-22_attention_head.ptx  , /tmp/tmpxft_00076fdd_00000000-19_attention_head.fatbin ,  , nvcc , 14.9900 , ms
src/forward/Kernel/attention_head.cu , gcc (compiling) ,   , /tmp/tmpxft_00076fdd_00000000-52_attention_head.o , compute_52 , nvcc , 690.4700 , ms
src/forward/Kernel/interface.cu , gcc (preprocessing 4) , src/forward/Kernel/interface.cu  , /tmp/tmpxft_00076fdd_00000000-25_interface.cpp4.ii ,  , nvcc , 153.4910 , ms
src/forward/Kernel/interface.cu , cudafe++ , /tmp/tmpxft_00076fdd_00000000-25_interface.cpp4.ii  , /tmp/tmpxft_00076fdd_00000000-26_interface.cudafe1.cpp , compute_52 , nvcc , 710.0600 , ms
src/forward/Kernel/interface.cu , gcc (preprocessing 1) , src/forward/Kernel/interface.cu  , /tmp/tmpxft_00076fdd_00000000-53_interface.cpp1.ii , compute_52 , nvcc , 135.1640 , ms
src/forward/Kernel/interface.cu , cicc ,  /tmp/tmpxft_00076fdd_00000000-53_interface.cpp1.ii  , /tmp/tmpxft_00076fdd_00000000-26_interface.ptx , compute_52 , nvcc , 684.4120 , ms
src/forward/Kernel/interface.cu , ptxas , /tmp/tmpxft_00076fdd_00000000-26_interface.ptx  , /tmp/tmpxft_00076fdd_00000000-54_interface.sm_52.cubin , sm_52 , nvcc , 99.5210 , ms
src/forward/Kernel/interface.cu , fatbinary , /tmp/tmpxft_00076fdd_00000000-54_interface.sm_52.cubin /tmp/tmpxft_00076fdd_00000000-26_interface.ptx  , /tmp/tmpxft_00076fdd_00000000-23_interface.fatbin ,  , nvcc , 13.6070 , ms
src/forward/Kernel/interface.cu , gcc (compiling) ,   , /tmp/tmpxft_00076fdd_00000000-55_interface.o , compute_52 , nvcc , 629.6580 , ms
src/backpropagation/Kernel/interface_back.cu , gcc (preprocessing 4) , src/backpropagation/Kernel/interface_back.cu  , /tmp/tmpxft_00076fdd_00000000-29_interface_back.cpp4.ii ,  , nvcc , 225.7510 , ms
src/backpropagation/Kernel/interface_back.cu , cudafe++ , /tmp/tmpxft_00076fdd_00000000-29_interface_back.cpp4.ii  , /tmp/tmpxft_00076fdd_00000000-30_interface_back.cudafe1.cpp , compute_52 , nvcc , 1819.7490 , ms
src/backpropagation/Kernel/interface_back.cu , gcc (preprocessing 1) , src/backpropagation/Kernel/interface_back.cu  , /tmp/tmpxft_00076fdd_00000000-56_interface_back.cpp1.ii , compute_52 , nvcc , 220.2800 , ms
src/backpropagation/Kernel/interface_back.cu , cicc ,  /tmp/tmpxft_00076fdd_00000000-56_interface_back.cpp1.ii  , /tmp/tmpxft_00076fdd_00000000-30_interface_back.ptx , compute_52 , nvcc , 2140.5181 , ms
src/backpropagation/Kernel/interface_back.cu , ptxas , /tmp/tmpxft_00076fdd_00000000-30_interface_back.ptx  , /tmp/tmpxft_00076fdd_00000000-57_interface_back.sm_52.cubin , sm_52 , nvcc , 108.2760 , ms
src/backpropagation/Kernel/interface_back.cu , fatbinary , /tmp/tmpxft_00076fdd_00000000-57_interface_back.sm_52.cubin /tmp/tmpxft_00076fdd_00000000-30_interface_back.ptx  , /tmp/tmpxft_00076fdd_00000000-27_interface_back.fatbin ,  , nvcc , 14.9050 , ms
src/backpropagation/Kernel/interface_back.cu , gcc (compiling) ,   , /tmp/tmpxft_00076fdd_00000000-58_interface_back.o , compute_52 , nvcc , 1825.1951 , ms
src/backpropagation/Kernel/flash_attention.cu , gcc (preprocessing 4) , src/backpropagation/Kernel/flash_attention.cu  , /tmp/tmpxft_00076fdd_00000000-33_flash_attention.cpp4.ii ,  , nvcc , 160.4670 , ms
src/backpropagation/Kernel/flash_attention.cu , cudafe++ , /tmp/tmpxft_00076fdd_00000000-33_flash_attention.cpp4.ii  , /tmp/tmpxft_00076fdd_00000000-34_flash_attention.cudafe1.cpp , compute_52 , nvcc , 750.6810 , ms
src/backpropagation/Kernel/flash_attention.cu , gcc (preprocessing 1) , src/backpropagation/Kernel/flash_attention.cu  , /tmp/tmpxft_00076fdd_00000000-59_flash_attention.cpp1.ii , compute_52 , nvcc , 131.4190 , ms
src/backpropagation/Kernel/flash_attention.cu , cicc ,  /tmp/tmpxft_00076fdd_00000000-59_flash_attention.cpp1.ii  , /tmp/tmpxft_00076fdd_00000000-34_flash_attention.ptx , compute_52 , nvcc , 719.2970 , ms
src/backpropagation/Kernel/flash_attention.cu , ptxas , /tmp/tmpxft_00076fdd_00000000-34_flash_attention.ptx  , /tmp/tmpxft_00076fdd_00000000-60_flash_attention.sm_52.cubin , sm_52 , nvcc , 121.9380 , ms
src/backpropagation/Kernel/flash_attention.cu , fatbinary , /tmp/tmpxft_00076fdd_00000000-60_flash_attention.sm_52.cubin /tmp/tmpxft_00076fdd_00000000-34_flash_attention.ptx  , /tmp/tmpxft_00076fdd_00000000-31_flash_attention.fatbin ,  , nvcc , 14.7980 , ms
src/backpropagation/Kernel/flash_attention.cu , gcc (compiling) ,   , /tmp/tmpxft_00076fdd_00000000-61_flash_attention.o , compute_52 , nvcc , 665.1240 , ms
src/main.cpp src/kernel/utils.cu src/forward/Kernel/layer_norm.cu src/forward/Kernel/embedding.cu src/forward/Kernel/linear.cu src/forward/Kernel/attention_head.cu src/forward/Kernel/interface.cu src/backpropagation/Kernel/interface_back.cu src/backpropagation/Kernel/flash_attention.cu  , nvlink , /tmp/tmpxft_00076fdd_00000000-37_main.o /tmp/tmpxft_00076fdd_00000000-40_utils.o /tmp/tmpxft_00076fdd_00000000-43_layer_norm.o /tmp/tmpxft_00076fdd_00000000-46_embedding.o /tmp/tmpxft_00076fdd_00000000-49_linear.o /tmp/tmpxft_00076fdd_00000000-52_attention_head.o /tmp/tmpxft_00076fdd_00000000-55_interface.o /tmp/tmpxft_00076fdd_00000000-58_interface_back.o /tmp/tmpxft_00076fdd_00000000-61_flash_attention.o  , /tmp/tmpxft_00076fdd_00000000-62_attention_dlink.sm_52.cubin , sm_52 , nvcc , 4.8180 , ms
src/main.cpp src/kernel/utils.cu src/forward/Kernel/layer_norm.cu src/forward/Kernel/embedding.cu src/forward/Kernel/linear.cu src/forward/Kernel/attention_head.cu src/forward/Kernel/interface.cu src/backpropagation/Kernel/interface_back.cu src/backpropagation/Kernel/flash_attention.cu  , fatbinary , /tmp/tmpxft_00076fdd_00000000-62_attention_dlink.sm_52.cubin  , /tmp/tmpxft_00076fdd_00000000-36_attention_dlink.fatbin ,  , nvcc , 1.0080 , ms
src/main.cpp src/kernel/utils.cu src/forward/Kernel/layer_norm.cu src/forward/Kernel/embedding.cu src/forward/Kernel/linear.cu src/forward/Kernel/attention_head.cu src/forward/Kernel/interface.cu src/backpropagation/Kernel/interface_back.cu src/backpropagation/Kernel/flash_attention.cu  , gcc (compiling) , /usr/lib/nvidia-cuda-toolkit/bin/crt/link.stub  , /tmp/tmpxft_00076fdd_00000000-63_attention_dlink.o ,  , nvcc , 18.2330 , ms
src/main.cpp src/kernel/utils.cu src/forward/Kernel/layer_norm.cu src/forward/Kernel/embedding.cu src/forward/Kernel/linear.cu src/forward/Kernel/attention_head.cu src/forward/Kernel/interface.cu src/backpropagation/Kernel/interface_back.cu src/backpropagation/Kernel/flash_attention.cu  , gcc (linking) , /tmp/tmpxft_00076fdd_00000000-63_attention_dlink.o /tmp/tmpxft_00076fdd_00000000-37_main.o /tmp/tmpxft_00076fdd_00000000-40_utils.o /tmp/tmpxft_00076fdd_00000000-43_layer_norm.o /tmp/tmpxft_00076fdd_00000000-46_embedding.o /tmp/tmpxft_00076fdd_00000000-49_linear.o /tmp/tmpxft_00076fdd_00000000-52_attention_head.o /tmp/tmpxft_00076fdd_00000000-55_interface.o /tmp/tmpxft_00076fdd_00000000-58_interface_back.o /tmp/tmpxft_00076fdd_00000000-61_flash_attention.o  , src/bin/attention ,  , nvcc , 86.7380 , ms
 , nvcc (driver) ,  , src/bin/attention ,  , nvcc , 2.7695 , ms
src/main.cpp , gcc (compiling) , src/main.cpp  , /tmp/tmpxft_00077167_00000000-37_main.o ,  , nvcc , 3066.6111 , ms
src/kernel/utils.cu , gcc (preprocessing 4) , src/kernel/utils.cu  , /tmp/tmpxft_00077167_00000000-5_utils.cpp4.ii ,  , nvcc , 180.2190 , ms
src/kernel/utils.cu , cudafe++ , /tmp/tmpxft_00077167_00000000-5_utils.cpp4.ii  , /tmp/tmpxft_00077167_00000000-6_utils.cudafe1.cpp , compute_52 , nvcc , 794.9250 , ms
src/kernel/utils.cu , gcc (preprocessing 1) , src/kernel/utils.cu  , /tmp/tmpxft_00077167_00000000-38_utils.cpp1.ii , compute_52 , nvcc , 126.6550 , ms
src/kernel/utils.cu , cicc ,  /tmp/tmpxft_00077167_00000000-38_utils.cpp1.ii  , /tmp/tmpxft_00077167_00000000-6_utils.ptx , compute_52 , nvcc , 657.2760 , ms
src/kernel/utils.cu , ptxas , /tmp/tmpxft_00077167_00000000-6_utils.ptx  , /tmp/tmpxft_00077167_00000000-39_utils.sm_52.cubin , sm_52 , nvcc , 95.5290 , ms
src/kernel/utils.cu , fatbinary , /tmp/tmpxft_00077167_00000000-39_utils.sm_52.cubin /tmp/tmpxft_00077167_00000000-6_utils.ptx  , /tmp/tmpxft_00077167_00000000-3_utils.fatbin ,  , nvcc , 13.6940 , ms
src/kernel/utils.cu , gcc (compiling) ,   , /tmp/tmpxft_00077167_00000000-40_utils.o , compute_52 , nvcc , 648.1210 , ms
src/forward/Kernel/layer_norm.cu , gcc (preprocessing 4) , src/forward/Kernel/layer_norm.cu  , /tmp/tmpxft_00077167_00000000-9_layer_norm.cpp4.ii ,  , nvcc , 150.0330 , ms
src/forward/Kernel/layer_norm.cu , cudafe++ , /tmp/tmpxft_00077167_00000000-9_layer_norm.cpp4.ii  , /tmp/tmpxft_00077167_00000000-10_layer_norm.cudafe1.cpp , compute_52 , nvcc , 702.2760 , ms
src/forward/Kernel/layer_norm.cu , gcc (preprocessing 1) , src/forward/Kernel/layer_norm.cu  , /tmp/tmpxft_00077167_00000000-41_layer_norm.cpp1.ii , compute_52 , nvcc , 132.5120 , ms
src/forward/Kernel/layer_norm.cu , cicc ,  /tmp/tmpxft_00077167_00000000-41_layer_norm.cpp1.ii  , /tmp/tmpxft_00077167_00000000-10_layer_norm.ptx , compute_52 , nvcc , 659.4500 , ms
src/forward/Kernel/layer_norm.cu , ptxas , /tmp/tmpxft_00077167_00000000-10_layer_norm.ptx  , /tmp/tmpxft_00077167_00000000-42_layer_norm.sm_52.cubin , sm_52 , nvcc , 117.6020 , ms
src/forward/Kernel/layer_norm.cu , fatbinary , /tmp/tmpxft_00077167_00000000-42_layer_norm.sm_52.cubin /tmp/tmpxft_00077167_00000000-10_layer_norm.ptx  , /tmp/tmpxft_00077167_00000000-7_layer_norm.fatbin ,  , nvcc , 14.3120 , ms
src/forward/Kernel/layer_norm.cu , gcc (compiling) ,   , /tmp/tmpxft_00077167_00000000-43_layer_norm.o , compute_52 , nvcc , 651.2430 , ms
src/forward/Kernel/embedding.cu , gcc (preprocessing 4) , src/forward/Kernel/embedding.cu  , /tmp/tmpxft_00077167_00000000-13_embedding.cpp4.ii ,  , nvcc , 152.1580 , ms
src/forward/Kernel/embedding.cu , cudafe++ , /tmp/tmpxft_00077167_00000000-13_embedding.cpp4.ii  , /tmp/tmpxft_00077167_00000000-14_embedding.cudafe1.cpp , compute_52 , nvcc , 731.2940 , ms
src/forward/Kernel/embedding.cu , gcc (preprocessing 1) , src/forward/Kernel/embedding.cu  , /tmp/tmpxft_00077167_00000000-44_embedding.cpp1.ii , compute_52 , nvcc , 131.7480 , ms
src/forward/Kernel/embedding.cu , cicc ,  /tmp/tmpxft_00077167_00000000-44_embedding.cpp1.ii  , /tmp/tmpxft_00077167_00000000-14_embedding.ptx , compute_52 , nvcc , 658.3060 , ms
src/forward/Kernel/embedding.cu , ptxas , /tmp/tmpxft_00077167_00000000-14_embedding.ptx  , /tmp/tmpxft_00077167_00000000-45_embedding.sm_52.cubin , sm_52 , nvcc , 111.1060 , ms
src/forward/Kernel/embedding.cu , fatbinary , /tmp/tmpxft_00077167_00000000-45_embedding.sm_52.cubin /tmp/tmpxft_00077167_00000000-14_embedding.ptx  , /tmp/tmpxft_00077167_00000000-11_embedding.fatbin ,  , nvcc , 14.0640 , ms
src/forward/Kernel/embedding.cu , gcc (compiling) ,   , /tmp/tmpxft_00077167_00000000-46_embedding.o , compute_52 , nvcc , 650.7670 , ms
src/forward/Kernel/linear.cu , gcc (preprocessing 4) , src/forward/Kernel/linear.cu  , /tmp/tmpxft_00077167_00000000-17_linear.cpp4.ii ,  , nvcc , 157.3850 , ms
src/forward/Kernel/linear.cu , cudafe++ , /tmp/tmpxft_00077167_00000000-17_linear.cpp4.ii  , /tmp/tmpxft_00077167_00000000-18_linear.cudafe1.cpp , compute_52 , nvcc , 706.4020 , ms
src/forward/Kernel/linear.cu , gcc (preprocessing 1) , src/forward/Kernel/linear.cu  , /tmp/tmpxft_00077167_00000000-47_linear.cpp1.ii , compute_52 , nvcc , 137.4320 , ms
src/forward/Kernel/linear.cu , cicc ,  /tmp/tmpxft_00077167_00000000-47_linear.cpp1.ii  , /tmp/tmpxft_00077167_00000000-18_linear.ptx , compute_52 , nvcc , 749.9290 , ms
src/forward/Kernel/linear.cu , ptxas , /tmp/tmpxft_00077167_00000000-18_linear.ptx  , /tmp/tmpxft_00077167_00000000-48_linear.sm_52.cubin , sm_52 , nvcc , 128.8820 , ms
src/forward/Kernel/linear.cu , fatbinary , /tmp/tmpxft_00077167_00000000-48_linear.sm_52.cubin /tmp/tmpxft_00077167_00000000-18_linear.ptx  , /tmp/tmpxft_00077167_00000000-15_linear.fatbin ,  , nvcc , 15.0210 , ms
src/forward/Kernel/linear.cu , gcc (compiling) ,   , /tmp/tmpxft_00077167_00000000-49_linear.o , compute_52 , nvcc , 671.8810 , ms
src/forward/Kernel/attention_head.cu , gcc (preprocessing 4) , src/forward/Kernel/attention_head.cu  , /tmp/tmpxft_00077167_00000000-21_attention_head.cpp4.ii ,  , nvcc , 158.1690 , ms
src/forward/Kernel/attention_head.cu , cudafe++ , /tmp/tmpxft_00077167_00000000-21_attention_head.cpp4.ii  , /tmp/tmpxft_00077167_00000000-22_attention_head.cudafe1.cpp , compute_52 , nvcc , 758.9580 , ms
src/forward/Kernel/attention_head.cu , gcc (preprocessing 1) , src/forward/Kernel/attention_head.cu  , /tmp/tmpxft_00077167_00000000-50_attention_head.cpp1.ii , compute_52 , nvcc , 133.1170 , ms
src/forward/Kernel/attention_head.cu , cicc ,  /tmp/tmpxft_00077167_00000000-50_attention_head.cpp1.ii  , /tmp/tmpxft_00077167_00000000-22_attention_head.ptx , compute_52 , nvcc , 715.8780 , ms
src/forward/Kernel/attention_head.cu , ptxas , /tmp/tmpxft_00077167_00000000-22_attention_head.ptx  , /tmp/tmpxft_00077167_00000000-51_attention_head.sm_52.cubin , sm_52 , nvcc , 127.2180 , ms
src/forward/Kernel/attention_head.cu , fatbinary , /tmp/tmpxft_00077167_00000000-51_attention_head.sm_52.cubin /tmp/tmpxft_00077167_00000000-22_attention_head.ptx  , /tmp/tmpxft_00077167_00000000-19_attention_head.fatbin ,  , nvcc , 14.3430 , ms
src/forward/Kernel/attention_head.cu , gcc (compiling) ,   , /tmp/tmpxft_00077167_00000000-52_attention_head.o , compute_52 , nvcc , 684.4580 , ms
src/forward/Kernel/interface.cu , gcc (preprocessing 4) , src/forward/Kernel/interface.cu  , /tmp/tmpxft_00077167_00000000-25_interface.cpp4.ii ,  , nvcc , 154.5150 , ms
src/forward/Kernel/interface.cu , cudafe++ , /tmp/tmpxft_00077167_00000000-25_interface.cpp4.ii  , /tmp/tmpxft_00077167_00000000-26_interface.cudafe1.cpp , compute_52 , nvcc , 754.0670 , ms
src/forward/Kernel/interface.cu , gcc (preprocessing 1) , src/forward/Kernel/interface.cu  , /tmp/tmpxft_00077167_00000000-53_interface.cpp1.ii , compute_52 , nvcc , 145.2550 , ms
src/forward/Kernel/interface.cu , cicc ,  /tmp/tmpxft_00077167_00000000-53_interface.cpp1.ii  , /tmp/tmpxft_00077167_00000000-26_interface.ptx , compute_52 , nvcc , 732.6440 , ms
src/forward/Kernel/interface.cu , ptxas , /tmp/tmpxft_00077167_00000000-26_interface.ptx  , /tmp/tmpxft_00077167_00000000-54_interface.sm_52.cubin , sm_52 , nvcc , 103.9000 , ms
src/forward/Kernel/interface.cu , fatbinary , /tmp/tmpxft_00077167_00000000-54_interface.sm_52.cubin /tmp/tmpxft_00077167_00000000-26_interface.ptx  , /tmp/tmpxft_00077167_00000000-23_interface.fatbin ,  , nvcc , 16.7280 , ms
src/forward/Kernel/interface.cu , gcc (compiling) ,   , /tmp/tmpxft_00077167_00000000-55_interface.o , compute_52 , nvcc , 654.1620 , ms
src/backpropagation/Kernel/interface_back.cu , gcc (preprocessing 4) , src/backpropagation/Kernel/interface_back.cu  , /tmp/tmpxft_00077167_00000000-29_interface_back.cpp4.ii ,  , nvcc , 256.1100 , ms
src/backpropagation/Kernel/interface_back.cu , cudafe++ , /tmp/tmpxft_00077167_00000000-29_interface_back.cpp4.ii  , /tmp/tmpxft_00077167_00000000-30_interface_back.cudafe1.cpp , compute_52 , nvcc , 1858.5660 , ms
src/backpropagation/Kernel/interface_back.cu , gcc (preprocessing 1) , src/backpropagation/Kernel/interface_back.cu  , /tmp/tmpxft_00077167_00000000-56_interface_back.cpp1.ii , compute_52 , nvcc , 201.7850 , ms
src/backpropagation/Kernel/interface_back.cu , cicc ,  /tmp/tmpxft_00077167_00000000-56_interface_back.cpp1.ii  , /tmp/tmpxft_00077167_00000000-30_interface_back.ptx , compute_52 , nvcc , 2359.5110 , ms
src/backpropagation/Kernel/interface_back.cu , ptxas , /tmp/tmpxft_00077167_00000000-30_interface_back.ptx  , /tmp/tmpxft_00077167_00000000-57_interface_back.sm_52.cubin , sm_52 , nvcc , 231.9800 , ms
src/backpropagation/Kernel/interface_back.cu , fatbinary , /tmp/tmpxft_00077167_00000000-57_interface_back.sm_52.cubin /tmp/tmpxft_00077167_00000000-30_interface_back.ptx  , /tmp/tmpxft_00077167_00000000-27_interface_back.fatbin ,  , nvcc , 47.2800 , ms
src/backpropagation/Kernel/interface_back.cu , gcc (compiling) ,   , /tmp/tmpxft_00077167_00000000-58_interface_back.o , compute_52 , nvcc , 2401.9570 , ms
src/backpropagation/Kernel/flash_attention.cu , gcc (preprocessing 4) , src/backpropagation/Kernel/flash_attention.cu  , /tmp/tmpxft_00077167_00000000-33_flash_attention.cpp4.ii ,  , nvcc , 173.0360 , ms
src/backpropagation/Kernel/flash_attention.cu , cudafe++ , /tmp/tmpxft_00077167_00000000-33_flash_attention.cpp4.ii  , /tmp/tmpxft_00077167_00000000-34_flash_attention.cudafe1.cpp , compute_52 , nvcc , 766.0480 , ms
src/backpropagation/Kernel/flash_attention.cu , gcc (preprocessing 1) , src/backpropagation/Kernel/flash_attention.cu  , /tmp/tmpxft_00077167_00000000-59_flash_attention.cpp1.ii , compute_52 , nvcc , 130.3760 , ms
src/backpropagation/Kernel/flash_attention.cu , cicc ,  /tmp/tmpxft_00077167_00000000-59_flash_attention.cpp1.ii  , /tmp/tmpxft_00077167_00000000-34_flash_attention.ptx , compute_52 , nvcc , 705.2280 , ms
src/backpropagation/Kernel/flash_attention.cu , ptxas , /tmp/tmpxft_00077167_00000000-34_flash_attention.ptx  , /tmp/tmpxft_00077167_00000000-60_flash_attention.sm_52.cubin , sm_52 , nvcc , 119.2090 , ms
src/backpropagation/Kernel/flash_attention.cu , fatbinary , /tmp/tmpxft_00077167_00000000-60_flash_attention.sm_52.cubin /tmp/tmpxft_00077167_00000000-34_flash_attention.ptx  , /tmp/tmpxft_00077167_00000000-31_flash_attention.fatbin ,  , nvcc , 14.0080 , ms
src/backpropagation/Kernel/flash_attention.cu , gcc (compiling) ,   , /tmp/tmpxft_00077167_00000000-61_flash_attention.o , compute_52 , nvcc , 710.1130 , ms
src/main.cpp src/kernel/utils.cu src/forward/Kernel/layer_norm.cu src/forward/Kernel/embedding.cu src/forward/Kernel/linear.cu src/forward/Kernel/attention_head.cu src/forward/Kernel/interface.cu src/backpropagation/Kernel/interface_back.cu src/backpropagation/Kernel/flash_attention.cu  , nvlink , /tmp/tmpxft_00077167_00000000-37_main.o /tmp/tmpxft_00077167_00000000-40_utils.o /tmp/tmpxft_00077167_00000000-43_layer_norm.o /tmp/tmpxft_00077167_00000000-46_embedding.o /tmp/tmpxft_00077167_00000000-49_linear.o /tmp/tmpxft_00077167_00000000-52_attention_head.o /tmp/tmpxft_00077167_00000000-55_interface.o /tmp/tmpxft_00077167_00000000-58_interface_back.o /tmp/tmpxft_00077167_00000000-61_flash_attention.o  , /tmp/tmpxft_00077167_00000000-62_attention_dlink.sm_52.cubin , sm_52 , nvcc , 4.9780 , ms
src/main.cpp src/kernel/utils.cu src/forward/Kernel/layer_norm.cu src/forward/Kernel/embedding.cu src/forward/Kernel/linear.cu src/forward/Kernel/attention_head.cu src/forward/Kernel/interface.cu src/backpropagation/Kernel/interface_back.cu src/backpropagation/Kernel/flash_attention.cu  , fatbinary , /tmp/tmpxft_00077167_00000000-62_attention_dlink.sm_52.cubin  , /tmp/tmpxft_00077167_00000000-36_attention_dlink.fatbin ,  , nvcc , 1.0020 , ms
src/main.cpp src/kernel/utils.cu src/forward/Kernel/layer_norm.cu src/forward/Kernel/embedding.cu src/forward/Kernel/linear.cu src/forward/Kernel/attention_head.cu src/forward/Kernel/interface.cu src/backpropagation/Kernel/interface_back.cu src/backpropagation/Kernel/flash_attention.cu  , gcc (compiling) , /usr/lib/nvidia-cuda-toolkit/bin/crt/link.stub  , /tmp/tmpxft_00077167_00000000-63_attention_dlink.o ,  , nvcc , 14.3270 , ms
src/main.cpp src/kernel/utils.cu src/forward/Kernel/layer_norm.cu src/forward/Kernel/embedding.cu src/forward/Kernel/linear.cu src/forward/Kernel/attention_head.cu src/forward/Kernel/interface.cu src/backpropagation/Kernel/interface_back.cu src/backpropagation/Kernel/flash_attention.cu  , gcc (linking) , /tmp/tmpxft_00077167_00000000-63_attention_dlink.o /tmp/tmpxft_00077167_00000000-37_main.o /tmp/tmpxft_00077167_00000000-40_utils.o /tmp/tmpxft_00077167_00000000-43_layer_norm.o /tmp/tmpxft_00077167_00000000-46_embedding.o /tmp/tmpxft_00077167_00000000-49_linear.o /tmp/tmpxft_00077167_00000000-52_attention_head.o /tmp/tmpxft_00077167_00000000-55_interface.o /tmp/tmpxft_00077167_00000000-58_interface_back.o /tmp/tmpxft_00077167_00000000-61_flash_attention.o  , src/bin/attention ,  , nvcc , 94.3380 , ms
 , nvcc (driver) ,  , src/bin/attention ,  , nvcc , 2.8613 , ms
src/main.cpp , gcc (compiling) , src/main.cpp  , /tmp/tmpxft_00077958_00000000-37_main.o ,  , nvcc , 3101.6780 , ms
src/kernel/utils.cu , gcc (preprocessing 4) , src/kernel/utils.cu  , /tmp/tmpxft_00077958_00000000-5_utils.cpp4.ii ,  , nvcc , 174.0020 , ms
src/kernel/utils.cu , cudafe++ , /tmp/tmpxft_00077958_00000000-5_utils.cpp4.ii  , /tmp/tmpxft_00077958_00000000-6_utils.cudafe1.cpp , compute_52 , nvcc , 1000.7910 , ms
src/kernel/utils.cu , gcc (preprocessing 1) , src/kernel/utils.cu  , /tmp/tmpxft_00077958_00000000-38_utils.cpp1.ii , compute_52 , nvcc , 187.6230 , ms
src/kernel/utils.cu , cicc ,  /tmp/tmpxft_00077958_00000000-38_utils.cpp1.ii  , /tmp/tmpxft_00077958_00000000-6_utils.ptx , compute_52 , nvcc , 758.0000 , ms
src/kernel/utils.cu , ptxas , /tmp/tmpxft_00077958_00000000-6_utils.ptx  , /tmp/tmpxft_00077958_00000000-39_utils.sm_52.cubin , sm_52 , nvcc , 111.6120 , ms
src/kernel/utils.cu , fatbinary , /tmp/tmpxft_00077958_00000000-39_utils.sm_52.cubin /tmp/tmpxft_00077958_00000000-6_utils.ptx  , /tmp/tmpxft_00077958_00000000-3_utils.fatbin ,  , nvcc , 15.9330 , ms
src/kernel/utils.cu , gcc (compiling) ,   , /tmp/tmpxft_00077958_00000000-40_utils.o , compute_52 , nvcc , 777.4320 , ms
src/forward/Kernel/layer_norm.cu , gcc (preprocessing 4) , src/forward/Kernel/layer_norm.cu  , /tmp/tmpxft_00077958_00000000-9_layer_norm.cpp4.ii ,  , nvcc , 229.8350 , ms
src/forward/Kernel/layer_norm.cu , cudafe++ , /tmp/tmpxft_00077958_00000000-9_layer_norm.cpp4.ii  , /tmp/tmpxft_00077958_00000000-10_layer_norm.cudafe1.cpp , compute_52 , nvcc , 886.6060 , ms
src/forward/Kernel/layer_norm.cu , gcc (preprocessing 1) , src/forward/Kernel/layer_norm.cu  , /tmp/tmpxft_00077958_00000000-41_layer_norm.cpp1.ii , compute_52 , nvcc , 198.8480 , ms
src/forward/Kernel/layer_norm.cu , cicc ,  /tmp/tmpxft_00077958_00000000-41_layer_norm.cpp1.ii  , /tmp/tmpxft_00077958_00000000-10_layer_norm.ptx , compute_52 , nvcc , 698.8500 , ms
src/forward/Kernel/layer_norm.cu , ptxas , /tmp/tmpxft_00077958_00000000-10_layer_norm.ptx  , /tmp/tmpxft_00077958_00000000-42_layer_norm.sm_52.cubin , sm_52 , nvcc , 108.7150 , ms
src/forward/Kernel/layer_norm.cu , fatbinary , /tmp/tmpxft_00077958_00000000-42_layer_norm.sm_52.cubin /tmp/tmpxft_00077958_00000000-10_layer_norm.ptx  , /tmp/tmpxft_00077958_00000000-7_layer_norm.fatbin ,  , nvcc , 13.7240 , ms
src/forward/Kernel/layer_norm.cu , gcc (compiling) ,   , /tmp/tmpxft_00077958_00000000-43_layer_norm.o , compute_52 , nvcc , 731.7170 , ms
src/forward/Kernel/embedding.cu , gcc (preprocessing 4) , src/forward/Kernel/embedding.cu  , /tmp/tmpxft_00077958_00000000-13_embedding.cpp4.ii ,  , nvcc , 174.9330 , ms
src/forward/Kernel/embedding.cu , cudafe++ , /tmp/tmpxft_00077958_00000000-13_embedding.cpp4.ii  , /tmp/tmpxft_00077958_00000000-14_embedding.cudafe1.cpp , compute_52 , nvcc , 821.2250 , ms
src/forward/Kernel/embedding.cu , gcc (preprocessing 1) , src/forward/Kernel/embedding.cu  , /tmp/tmpxft_00077958_00000000-44_embedding.cpp1.ii , compute_52 , nvcc , 148.0400 , ms
src/forward/Kernel/embedding.cu , cicc ,  /tmp/tmpxft_00077958_00000000-44_embedding.cpp1.ii  , /tmp/tmpxft_00077958_00000000-14_embedding.ptx , compute_52 , nvcc , 782.6530 , ms
src/forward/Kernel/embedding.cu , ptxas , /tmp/tmpxft_00077958_00000000-14_embedding.ptx  , /tmp/tmpxft_00077958_00000000-45_embedding.sm_52.cubin , sm_52 , nvcc , 121.7980 , ms
src/forward/Kernel/embedding.cu , fatbinary , /tmp/tmpxft_00077958_00000000-45_embedding.sm_52.cubin /tmp/tmpxft_00077958_00000000-14_embedding.ptx  , /tmp/tmpxft_00077958_00000000-11_embedding.fatbin ,  , nvcc , 17.3160 , ms
src/forward/Kernel/embedding.cu , gcc (compiling) ,   , /tmp/tmpxft_00077958_00000000-46_embedding.o , compute_52 , nvcc , 825.3360 , ms
src/forward/Kernel/linear.cu , gcc (preprocessing 4) , src/forward/Kernel/linear.cu  , /tmp/tmpxft_00077958_00000000-17_linear.cpp4.ii ,  , nvcc , 169.9940 , ms
src/forward/Kernel/linear.cu , cudafe++ , /tmp/tmpxft_00077958_00000000-17_linear.cpp4.ii  , /tmp/tmpxft_00077958_00000000-18_linear.cudafe1.cpp , compute_52 , nvcc , 888.3470 , ms
src/forward/Kernel/linear.cu , gcc (preprocessing 1) , src/forward/Kernel/linear.cu  , /tmp/tmpxft_00077958_00000000-47_linear.cpp1.ii , compute_52 , nvcc , 154.2550 , ms
src/forward/Kernel/linear.cu , cicc ,  /tmp/tmpxft_00077958_00000000-47_linear.cpp1.ii  , /tmp/tmpxft_00077958_00000000-18_linear.ptx , compute_52 , nvcc , 735.6010 , ms
src/forward/Kernel/linear.cu , ptxas , /tmp/tmpxft_00077958_00000000-18_linear.ptx  , /tmp/tmpxft_00077958_00000000-48_linear.sm_52.cubin , sm_52 , nvcc , 115.4650 , ms
src/forward/Kernel/linear.cu , fatbinary , /tmp/tmpxft_00077958_00000000-48_linear.sm_52.cubin /tmp/tmpxft_00077958_00000000-18_linear.ptx  , /tmp/tmpxft_00077958_00000000-15_linear.fatbin ,  , nvcc , 14.1380 , ms
src/forward/Kernel/linear.cu , gcc (compiling) ,   , /tmp/tmpxft_00077958_00000000-49_linear.o , compute_52 , nvcc , 747.7450 , ms
src/forward/Kernel/attention_head.cu , gcc (preprocessing 4) , src/forward/Kernel/attention_head.cu  , /tmp/tmpxft_00077958_00000000-21_attention_head.cpp4.ii ,  , nvcc , 166.0070 , ms
src/forward/Kernel/attention_head.cu , cudafe++ , /tmp/tmpxft_00077958_00000000-21_attention_head.cpp4.ii  , /tmp/tmpxft_00077958_00000000-22_attention_head.cudafe1.cpp , compute_52 , nvcc , 941.1990 , ms
src/forward/Kernel/attention_head.cu , gcc (preprocessing 1) , src/forward/Kernel/attention_head.cu  , /tmp/tmpxft_00077958_00000000-50_attention_head.cpp1.ii , compute_52 , nvcc , 187.2530 , ms
src/forward/Kernel/attention_head.cu , cicc ,  /tmp/tmpxft_00077958_00000000-50_attention_head.cpp1.ii  , /tmp/tmpxft_00077958_00000000-22_attention_head.ptx , compute_52 , nvcc , 997.6720 , ms
src/forward/Kernel/attention_head.cu , ptxas , /tmp/tmpxft_00077958_00000000-22_attention_head.ptx  , /tmp/tmpxft_00077958_00000000-51_attention_head.sm_52.cubin , sm_52 , nvcc , 198.5970 , ms
src/forward/Kernel/attention_head.cu , fatbinary , /tmp/tmpxft_00077958_00000000-51_attention_head.sm_52.cubin /tmp/tmpxft_00077958_00000000-22_attention_head.ptx  , /tmp/tmpxft_00077958_00000000-19_attention_head.fatbin ,  , nvcc , 15.8490 , ms
src/forward/Kernel/attention_head.cu , gcc (compiling) ,   , /tmp/tmpxft_00077958_00000000-52_attention_head.o , compute_52 , nvcc , 906.6920 , ms
src/forward/Kernel/interface.cu , gcc (preprocessing 4) , src/forward/Kernel/interface.cu  , /tmp/tmpxft_00077958_00000000-25_interface.cpp4.ii ,  , nvcc , 224.8930 , ms
src/forward/Kernel/interface.cu , cudafe++ , /tmp/tmpxft_00077958_00000000-25_interface.cpp4.ii  , /tmp/tmpxft_00077958_00000000-26_interface.cudafe1.cpp , compute_52 , nvcc , 828.3520 , ms
src/forward/Kernel/interface.cu , gcc (preprocessing 1) , src/forward/Kernel/interface.cu  , /tmp/tmpxft_00077958_00000000-53_interface.cpp1.ii , compute_52 , nvcc , 139.3480 , ms
src/forward/Kernel/interface.cu , cicc ,  /tmp/tmpxft_00077958_00000000-53_interface.cpp1.ii  , /tmp/tmpxft_00077958_00000000-26_interface.ptx , compute_52 , nvcc , 827.0440 , ms
src/forward/Kernel/interface.cu , ptxas , /tmp/tmpxft_00077958_00000000-26_interface.ptx  , /tmp/tmpxft_00077958_00000000-54_interface.sm_52.cubin , sm_52 , nvcc , 122.3830 , ms
src/forward/Kernel/interface.cu , fatbinary , /tmp/tmpxft_00077958_00000000-54_interface.sm_52.cubin /tmp/tmpxft_00077958_00000000-26_interface.ptx  , /tmp/tmpxft_00077958_00000000-23_interface.fatbin ,  , nvcc , 19.6750 , ms
src/forward/Kernel/interface.cu , gcc (compiling) ,   , /tmp/tmpxft_00077958_00000000-55_interface.o , compute_52 , nvcc , 847.4890 , ms
src/backpropagation/Kernel/interface_back.cu , gcc (preprocessing 4) , src/backpropagation/Kernel/interface_back.cu  , /tmp/tmpxft_00077958_00000000-29_interface_back.cpp4.ii ,  , nvcc , 308.4160 , ms
src/backpropagation/Kernel/interface_back.cu , cudafe++ , /tmp/tmpxft_00077958_00000000-29_interface_back.cpp4.ii  , /tmp/tmpxft_00077958_00000000-30_interface_back.cudafe1.cpp , compute_52 , nvcc , 2595.4019 , ms
src/backpropagation/Kernel/interface_back.cu , gcc (preprocessing 1) , src/backpropagation/Kernel/interface_back.cu  , /tmp/tmpxft_00077958_00000000-56_interface_back.cpp1.ii , compute_52 , nvcc , 256.9950 , ms
src/backpropagation/Kernel/interface_back.cu , cicc ,  /tmp/tmpxft_00077958_00000000-56_interface_back.cpp1.ii  , /tmp/tmpxft_00077958_00000000-30_interface_back.ptx , compute_52 , nvcc , 2634.6050 , ms
src/backpropagation/Kernel/interface_back.cu , ptxas , /tmp/tmpxft_00077958_00000000-30_interface_back.ptx  , /tmp/tmpxft_00077958_00000000-57_interface_back.sm_52.cubin , sm_52 , nvcc , 119.3070 , ms
src/backpropagation/Kernel/interface_back.cu , fatbinary , /tmp/tmpxft_00077958_00000000-57_interface_back.sm_52.cubin /tmp/tmpxft_00077958_00000000-30_interface_back.ptx  , /tmp/tmpxft_00077958_00000000-27_interface_back.fatbin ,  , nvcc , 14.5250 , ms
src/backpropagation/Kernel/interface_back.cu , gcc (compiling) ,   , /tmp/tmpxft_00077958_00000000-58_interface_back.o , compute_52 , nvcc , 1899.3120 , ms
src/backpropagation/Kernel/flash_attention.cu , gcc (preprocessing 4) , src/backpropagation/Kernel/flash_attention.cu  , /tmp/tmpxft_00077958_00000000-33_flash_attention.cpp4.ii ,  , nvcc , 161.5220 , ms
src/backpropagation/Kernel/flash_attention.cu , cudafe++ , /tmp/tmpxft_00077958_00000000-33_flash_attention.cpp4.ii  , /tmp/tmpxft_00077958_00000000-34_flash_attention.cudafe1.cpp , compute_52 , nvcc , 807.1770 , ms
src/backpropagation/Kernel/flash_attention.cu , gcc (preprocessing 1) , src/backpropagation/Kernel/flash_attention.cu  , /tmp/tmpxft_00077958_00000000-59_flash_attention.cpp1.ii , compute_52 , nvcc , 140.3590 , ms
src/backpropagation/Kernel/flash_attention.cu , cicc ,  /tmp/tmpxft_00077958_00000000-59_flash_attention.cpp1.ii  , /tmp/tmpxft_00077958_00000000-34_flash_attention.ptx , compute_52 , nvcc , 757.2060 , ms
src/backpropagation/Kernel/flash_attention.cu , ptxas , /tmp/tmpxft_00077958_00000000-34_flash_attention.ptx  , /tmp/tmpxft_00077958_00000000-60_flash_attention.sm_52.cubin , sm_52 , nvcc , 134.3940 , ms
src/backpropagation/Kernel/flash_attention.cu , fatbinary , /tmp/tmpxft_00077958_00000000-60_flash_attention.sm_52.cubin /tmp/tmpxft_00077958_00000000-34_flash_attention.ptx  , /tmp/tmpxft_00077958_00000000-31_flash_attention.fatbin ,  , nvcc , 14.8060 , ms
src/backpropagation/Kernel/flash_attention.cu , gcc (compiling) ,   , /tmp/tmpxft_00077958_00000000-61_flash_attention.o , compute_52 , nvcc , 702.0670 , ms
src/main.cpp src/kernel/utils.cu src/forward/Kernel/layer_norm.cu src/forward/Kernel/embedding.cu src/forward/Kernel/linear.cu src/forward/Kernel/attention_head.cu src/forward/Kernel/interface.cu src/backpropagation/Kernel/interface_back.cu src/backpropagation/Kernel/flash_attention.cu  , nvlink , /tmp/tmpxft_00077958_00000000-37_main.o /tmp/tmpxft_00077958_00000000-40_utils.o /tmp/tmpxft_00077958_00000000-43_layer_norm.o /tmp/tmpxft_00077958_00000000-46_embedding.o /tmp/tmpxft_00077958_00000000-49_linear.o /tmp/tmpxft_00077958_00000000-52_attention_head.o /tmp/tmpxft_00077958_00000000-55_interface.o /tmp/tmpxft_00077958_00000000-58_interface_back.o /tmp/tmpxft_00077958_00000000-61_flash_attention.o  , /tmp/tmpxft_00077958_00000000-62_attention_dlink.sm_52.cubin , sm_52 , nvcc , 5.3940 , ms
src/main.cpp src/kernel/utils.cu src/forward/Kernel/layer_norm.cu src/forward/Kernel/embedding.cu src/forward/Kernel/linear.cu src/forward/Kernel/attention_head.cu src/forward/Kernel/interface.cu src/backpropagation/Kernel/interface_back.cu src/backpropagation/Kernel/flash_attention.cu  , fatbinary , /tmp/tmpxft_00077958_00000000-62_attention_dlink.sm_52.cubin  , /tmp/tmpxft_00077958_00000000-36_attention_dlink.fatbin ,  , nvcc , 2.5020 , ms
src/main.cpp src/kernel/utils.cu src/forward/Kernel/layer_norm.cu src/forward/Kernel/embedding.cu src/forward/Kernel/linear.cu src/forward/Kernel/attention_head.cu src/forward/Kernel/interface.cu src/backpropagation/Kernel/interface_back.cu src/backpropagation/Kernel/flash_attention.cu  , gcc (compiling) , /usr/lib/nvidia-cuda-toolkit/bin/crt/link.stub  , /tmp/tmpxft_00077958_00000000-63_attention_dlink.o ,  , nvcc , 20.8560 , ms
src/main.cpp src/kernel/utils.cu src/forward/Kernel/layer_norm.cu src/forward/Kernel/embedding.cu src/forward/Kernel/linear.cu src/forward/Kernel/attention_head.cu src/forward/Kernel/interface.cu src/backpropagation/Kernel/interface_back.cu src/backpropagation/Kernel/flash_attention.cu  , gcc (linking) , /tmp/tmpxft_00077958_00000000-63_attention_dlink.o /tmp/tmpxft_00077958_00000000-37_main.o /tmp/tmpxft_00077958_00000000-40_utils.o /tmp/tmpxft_00077958_00000000-43_layer_norm.o /tmp/tmpxft_00077958_00000000-46_embedding.o /tmp/tmpxft_00077958_00000000-49_linear.o /tmp/tmpxft_00077958_00000000-52_attention_head.o /tmp/tmpxft_00077958_00000000-55_interface.o /tmp/tmpxft_00077958_00000000-58_interface_back.o /tmp/tmpxft_00077958_00000000-61_flash_attention.o  , src/bin/attention ,  , nvcc , 130.1770 , ms
 , nvcc (driver) ,  , src/bin/attention ,  , nvcc , 3.4512 , ms
src/main.cpp , gcc (compiling) , src/main.cpp  , /tmp/tmpxft_00077b62_00000000-37_main.o ,  , nvcc , 3122.1899 , ms
src/kernel/utils.cu , gcc (preprocessing 4) , src/kernel/utils.cu  , /tmp/tmpxft_00077b62_00000000-5_utils.cpp4.ii ,  , nvcc , 159.7580 , ms
src/kernel/utils.cu , cudafe++ , /tmp/tmpxft_00077b62_00000000-5_utils.cpp4.ii  , /tmp/tmpxft_00077b62_00000000-6_utils.cudafe1.cpp , compute_52 , nvcc , 791.6190 , ms
src/kernel/utils.cu , gcc (preprocessing 1) , src/kernel/utils.cu  , /tmp/tmpxft_00077b62_00000000-38_utils.cpp1.ii , compute_52 , nvcc , 144.3300 , ms
src/kernel/utils.cu , cicc ,  /tmp/tmpxft_00077b62_00000000-38_utils.cpp1.ii  , /tmp/tmpxft_00077b62_00000000-6_utils.ptx , compute_52 , nvcc , 739.7380 , ms
src/kernel/utils.cu , ptxas , /tmp/tmpxft_00077b62_00000000-6_utils.ptx  , /tmp/tmpxft_00077b62_00000000-39_utils.sm_52.cubin , sm_52 , nvcc , 117.5250 , ms
src/kernel/utils.cu , fatbinary , /tmp/tmpxft_00077b62_00000000-39_utils.sm_52.cubin /tmp/tmpxft_00077b62_00000000-6_utils.ptx  , /tmp/tmpxft_00077b62_00000000-3_utils.fatbin ,  , nvcc , 13.8370 , ms
src/kernel/utils.cu , gcc (compiling) ,   , /tmp/tmpxft_00077b62_00000000-40_utils.o , compute_52 , nvcc , 684.2820 , ms
src/forward/Kernel/layer_norm.cu , gcc (preprocessing 4) , src/forward/Kernel/layer_norm.cu  , /tmp/tmpxft_00077b62_00000000-9_layer_norm.cpp4.ii ,  , nvcc , 164.5850 , ms
src/forward/Kernel/layer_norm.cu , cudafe++ , /tmp/tmpxft_00077b62_00000000-9_layer_norm.cpp4.ii  , /tmp/tmpxft_00077b62_00000000-10_layer_norm.cudafe1.cpp , compute_52 , nvcc , 808.5720 , ms
src/forward/Kernel/layer_norm.cu , gcc (preprocessing 1) , src/forward/Kernel/layer_norm.cu  , /tmp/tmpxft_00077b62_00000000-41_layer_norm.cpp1.ii , compute_52 , nvcc , 145.4500 , ms
src/forward/Kernel/layer_norm.cu , cicc ,  /tmp/tmpxft_00077b62_00000000-41_layer_norm.cpp1.ii  , /tmp/tmpxft_00077b62_00000000-10_layer_norm.ptx , compute_52 , nvcc , 724.5230 , ms
src/forward/Kernel/layer_norm.cu , ptxas , /tmp/tmpxft_00077b62_00000000-10_layer_norm.ptx  , /tmp/tmpxft_00077b62_00000000-42_layer_norm.sm_52.cubin , sm_52 , nvcc , 119.8110 , ms
src/forward/Kernel/layer_norm.cu , fatbinary , /tmp/tmpxft_00077b62_00000000-42_layer_norm.sm_52.cubin /tmp/tmpxft_00077b62_00000000-10_layer_norm.ptx  , /tmp/tmpxft_00077b62_00000000-7_layer_norm.fatbin ,  , nvcc , 14.2330 , ms
src/forward/Kernel/layer_norm.cu , gcc (compiling) ,   , /tmp/tmpxft_00077b62_00000000-43_layer_norm.o , compute_52 , nvcc , 715.2240 , ms
src/forward/Kernel/embedding.cu , gcc (preprocessing 4) , src/forward/Kernel/embedding.cu  , /tmp/tmpxft_00077b62_00000000-13_embedding.cpp4.ii ,  , nvcc , 221.7540 , ms
src/forward/Kernel/embedding.cu , cudafe++ , /tmp/tmpxft_00077b62_00000000-13_embedding.cpp4.ii  , /tmp/tmpxft_00077b62_00000000-14_embedding.cudafe1.cpp , compute_52 , nvcc , 919.8510 , ms
src/forward/Kernel/embedding.cu , gcc (preprocessing 1) , src/forward/Kernel/embedding.cu  , /tmp/tmpxft_00077b62_00000000-44_embedding.cpp1.ii , compute_52 , nvcc , 137.4930 , ms
src/forward/Kernel/embedding.cu , cicc ,  /tmp/tmpxft_00077b62_00000000-44_embedding.cpp1.ii  , /tmp/tmpxft_00077b62_00000000-14_embedding.ptx , compute_52 , nvcc , 701.3510 , ms
src/forward/Kernel/embedding.cu , ptxas , /tmp/tmpxft_00077b62_00000000-14_embedding.ptx  , /tmp/tmpxft_00077b62_00000000-45_embedding.sm_52.cubin , sm_52 , nvcc , 106.0960 , ms
src/forward/Kernel/embedding.cu , fatbinary , /tmp/tmpxft_00077b62_00000000-45_embedding.sm_52.cubin /tmp/tmpxft_00077b62_00000000-14_embedding.ptx  , /tmp/tmpxft_00077b62_00000000-11_embedding.fatbin ,  , nvcc , 13.9780 , ms
src/forward/Kernel/embedding.cu , gcc (compiling) ,   , /tmp/tmpxft_00077b62_00000000-46_embedding.o , compute_52 , nvcc , 714.2930 , ms
src/forward/Kernel/linear.cu , gcc (preprocessing 4) , src/forward/Kernel/linear.cu  , /tmp/tmpxft_00077b62_00000000-17_linear.cpp4.ii ,  , nvcc , 162.6430 , ms
src/forward/Kernel/linear.cu , cudafe++ , /tmp/tmpxft_00077b62_00000000-17_linear.cpp4.ii  , /tmp/tmpxft_00077b62_00000000-18_linear.cudafe1.cpp , compute_52 , nvcc , 795.8650 , ms
src/forward/Kernel/linear.cu , gcc (preprocessing 1) , src/forward/Kernel/linear.cu  , /tmp/tmpxft_00077b62_00000000-47_linear.cpp1.ii , compute_52 , nvcc , 167.1660 , ms
src/forward/Kernel/linear.cu , cicc ,  /tmp/tmpxft_00077b62_00000000-47_linear.cpp1.ii  , /tmp/tmpxft_00077b62_00000000-18_linear.ptx , compute_52 , nvcc , 777.7400 , ms
src/forward/Kernel/linear.cu , ptxas , /tmp/tmpxft_00077b62_00000000-18_linear.ptx  , /tmp/tmpxft_00077b62_00000000-48_linear.sm_52.cubin , sm_52 , nvcc , 118.9280 , ms
src/forward/Kernel/linear.cu , fatbinary , /tmp/tmpxft_00077b62_00000000-48_linear.sm_52.cubin /tmp/tmpxft_00077b62_00000000-18_linear.ptx  , /tmp/tmpxft_00077b62_00000000-15_linear.fatbin ,  , nvcc , 13.9400 , ms
src/forward/Kernel/linear.cu , gcc (compiling) ,   , /tmp/tmpxft_00077b62_00000000-49_linear.o , compute_52 , nvcc , 710.2710 , ms
src/forward/Kernel/attention_head.cu , gcc (preprocessing 4) , src/forward/Kernel/attention_head.cu  , /tmp/tmpxft_00077b62_00000000-21_attention_head.cpp4.ii ,  , nvcc , 183.5670 , ms
src/forward/Kernel/attention_head.cu , cudafe++ , /tmp/tmpxft_00077b62_00000000-21_attention_head.cpp4.ii  , /tmp/tmpxft_00077b62_00000000-22_attention_head.cudafe1.cpp , compute_52 , nvcc , 792.2380 , ms
src/forward/Kernel/attention_head.cu , gcc (preprocessing 1) , src/forward/Kernel/attention_head.cu  , /tmp/tmpxft_00077b62_00000000-50_attention_head.cpp1.ii , compute_52 , nvcc , 142.2600 , ms
src/forward/Kernel/attention_head.cu , cicc ,  /tmp/tmpxft_00077b62_00000000-50_attention_head.cpp1.ii  , /tmp/tmpxft_00077b62_00000000-22_attention_head.ptx , compute_52 , nvcc , 728.2230 , ms
src/forward/Kernel/attention_head.cu , ptxas , /tmp/tmpxft_00077b62_00000000-22_attention_head.ptx  , /tmp/tmpxft_00077b62_00000000-51_attention_head.sm_52.cubin , sm_52 , nvcc , 152.7870 , ms
src/forward/Kernel/attention_head.cu , fatbinary , /tmp/tmpxft_00077b62_00000000-51_attention_head.sm_52.cubin /tmp/tmpxft_00077b62_00000000-22_attention_head.ptx  , /tmp/tmpxft_00077b62_00000000-19_attention_head.fatbin ,  , nvcc , 17.3620 , ms
src/forward/Kernel/attention_head.cu , gcc (compiling) ,   , /tmp/tmpxft_00077b62_00000000-52_attention_head.o , compute_52 , nvcc , 702.8610 , ms
src/forward/Kernel/interface.cu , gcc (preprocessing 4) , src/forward/Kernel/interface.cu  , /tmp/tmpxft_00077b62_00000000-25_interface.cpp4.ii ,  , nvcc , 159.0710 , ms
src/forward/Kernel/interface.cu , cudafe++ , /tmp/tmpxft_00077b62_00000000-25_interface.cpp4.ii  , /tmp/tmpxft_00077b62_00000000-26_interface.cudafe1.cpp , compute_52 , nvcc , 719.4080 , ms
src/forward/Kernel/interface.cu , gcc (preprocessing 1) , src/forward/Kernel/interface.cu  , /tmp/tmpxft_00077b62_00000000-53_interface.cpp1.ii , compute_52 , nvcc , 132.6480 , ms
src/forward/Kernel/interface.cu , cicc ,  /tmp/tmpxft_00077b62_00000000-53_interface.cpp1.ii  , /tmp/tmpxft_00077b62_00000000-26_interface.ptx , compute_52 , nvcc , 710.8270 , ms
src/forward/Kernel/interface.cu , ptxas , /tmp/tmpxft_00077b62_00000000-26_interface.ptx  , /tmp/tmpxft_00077b62_00000000-54_interface.sm_52.cubin , sm_52 , nvcc , 102.5870 , ms
src/forward/Kernel/interface.cu , fatbinary , /tmp/tmpxft_00077b62_00000000-54_interface.sm_52.cubin /tmp/tmpxft_00077b62_00000000-26_interface.ptx  , /tmp/tmpxft_00077b62_00000000-23_interface.fatbin ,  , nvcc , 14.7640 , ms
src/forward/Kernel/interface.cu , gcc (compiling) ,   , /tmp/tmpxft_00077b62_00000000-55_interface.o , compute_52 , nvcc , 665.5940 , ms
src/backpropagation/Kernel/interface_back.cu , gcc (preprocessing 4) , src/backpropagation/Kernel/interface_back.cu  , /tmp/tmpxft_00077b62_00000000-29_interface_back.cpp4.ii ,  , nvcc , 232.4110 , ms
src/backpropagation/Kernel/interface_back.cu , cudafe++ , /tmp/tmpxft_00077b62_00000000-29_interface_back.cpp4.ii  , /tmp/tmpxft_00077b62_00000000-30_interface_back.cudafe1.cpp , compute_52 , nvcc , 1873.9990 , ms
src/backpropagation/Kernel/interface_back.cu , gcc (preprocessing 1) , src/backpropagation/Kernel/interface_back.cu  , /tmp/tmpxft_00077b62_00000000-56_interface_back.cpp1.ii , compute_52 , nvcc , 213.6410 , ms
src/backpropagation/Kernel/interface_back.cu , cicc ,  /tmp/tmpxft_00077b62_00000000-56_interface_back.cpp1.ii  , /tmp/tmpxft_00077b62_00000000-30_interface_back.ptx , compute_52 , nvcc , 2129.2739 , ms
src/backpropagation/Kernel/interface_back.cu , ptxas , /tmp/tmpxft_00077b62_00000000-30_interface_back.ptx  , /tmp/tmpxft_00077b62_00000000-57_interface_back.sm_52.cubin , sm_52 , nvcc , 133.3910 , ms
src/backpropagation/Kernel/interface_back.cu , fatbinary , /tmp/tmpxft_00077b62_00000000-57_interface_back.sm_52.cubin /tmp/tmpxft_00077b62_00000000-30_interface_back.ptx  , /tmp/tmpxft_00077b62_00000000-27_interface_back.fatbin ,  , nvcc , 17.8540 , ms
src/backpropagation/Kernel/interface_back.cu , gcc (compiling) ,   , /tmp/tmpxft_00077b62_00000000-58_interface_back.o , compute_52 , nvcc , 1897.5050 , ms
src/backpropagation/Kernel/flash_attention.cu , gcc (preprocessing 4) , src/backpropagation/Kernel/flash_attention.cu  , /tmp/tmpxft_00077b62_00000000-33_flash_attention.cpp4.ii ,  , nvcc , 169.8880 , ms
src/backpropagation/Kernel/flash_attention.cu , cudafe++ , /tmp/tmpxft_00077b62_00000000-33_flash_attention.cpp4.ii  , /tmp/tmpxft_00077b62_00000000-34_flash_attention.cudafe1.cpp , compute_52 , nvcc , 765.2890 , ms
src/backpropagation/Kernel/flash_attention.cu , gcc (preprocessing 1) , src/backpropagation/Kernel/flash_attention.cu  , /tmp/tmpxft_00077b62_00000000-59_flash_attention.cpp1.ii , compute_52 , nvcc , 140.5840 , ms
src/backpropagation/Kernel/flash_attention.cu , cicc ,  /tmp/tmpxft_00077b62_00000000-59_flash_attention.cpp1.ii  , /tmp/tmpxft_00077b62_00000000-34_flash_attention.ptx , compute_52 , nvcc , 726.1860 , ms
src/backpropagation/Kernel/flash_attention.cu , ptxas , /tmp/tmpxft_00077b62_00000000-34_flash_attention.ptx  , /tmp/tmpxft_00077b62_00000000-60_flash_attention.sm_52.cubin , sm_52 , nvcc , 126.7520 , ms
src/backpropagation/Kernel/flash_attention.cu , fatbinary , /tmp/tmpxft_00077b62_00000000-60_flash_attention.sm_52.cubin /tmp/tmpxft_00077b62_00000000-34_flash_attention.ptx  , /tmp/tmpxft_00077b62_00000000-31_flash_attention.fatbin ,  , nvcc , 14.2630 , ms
src/backpropagation/Kernel/flash_attention.cu , gcc (compiling) ,   , /tmp/tmpxft_00077b62_00000000-61_flash_attention.o , compute_52 , nvcc , 711.0780 , ms
src/main.cpp src/kernel/utils.cu src/forward/Kernel/layer_norm.cu src/forward/Kernel/embedding.cu src/forward/Kernel/linear.cu src/forward/Kernel/attention_head.cu src/forward/Kernel/interface.cu src/backpropagation/Kernel/interface_back.cu src/backpropagation/Kernel/flash_attention.cu  , nvlink , /tmp/tmpxft_00077b62_00000000-37_main.o /tmp/tmpxft_00077b62_00000000-40_utils.o /tmp/tmpxft_00077b62_00000000-43_layer_norm.o /tmp/tmpxft_00077b62_00000000-46_embedding.o /tmp/tmpxft_00077b62_00000000-49_linear.o /tmp/tmpxft_00077b62_00000000-52_attention_head.o /tmp/tmpxft_00077b62_00000000-55_interface.o /tmp/tmpxft_00077b62_00000000-58_interface_back.o /tmp/tmpxft_00077b62_00000000-61_flash_attention.o  , /tmp/tmpxft_00077b62_00000000-62_attention_dlink.sm_52.cubin , sm_52 , nvcc , 4.9920 , ms
src/main.cpp src/kernel/utils.cu src/forward/Kernel/layer_norm.cu src/forward/Kernel/embedding.cu src/forward/Kernel/linear.cu src/forward/Kernel/attention_head.cu src/forward/Kernel/interface.cu src/backpropagation/Kernel/interface_back.cu src/backpropagation/Kernel/flash_attention.cu  , fatbinary , /tmp/tmpxft_00077b62_00000000-62_attention_dlink.sm_52.cubin  , /tmp/tmpxft_00077b62_00000000-36_attention_dlink.fatbin ,  , nvcc , 0.9650 , ms
src/main.cpp src/kernel/utils.cu src/forward/Kernel/layer_norm.cu src/forward/Kernel/embedding.cu src/forward/Kernel/linear.cu src/forward/Kernel/attention_head.cu src/forward/Kernel/interface.cu src/backpropagation/Kernel/interface_back.cu src/backpropagation/Kernel/flash_attention.cu  , gcc (compiling) , /usr/lib/nvidia-cuda-toolkit/bin/crt/link.stub  , /tmp/tmpxft_00077b62_00000000-63_attention_dlink.o ,  , nvcc , 13.7890 , ms
src/main.cpp src/kernel/utils.cu src/forward/Kernel/layer_norm.cu src/forward/Kernel/embedding.cu src/forward/Kernel/linear.cu src/forward/Kernel/attention_head.cu src/forward/Kernel/interface.cu src/backpropagation/Kernel/interface_back.cu src/backpropagation/Kernel/flash_attention.cu  , gcc (linking) , /tmp/tmpxft_00077b62_00000000-63_attention_dlink.o /tmp/tmpxft_00077b62_00000000-37_main.o /tmp/tmpxft_00077b62_00000000-40_utils.o /tmp/tmpxft_00077b62_00000000-43_layer_norm.o /tmp/tmpxft_00077b62_00000000-46_embedding.o /tmp/tmpxft_00077b62_00000000-49_linear.o /tmp/tmpxft_00077b62_00000000-52_attention_head.o /tmp/tmpxft_00077b62_00000000-55_interface.o /tmp/tmpxft_00077b62_00000000-58_interface_back.o /tmp/tmpxft_00077b62_00000000-61_flash_attention.o  , src/bin/attention ,  , nvcc , 87.7910 , ms
 , nvcc (driver) ,  , src/bin/attention ,  , nvcc , 2.8027 , ms
src/main.cpp , gcc (compiling) , src/main.cpp  , /tmp/tmpxft_000789a9_00000000-37_main.o ,  , nvcc , 4287.9541 , ms
src/kernel/utils.cu , gcc (preprocessing 4) , src/kernel/utils.cu  , /tmp/tmpxft_000789a9_00000000-5_utils.cpp4.ii ,  , nvcc , 257.6590 , ms
src/kernel/utils.cu , cudafe++ , /tmp/tmpxft_000789a9_00000000-5_utils.cpp4.ii  , /tmp/tmpxft_000789a9_00000000-6_utils.cudafe1.cpp , compute_52 , nvcc , 966.4700 , ms
src/kernel/utils.cu , gcc (preprocessing 1) , src/kernel/utils.cu  , /tmp/tmpxft_000789a9_00000000-38_utils.cpp1.ii , compute_52 , nvcc , 160.8420 , ms
src/kernel/utils.cu , cicc ,  /tmp/tmpxft_000789a9_00000000-38_utils.cpp1.ii  , /tmp/tmpxft_000789a9_00000000-6_utils.ptx , compute_52 , nvcc , 852.9810 , ms
src/kernel/utils.cu , ptxas , /tmp/tmpxft_000789a9_00000000-6_utils.ptx  , /tmp/tmpxft_000789a9_00000000-39_utils.sm_52.cubin , sm_52 , nvcc , 122.1680 , ms
src/kernel/utils.cu , fatbinary , /tmp/tmpxft_000789a9_00000000-39_utils.sm_52.cubin /tmp/tmpxft_000789a9_00000000-6_utils.ptx  , /tmp/tmpxft_000789a9_00000000-3_utils.fatbin ,  , nvcc , 16.6470 , ms
src/kernel/utils.cu , gcc (compiling) ,   , /tmp/tmpxft_000789a9_00000000-40_utils.o , compute_52 , nvcc , 770.5170 , ms
src/forward/Kernel/layer_norm.cu , gcc (preprocessing 4) , src/forward/Kernel/layer_norm.cu  , /tmp/tmpxft_000789a9_00000000-9_layer_norm.cpp4.ii ,  , nvcc , 196.8350 , ms
src/forward/Kernel/layer_norm.cu , cudafe++ , /tmp/tmpxft_000789a9_00000000-9_layer_norm.cpp4.ii  , /tmp/tmpxft_000789a9_00000000-10_layer_norm.cudafe1.cpp , compute_52 , nvcc , 875.1630 , ms
src/forward/Kernel/layer_norm.cu , gcc (preprocessing 1) , src/forward/Kernel/layer_norm.cu  , /tmp/tmpxft_000789a9_00000000-41_layer_norm.cpp1.ii , compute_52 , nvcc , 161.6720 , ms
src/forward/Kernel/layer_norm.cu , cicc ,  /tmp/tmpxft_000789a9_00000000-41_layer_norm.cpp1.ii  , /tmp/tmpxft_000789a9_00000000-10_layer_norm.ptx , compute_52 , nvcc , 815.2380 , ms
src/forward/Kernel/layer_norm.cu , ptxas , /tmp/tmpxft_000789a9_00000000-10_layer_norm.ptx  , /tmp/tmpxft_000789a9_00000000-42_layer_norm.sm_52.cubin , sm_52 , nvcc , 136.3640 , ms
src/forward/Kernel/layer_norm.cu , fatbinary , /tmp/tmpxft_000789a9_00000000-42_layer_norm.sm_52.cubin /tmp/tmpxft_000789a9_00000000-10_layer_norm.ptx  , /tmp/tmpxft_000789a9_00000000-7_layer_norm.fatbin ,  , nvcc , 16.5670 , ms
src/forward/Kernel/layer_norm.cu , gcc (compiling) ,   , /tmp/tmpxft_000789a9_00000000-43_layer_norm.o , compute_52 , nvcc , 792.6160 , ms
src/forward/Kernel/embedding.cu , gcc (preprocessing 4) , src/forward/Kernel/embedding.cu  , /tmp/tmpxft_000789a9_00000000-13_embedding.cpp4.ii ,  , nvcc , 192.8420 , ms
src/forward/Kernel/embedding.cu , cudafe++ , /tmp/tmpxft_000789a9_00000000-13_embedding.cpp4.ii  , /tmp/tmpxft_000789a9_00000000-14_embedding.cudafe1.cpp , compute_52 , nvcc , 828.5890 , ms
src/forward/Kernel/embedding.cu , gcc (preprocessing 1) , src/forward/Kernel/embedding.cu  , /tmp/tmpxft_000789a9_00000000-44_embedding.cpp1.ii , compute_52 , nvcc , 160.4030 , ms
src/forward/Kernel/embedding.cu , cicc ,  /tmp/tmpxft_000789a9_00000000-44_embedding.cpp1.ii  , /tmp/tmpxft_000789a9_00000000-14_embedding.ptx , compute_52 , nvcc , 808.7680 , ms
src/forward/Kernel/embedding.cu , ptxas , /tmp/tmpxft_000789a9_00000000-14_embedding.ptx  , /tmp/tmpxft_000789a9_00000000-45_embedding.sm_52.cubin , sm_52 , nvcc , 148.8820 , ms
src/forward/Kernel/embedding.cu , fatbinary , /tmp/tmpxft_000789a9_00000000-45_embedding.sm_52.cubin /tmp/tmpxft_000789a9_00000000-14_embedding.ptx  , /tmp/tmpxft_000789a9_00000000-11_embedding.fatbin ,  , nvcc , 25.2050 , ms
src/forward/Kernel/embedding.cu , gcc (compiling) ,   , /tmp/tmpxft_000789a9_00000000-46_embedding.o , compute_52 , nvcc , 833.7110 , ms
src/forward/Kernel/linear.cu , gcc (preprocessing 4) , src/forward/Kernel/linear.cu  , /tmp/tmpxft_000789a9_00000000-17_linear.cpp4.ii ,  , nvcc , 199.7680 , ms
src/forward/Kernel/linear.cu , cudafe++ , /tmp/tmpxft_000789a9_00000000-17_linear.cpp4.ii  , /tmp/tmpxft_000789a9_00000000-18_linear.cudafe1.cpp , compute_52 , nvcc , 902.6610 , ms
src/forward/Kernel/linear.cu , gcc (preprocessing 1) , src/forward/Kernel/linear.cu  , /tmp/tmpxft_000789a9_00000000-47_linear.cpp1.ii , compute_52 , nvcc , 168.9490 , ms
src/forward/Kernel/linear.cu , cicc ,  /tmp/tmpxft_000789a9_00000000-47_linear.cpp1.ii  , /tmp/tmpxft_000789a9_00000000-18_linear.ptx , compute_52 , nvcc , 889.3020 , ms
src/forward/Kernel/linear.cu , ptxas , /tmp/tmpxft_000789a9_00000000-18_linear.ptx  , /tmp/tmpxft_000789a9_00000000-48_linear.sm_52.cubin , sm_52 , nvcc , 145.0930 , ms
src/forward/Kernel/linear.cu , fatbinary , /tmp/tmpxft_000789a9_00000000-48_linear.sm_52.cubin /tmp/tmpxft_000789a9_00000000-18_linear.ptx  , /tmp/tmpxft_000789a9_00000000-15_linear.fatbin ,  , nvcc , 18.6510 , ms
src/forward/Kernel/linear.cu , gcc (compiling) ,   , /tmp/tmpxft_000789a9_00000000-49_linear.o , compute_52 , nvcc , 808.7780 , ms
src/forward/Kernel/attention_head.cu , gcc (preprocessing 4) , src/forward/Kernel/attention_head.cu  , /tmp/tmpxft_000789a9_00000000-21_attention_head.cpp4.ii ,  , nvcc , 214.6110 , ms
src/forward/Kernel/attention_head.cu , cudafe++ , /tmp/tmpxft_000789a9_00000000-21_attention_head.cpp4.ii  , /tmp/tmpxft_000789a9_00000000-22_attention_head.cudafe1.cpp , compute_52 , nvcc , 915.4580 , ms
src/forward/Kernel/attention_head.cu , gcc (preprocessing 1) , src/forward/Kernel/attention_head.cu  , /tmp/tmpxft_000789a9_00000000-50_attention_head.cpp1.ii , compute_52 , nvcc , 160.1490 , ms
src/forward/Kernel/attention_head.cu , cicc ,  /tmp/tmpxft_000789a9_00000000-50_attention_head.cpp1.ii  , /tmp/tmpxft_000789a9_00000000-22_attention_head.ptx , compute_52 , nvcc , 855.6490 , ms
src/forward/Kernel/attention_head.cu , ptxas , /tmp/tmpxft_000789a9_00000000-22_attention_head.ptx  , /tmp/tmpxft_000789a9_00000000-51_attention_head.sm_52.cubin , sm_52 , nvcc , 164.2170 , ms
src/forward/Kernel/attention_head.cu , fatbinary , /tmp/tmpxft_000789a9_00000000-51_attention_head.sm_52.cubin /tmp/tmpxft_000789a9_00000000-22_attention_head.ptx  , /tmp/tmpxft_000789a9_00000000-19_attention_head.fatbin ,  , nvcc , 20.0150 , ms
src/forward/Kernel/attention_head.cu , gcc (compiling) ,   , /tmp/tmpxft_000789a9_00000000-52_attention_head.o , compute_52 , nvcc , 978.5460 , ms
src/forward/Kernel/interface.cu , gcc (preprocessing 4) , src/forward/Kernel/interface.cu  , /tmp/tmpxft_000789a9_00000000-25_interface.cpp4.ii ,  , nvcc , 199.8780 , ms
src/forward/Kernel/interface.cu , cudafe++ , /tmp/tmpxft_000789a9_00000000-25_interface.cpp4.ii  , /tmp/tmpxft_000789a9_00000000-26_interface.cudafe1.cpp , compute_52 , nvcc , 1018.7790 , ms
src/forward/Kernel/interface.cu , gcc (preprocessing 1) , src/forward/Kernel/interface.cu  , /tmp/tmpxft_000789a9_00000000-53_interface.cpp1.ii , compute_52 , nvcc , 187.2520 , ms
src/forward/Kernel/interface.cu , cicc ,  /tmp/tmpxft_000789a9_00000000-53_interface.cpp1.ii  , /tmp/tmpxft_000789a9_00000000-26_interface.ptx , compute_52 , nvcc , 870.2190 , ms
src/forward/Kernel/interface.cu , ptxas , /tmp/tmpxft_000789a9_00000000-26_interface.ptx  , /tmp/tmpxft_000789a9_00000000-54_interface.sm_52.cubin , sm_52 , nvcc , 168.2320 , ms
src/forward/Kernel/interface.cu , fatbinary , /tmp/tmpxft_000789a9_00000000-54_interface.sm_52.cubin /tmp/tmpxft_000789a9_00000000-26_interface.ptx  , /tmp/tmpxft_000789a9_00000000-23_interface.fatbin ,  , nvcc , 25.8320 , ms
src/forward/Kernel/interface.cu , gcc (compiling) ,   , /tmp/tmpxft_000789a9_00000000-55_interface.o , compute_52 , nvcc , 978.9650 , ms
src/backpropagation/Kernel/interface_back.cu , gcc (preprocessing 4) , src/backpropagation/Kernel/interface_back.cu  , /tmp/tmpxft_000789a9_00000000-29_interface_back.cpp4.ii ,  , nvcc , 309.2240 , ms
src/backpropagation/Kernel/interface_back.cu , cudafe++ , /tmp/tmpxft_000789a9_00000000-29_interface_back.cpp4.ii  , /tmp/tmpxft_000789a9_00000000-30_interface_back.cudafe1.cpp , compute_52 , nvcc , 4040.9810 , ms
src/backpropagation/Kernel/interface_back.cu , gcc (preprocessing 1) , src/backpropagation/Kernel/interface_back.cu  , /tmp/tmpxft_000789a9_00000000-56_interface_back.cpp1.ii , compute_52 , nvcc , 401.1370 , ms
src/backpropagation/Kernel/interface_back.cu , cicc ,  /tmp/tmpxft_000789a9_00000000-56_interface_back.cpp1.ii  , /tmp/tmpxft_000789a9_00000000-30_interface_back.ptx , compute_52 , nvcc , 3609.5530 , ms
src/backpropagation/Kernel/interface_back.cu , ptxas , /tmp/tmpxft_000789a9_00000000-30_interface_back.ptx  , /tmp/tmpxft_000789a9_00000000-57_interface_back.sm_52.cubin , sm_52 , nvcc , 154.8140 , ms
src/backpropagation/Kernel/interface_back.cu , fatbinary , /tmp/tmpxft_000789a9_00000000-57_interface_back.sm_52.cubin /tmp/tmpxft_000789a9_00000000-30_interface_back.ptx  , /tmp/tmpxft_000789a9_00000000-27_interface_back.fatbin ,  , nvcc , 21.6840 , ms
src/backpropagation/Kernel/interface_back.cu , gcc (compiling) ,   , /tmp/tmpxft_000789a9_00000000-58_interface_back.o , compute_52 , nvcc , 3353.3379 , ms
src/backpropagation/Kernel/flash_attention.cu , gcc (preprocessing 4) , src/backpropagation/Kernel/flash_attention.cu  , /tmp/tmpxft_000789a9_00000000-33_flash_attention.cpp4.ii ,  , nvcc , 195.2960 , ms
src/backpropagation/Kernel/flash_attention.cu , cudafe++ , /tmp/tmpxft_000789a9_00000000-33_flash_attention.cpp4.ii  , /tmp/tmpxft_000789a9_00000000-34_flash_attention.cudafe1.cpp , compute_52 , nvcc , 885.5470 , ms
src/backpropagation/Kernel/flash_attention.cu , gcc (preprocessing 1) , src/backpropagation/Kernel/flash_attention.cu  , /tmp/tmpxft_000789a9_00000000-59_flash_attention.cpp1.ii , compute_52 , nvcc , 151.9950 , ms
src/backpropagation/Kernel/flash_attention.cu , cicc ,  /tmp/tmpxft_000789a9_00000000-59_flash_attention.cpp1.ii  , /tmp/tmpxft_000789a9_00000000-34_flash_attention.ptx , compute_52 , nvcc , 860.3430 , ms
src/backpropagation/Kernel/flash_attention.cu , ptxas , /tmp/tmpxft_000789a9_00000000-34_flash_attention.ptx  , /tmp/tmpxft_000789a9_00000000-60_flash_attention.sm_52.cubin , sm_52 , nvcc , 137.9330 , ms
src/backpropagation/Kernel/flash_attention.cu , fatbinary , /tmp/tmpxft_000789a9_00000000-60_flash_attention.sm_52.cubin /tmp/tmpxft_000789a9_00000000-34_flash_attention.ptx  , /tmp/tmpxft_000789a9_00000000-31_flash_attention.fatbin ,  , nvcc , 20.5500 , ms
src/backpropagation/Kernel/flash_attention.cu , gcc (compiling) ,   , /tmp/tmpxft_000789a9_00000000-61_flash_attention.o , compute_52 , nvcc , 809.6960 , ms
src/main.cpp src/kernel/utils.cu src/forward/Kernel/layer_norm.cu src/forward/Kernel/embedding.cu src/forward/Kernel/linear.cu src/forward/Kernel/attention_head.cu src/forward/Kernel/interface.cu src/backpropagation/Kernel/interface_back.cu src/backpropagation/Kernel/flash_attention.cu  , nvlink , /tmp/tmpxft_000789a9_00000000-37_main.o /tmp/tmpxft_000789a9_00000000-40_utils.o /tmp/tmpxft_000789a9_00000000-43_layer_norm.o /tmp/tmpxft_000789a9_00000000-46_embedding.o /tmp/tmpxft_000789a9_00000000-49_linear.o /tmp/tmpxft_000789a9_00000000-52_attention_head.o /tmp/tmpxft_000789a9_00000000-55_interface.o /tmp/tmpxft_000789a9_00000000-58_interface_back.o /tmp/tmpxft_000789a9_00000000-61_flash_attention.o  , /tmp/tmpxft_000789a9_00000000-62_attention_dlink.sm_52.cubin , sm_52 , nvcc , 6.5600 , ms
src/main.cpp src/kernel/utils.cu src/forward/Kernel/layer_norm.cu src/forward/Kernel/embedding.cu src/forward/Kernel/linear.cu src/forward/Kernel/attention_head.cu src/forward/Kernel/interface.cu src/backpropagation/Kernel/interface_back.cu src/backpropagation/Kernel/flash_attention.cu  , fatbinary , /tmp/tmpxft_000789a9_00000000-62_attention_dlink.sm_52.cubin  , /tmp/tmpxft_000789a9_00000000-36_attention_dlink.fatbin ,  , nvcc , 1.5950 , ms
src/main.cpp src/kernel/utils.cu src/forward/Kernel/layer_norm.cu src/forward/Kernel/embedding.cu src/forward/Kernel/linear.cu src/forward/Kernel/attention_head.cu src/forward/Kernel/interface.cu src/backpropagation/Kernel/interface_back.cu src/backpropagation/Kernel/flash_attention.cu  , gcc (compiling) , /usr/lib/nvidia-cuda-toolkit/bin/crt/link.stub  , /tmp/tmpxft_000789a9_00000000-63_attention_dlink.o ,  , nvcc , 18.7400 , ms
src/main.cpp src/kernel/utils.cu src/forward/Kernel/layer_norm.cu src/forward/Kernel/embedding.cu src/forward/Kernel/linear.cu src/forward/Kernel/attention_head.cu src/forward/Kernel/interface.cu src/backpropagation/Kernel/interface_back.cu src/backpropagation/Kernel/flash_attention.cu  , gcc (linking) , /tmp/tmpxft_000789a9_00000000-63_attention_dlink.o /tmp/tmpxft_000789a9_00000000-37_main.o /tmp/tmpxft_000789a9_00000000-40_utils.o /tmp/tmpxft_000789a9_00000000-43_layer_norm.o /tmp/tmpxft_000789a9_00000000-46_embedding.o /tmp/tmpxft_000789a9_00000000-49_linear.o /tmp/tmpxft_000789a9_00000000-52_attention_head.o /tmp/tmpxft_000789a9_00000000-55_interface.o /tmp/tmpxft_000789a9_00000000-58_interface_back.o /tmp/tmpxft_000789a9_00000000-61_flash_attention.o  , src/bin/attention ,  , nvcc , 107.4260 , ms
 , nvcc (driver) ,  , src/bin/attention ,  , nvcc , 4.1328 , ms
src/main.cpp , gcc (compiling) , src/main.cpp  , /tmp/tmpxft_00078bd7_00000000-37_main.o ,  , nvcc , 3463.8049 , ms
src/kernel/utils.cu , gcc (preprocessing 4) , src/kernel/utils.cu  , /tmp/tmpxft_00078bd7_00000000-5_utils.cpp4.ii ,  , nvcc , 197.8260 , ms
src/kernel/utils.cu , cudafe++ , /tmp/tmpxft_00078bd7_00000000-5_utils.cpp4.ii  , /tmp/tmpxft_00078bd7_00000000-6_utils.cudafe1.cpp , compute_52 , nvcc , 872.1900 , ms
src/kernel/utils.cu , gcc (preprocessing 1) , src/kernel/utils.cu  , /tmp/tmpxft_00078bd7_00000000-38_utils.cpp1.ii , compute_52 , nvcc , 158.9770 , ms
src/kernel/utils.cu , cicc ,  /tmp/tmpxft_00078bd7_00000000-38_utils.cpp1.ii  , /tmp/tmpxft_00078bd7_00000000-6_utils.ptx , compute_52 , nvcc , 823.6000 , ms
src/kernel/utils.cu , ptxas , /tmp/tmpxft_00078bd7_00000000-6_utils.ptx  , /tmp/tmpxft_00078bd7_00000000-39_utils.sm_52.cubin , sm_52 , nvcc , 116.5760 , ms
src/kernel/utils.cu , fatbinary , /tmp/tmpxft_00078bd7_00000000-39_utils.sm_52.cubin /tmp/tmpxft_00078bd7_00000000-6_utils.ptx  , /tmp/tmpxft_00078bd7_00000000-3_utils.fatbin ,  , nvcc , 17.9270 , ms
src/kernel/utils.cu , gcc (compiling) ,   , /tmp/tmpxft_00078bd7_00000000-40_utils.o , compute_52 , nvcc , 788.6590 , ms
src/forward/Kernel/layer_norm.cu , gcc (preprocessing 4) , src/forward/Kernel/layer_norm.cu  , /tmp/tmpxft_00078bd7_00000000-9_layer_norm.cpp4.ii ,  , nvcc , 178.5800 , ms
src/forward/Kernel/layer_norm.cu , cudafe++ , /tmp/tmpxft_00078bd7_00000000-9_layer_norm.cpp4.ii  , /tmp/tmpxft_00078bd7_00000000-10_layer_norm.cudafe1.cpp , compute_52 , nvcc , 890.9890 , ms
src/forward/Kernel/layer_norm.cu , gcc (preprocessing 1) , src/forward/Kernel/layer_norm.cu  , /tmp/tmpxft_00078bd7_00000000-41_layer_norm.cpp1.ii , compute_52 , nvcc , 160.7160 , ms
src/forward/Kernel/layer_norm.cu , cicc ,  /tmp/tmpxft_00078bd7_00000000-41_layer_norm.cpp1.ii  , /tmp/tmpxft_00078bd7_00000000-10_layer_norm.ptx , compute_52 , nvcc , 877.3230 , ms
src/forward/Kernel/layer_norm.cu , ptxas , /tmp/tmpxft_00078bd7_00000000-10_layer_norm.ptx  , /tmp/tmpxft_00078bd7_00000000-42_layer_norm.sm_52.cubin , sm_52 , nvcc , 139.6980 , ms
src/forward/Kernel/layer_norm.cu , fatbinary , /tmp/tmpxft_00078bd7_00000000-42_layer_norm.sm_52.cubin /tmp/tmpxft_00078bd7_00000000-10_layer_norm.ptx  , /tmp/tmpxft_00078bd7_00000000-7_layer_norm.fatbin ,  , nvcc , 16.4350 , ms
src/forward/Kernel/layer_norm.cu , gcc (compiling) ,   , /tmp/tmpxft_00078bd7_00000000-43_layer_norm.o , compute_52 , nvcc , 812.8210 , ms
src/forward/Kernel/embedding.cu , gcc (preprocessing 4) , src/forward/Kernel/embedding.cu  , /tmp/tmpxft_00078bd7_00000000-13_embedding.cpp4.ii ,  , nvcc , 186.7140 , ms
src/forward/Kernel/embedding.cu , cudafe++ , /tmp/tmpxft_00078bd7_00000000-13_embedding.cpp4.ii  , /tmp/tmpxft_00078bd7_00000000-14_embedding.cudafe1.cpp , compute_52 , nvcc , 946.4770 , ms
src/forward/Kernel/embedding.cu , gcc (preprocessing 1) , src/forward/Kernel/embedding.cu  , /tmp/tmpxft_00078bd7_00000000-44_embedding.cpp1.ii , compute_52 , nvcc , 181.2910 , ms
src/forward/Kernel/embedding.cu , cicc ,  /tmp/tmpxft_00078bd7_00000000-44_embedding.cpp1.ii  , /tmp/tmpxft_00078bd7_00000000-14_embedding.ptx , compute_52 , nvcc , 883.8310 , ms
src/forward/Kernel/embedding.cu , ptxas , /tmp/tmpxft_00078bd7_00000000-14_embedding.ptx  , /tmp/tmpxft_00078bd7_00000000-45_embedding.sm_52.cubin , sm_52 , nvcc , 133.2640 , ms
src/forward/Kernel/embedding.cu , fatbinary , /tmp/tmpxft_00078bd7_00000000-45_embedding.sm_52.cubin /tmp/tmpxft_00078bd7_00000000-14_embedding.ptx  , /tmp/tmpxft_00078bd7_00000000-11_embedding.fatbin ,  , nvcc , 16.0740 , ms
src/forward/Kernel/embedding.cu , gcc (compiling) ,   , /tmp/tmpxft_00078bd7_00000000-46_embedding.o , compute_52 , nvcc , 815.9240 , ms
src/forward/Kernel/linear.cu , gcc (preprocessing 4) , src/forward/Kernel/linear.cu  , /tmp/tmpxft_00078bd7_00000000-17_linear.cpp4.ii ,  , nvcc , 183.8450 , ms
src/forward/Kernel/linear.cu , cudafe++ , /tmp/tmpxft_00078bd7_00000000-17_linear.cpp4.ii  , /tmp/tmpxft_00078bd7_00000000-18_linear.cudafe1.cpp , compute_52 , nvcc , 864.2070 , ms
src/forward/Kernel/linear.cu , gcc (preprocessing 1) , src/forward/Kernel/linear.cu  , /tmp/tmpxft_00078bd7_00000000-47_linear.cpp1.ii , compute_52 , nvcc , 161.4720 , ms
src/forward/Kernel/linear.cu , cicc ,  /tmp/tmpxft_00078bd7_00000000-47_linear.cpp1.ii  , /tmp/tmpxft_00078bd7_00000000-18_linear.ptx , compute_52 , nvcc , 888.8240 , ms
src/forward/Kernel/linear.cu , ptxas , /tmp/tmpxft_00078bd7_00000000-18_linear.ptx  , /tmp/tmpxft_00078bd7_00000000-48_linear.sm_52.cubin , sm_52 , nvcc , 145.0900 , ms
src/forward/Kernel/linear.cu , fatbinary , /tmp/tmpxft_00078bd7_00000000-48_linear.sm_52.cubin /tmp/tmpxft_00078bd7_00000000-18_linear.ptx  , /tmp/tmpxft_00078bd7_00000000-15_linear.fatbin ,  , nvcc , 18.2410 , ms
src/forward/Kernel/linear.cu , gcc (compiling) ,   , /tmp/tmpxft_00078bd7_00000000-49_linear.o , compute_52 , nvcc , 794.8670 , ms
src/forward/Kernel/attention_head.cu , gcc (preprocessing 4) , src/forward/Kernel/attention_head.cu  , /tmp/tmpxft_00078bd7_00000000-21_attention_head.cpp4.ii ,  , nvcc , 199.7750 , ms
src/forward/Kernel/attention_head.cu , cudafe++ , /tmp/tmpxft_00078bd7_00000000-21_attention_head.cpp4.ii  , /tmp/tmpxft_00078bd7_00000000-22_attention_head.cudafe1.cpp , compute_52 , nvcc , 913.0460 , ms
src/forward/Kernel/attention_head.cu , gcc (preprocessing 1) , src/forward/Kernel/attention_head.cu  , /tmp/tmpxft_00078bd7_00000000-50_attention_head.cpp1.ii , compute_52 , nvcc , 177.7270 , ms
src/forward/Kernel/attention_head.cu , cicc ,  /tmp/tmpxft_00078bd7_00000000-50_attention_head.cpp1.ii  , /tmp/tmpxft_00078bd7_00000000-22_attention_head.ptx , compute_52 , nvcc , 958.8070 , ms
src/forward/Kernel/attention_head.cu , ptxas , /tmp/tmpxft_00078bd7_00000000-22_attention_head.ptx  , /tmp/tmpxft_00078bd7_00000000-51_attention_head.sm_52.cubin , sm_52 , nvcc , 225.5530 , ms
src/forward/Kernel/attention_head.cu , fatbinary , /tmp/tmpxft_00078bd7_00000000-51_attention_head.sm_52.cubin /tmp/tmpxft_00078bd7_00000000-22_attention_head.ptx  , /tmp/tmpxft_00078bd7_00000000-19_attention_head.fatbin ,  , nvcc , 24.2710 , ms
src/forward/Kernel/attention_head.cu , gcc (compiling) ,   , /tmp/tmpxft_00078bd7_00000000-52_attention_head.o , compute_52 , nvcc , 866.7820 , ms
src/forward/Kernel/interface.cu , gcc (preprocessing 4) , src/forward/Kernel/interface.cu  , /tmp/tmpxft_00078bd7_00000000-25_interface.cpp4.ii ,  , nvcc , 217.5650 , ms
src/forward/Kernel/interface.cu , cudafe++ , /tmp/tmpxft_00078bd7_00000000-25_interface.cpp4.ii  , /tmp/tmpxft_00078bd7_00000000-26_interface.cudafe1.cpp , compute_52 , nvcc , 1081.5840 , ms
src/forward/Kernel/interface.cu , gcc (preprocessing 1) , src/forward/Kernel/interface.cu  , /tmp/tmpxft_00078bd7_00000000-53_interface.cpp1.ii , compute_52 , nvcc , 410.2150 , ms
src/forward/Kernel/interface.cu , cicc ,  /tmp/tmpxft_00078bd7_00000000-53_interface.cpp1.ii  , /tmp/tmpxft_00078bd7_00000000-26_interface.ptx , compute_52 , nvcc , 1037.5410 , ms
src/forward/Kernel/interface.cu , ptxas , /tmp/tmpxft_00078bd7_00000000-26_interface.ptx  , /tmp/tmpxft_00078bd7_00000000-54_interface.sm_52.cubin , sm_52 , nvcc , 153.5330 , ms
src/forward/Kernel/interface.cu , fatbinary , /tmp/tmpxft_00078bd7_00000000-54_interface.sm_52.cubin /tmp/tmpxft_00078bd7_00000000-26_interface.ptx  , /tmp/tmpxft_00078bd7_00000000-23_interface.fatbin ,  , nvcc , 16.8370 , ms
src/forward/Kernel/interface.cu , gcc (compiling) ,   , /tmp/tmpxft_00078bd7_00000000-55_interface.o , compute_52 , nvcc , 755.9200 , ms
src/backpropagation/Kernel/interface_back.cu , gcc (preprocessing 4) , src/backpropagation/Kernel/interface_back.cu  , /tmp/tmpxft_00078bd7_00000000-29_interface_back.cpp4.ii ,  , nvcc , 299.2390 , ms
src/backpropagation/Kernel/interface_back.cu , cudafe++ , /tmp/tmpxft_00078bd7_00000000-29_interface_back.cpp4.ii  , /tmp/tmpxft_00078bd7_00000000-30_interface_back.cudafe1.cpp , compute_52 , nvcc , 2246.5129 , ms
src/backpropagation/Kernel/interface_back.cu , gcc (preprocessing 1) , src/backpropagation/Kernel/interface_back.cu  , /tmp/tmpxft_00078bd7_00000000-56_interface_back.cpp1.ii , compute_52 , nvcc , 237.1410 , ms
src/backpropagation/Kernel/interface_back.cu , cicc ,  /tmp/tmpxft_00078bd7_00000000-56_interface_back.cpp1.ii  , /tmp/tmpxft_00078bd7_00000000-30_interface_back.ptx , compute_52 , nvcc , 2657.5991 , ms
src/backpropagation/Kernel/interface_back.cu , ptxas , /tmp/tmpxft_00078bd7_00000000-30_interface_back.ptx  , /tmp/tmpxft_00078bd7_00000000-57_interface_back.sm_52.cubin , sm_52 , nvcc , 149.6950 , ms
src/backpropagation/Kernel/interface_back.cu , fatbinary , /tmp/tmpxft_00078bd7_00000000-57_interface_back.sm_52.cubin /tmp/tmpxft_00078bd7_00000000-30_interface_back.ptx  , /tmp/tmpxft_00078bd7_00000000-27_interface_back.fatbin ,  , nvcc , 17.9520 , ms
src/backpropagation/Kernel/interface_back.cu , gcc (compiling) ,   , /tmp/tmpxft_00078bd7_00000000-58_interface_back.o , compute_52 , nvcc , 2240.0901 , ms
src/backpropagation/Kernel/flash_attention.cu , gcc (preprocessing 4) , src/backpropagation/Kernel/flash_attention.cu  , /tmp/tmpxft_00078bd7_00000000-33_flash_attention.cpp4.ii ,  , nvcc , 201.1210 , ms
src/backpropagation/Kernel/flash_attention.cu , cudafe++ , /tmp/tmpxft_00078bd7_00000000-33_flash_attention.cpp4.ii  , /tmp/tmpxft_00078bd7_00000000-34_flash_attention.cudafe1.cpp , compute_52 , nvcc , 903.8090 , ms
src/backpropagation/Kernel/flash_attention.cu , gcc (preprocessing 1) , src/backpropagation/Kernel/flash_attention.cu  , /tmp/tmpxft_00078bd7_00000000-59_flash_attention.cpp1.ii , compute_52 , nvcc , 151.6030 , ms
src/backpropagation/Kernel/flash_attention.cu , cicc ,  /tmp/tmpxft_00078bd7_00000000-59_flash_attention.cpp1.ii  , /tmp/tmpxft_00078bd7_00000000-34_flash_attention.ptx , compute_52 , nvcc , 827.6800 , ms
src/backpropagation/Kernel/flash_attention.cu , ptxas , /tmp/tmpxft_00078bd7_00000000-34_flash_attention.ptx  , /tmp/tmpxft_00078bd7_00000000-60_flash_attention.sm_52.cubin , sm_52 , nvcc , 148.5270 , ms
src/backpropagation/Kernel/flash_attention.cu , fatbinary , /tmp/tmpxft_00078bd7_00000000-60_flash_attention.sm_52.cubin /tmp/tmpxft_00078bd7_00000000-34_flash_attention.ptx  , /tmp/tmpxft_00078bd7_00000000-31_flash_attention.fatbin ,  , nvcc , 17.6810 , ms
src/backpropagation/Kernel/flash_attention.cu , gcc (compiling) ,   , /tmp/tmpxft_00078bd7_00000000-61_flash_attention.o , compute_52 , nvcc , 1009.2650 , ms
src/main.cpp src/kernel/utils.cu src/forward/Kernel/layer_norm.cu src/forward/Kernel/embedding.cu src/forward/Kernel/linear.cu src/forward/Kernel/attention_head.cu src/forward/Kernel/interface.cu src/backpropagation/Kernel/interface_back.cu src/backpropagation/Kernel/flash_attention.cu  , nvlink , /tmp/tmpxft_00078bd7_00000000-37_main.o /tmp/tmpxft_00078bd7_00000000-40_utils.o /tmp/tmpxft_00078bd7_00000000-43_layer_norm.o /tmp/tmpxft_00078bd7_00000000-46_embedding.o /tmp/tmpxft_00078bd7_00000000-49_linear.o /tmp/tmpxft_00078bd7_00000000-52_attention_head.o /tmp/tmpxft_00078bd7_00000000-55_interface.o /tmp/tmpxft_00078bd7_00000000-58_interface_back.o /tmp/tmpxft_00078bd7_00000000-61_flash_attention.o  , /tmp/tmpxft_00078bd7_00000000-62_attention_dlink.sm_52.cubin , sm_52 , nvcc , 7.7520 , ms
src/main.cpp src/kernel/utils.cu src/forward/Kernel/layer_norm.cu src/forward/Kernel/embedding.cu src/forward/Kernel/linear.cu src/forward/Kernel/attention_head.cu src/forward/Kernel/interface.cu src/backpropagation/Kernel/interface_back.cu src/backpropagation/Kernel/flash_attention.cu  , fatbinary , /tmp/tmpxft_00078bd7_00000000-62_attention_dlink.sm_52.cubin  , /tmp/tmpxft_00078bd7_00000000-36_attention_dlink.fatbin ,  , nvcc , 1.4890 , ms
src/main.cpp src/kernel/utils.cu src/forward/Kernel/layer_norm.cu src/forward/Kernel/embedding.cu src/forward/Kernel/linear.cu src/forward/Kernel/attention_head.cu src/forward/Kernel/interface.cu src/backpropagation/Kernel/interface_back.cu src/backpropagation/Kernel/flash_attention.cu  , gcc (compiling) , /usr/lib/nvidia-cuda-toolkit/bin/crt/link.stub  , /tmp/tmpxft_00078bd7_00000000-63_attention_dlink.o ,  , nvcc , 20.5510 , ms
src/main.cpp src/kernel/utils.cu src/forward/Kernel/layer_norm.cu src/forward/Kernel/embedding.cu src/forward/Kernel/linear.cu src/forward/Kernel/attention_head.cu src/forward/Kernel/interface.cu src/backpropagation/Kernel/interface_back.cu src/backpropagation/Kernel/flash_attention.cu  , gcc (linking) , /tmp/tmpxft_00078bd7_00000000-63_attention_dlink.o /tmp/tmpxft_00078bd7_00000000-37_main.o /tmp/tmpxft_00078bd7_00000000-40_utils.o /tmp/tmpxft_00078bd7_00000000-43_layer_norm.o /tmp/tmpxft_00078bd7_00000000-46_embedding.o /tmp/tmpxft_00078bd7_00000000-49_linear.o /tmp/tmpxft_00078bd7_00000000-52_attention_head.o /tmp/tmpxft_00078bd7_00000000-55_interface.o /tmp/tmpxft_00078bd7_00000000-58_interface_back.o /tmp/tmpxft_00078bd7_00000000-61_flash_attention.o  , src/bin/attention ,  , nvcc , 107.1230 , ms
 , nvcc (driver) ,  , src/bin/attention ,  , nvcc , 6.0273 , ms
src/main.cpp , gcc (compiling) , src/main.cpp  , /tmp/tmpxft_00079436_00000000-37_main.o ,  , nvcc , 3747.1919 , ms
src/kernel/utils.cu , gcc (preprocessing 4) , src/kernel/utils.cu  , /tmp/tmpxft_00079436_00000000-5_utils.cpp4.ii ,  , nvcc , 183.3030 , ms
src/kernel/utils.cu , cudafe++ , /tmp/tmpxft_00079436_00000000-5_utils.cpp4.ii  , /tmp/tmpxft_00079436_00000000-6_utils.cudafe1.cpp , compute_52 , nvcc , 881.9180 , ms
src/kernel/utils.cu , gcc (preprocessing 1) , src/kernel/utils.cu  , /tmp/tmpxft_00079436_00000000-38_utils.cpp1.ii , compute_52 , nvcc , 154.4880 , ms
src/kernel/utils.cu , cicc ,  /tmp/tmpxft_00079436_00000000-38_utils.cpp1.ii  , /tmp/tmpxft_00079436_00000000-6_utils.ptx , compute_52 , nvcc , 819.1380 , ms
src/kernel/utils.cu , ptxas , /tmp/tmpxft_00079436_00000000-6_utils.ptx  , /tmp/tmpxft_00079436_00000000-39_utils.sm_52.cubin , sm_52 , nvcc , 117.4070 , ms
src/kernel/utils.cu , fatbinary , /tmp/tmpxft_00079436_00000000-39_utils.sm_52.cubin /tmp/tmpxft_00079436_00000000-6_utils.ptx  , /tmp/tmpxft_00079436_00000000-3_utils.fatbin ,  , nvcc , 17.8810 , ms
src/kernel/utils.cu , gcc (compiling) ,   , /tmp/tmpxft_00079436_00000000-40_utils.o , compute_52 , nvcc , 796.0050 , ms
src/forward/Kernel/layer_norm.cu , gcc (preprocessing 4) , src/forward/Kernel/layer_norm.cu  , /tmp/tmpxft_00079436_00000000-9_layer_norm.cpp4.ii ,  , nvcc , 184.2980 , ms
src/forward/Kernel/layer_norm.cu , cudafe++ , /tmp/tmpxft_00079436_00000000-9_layer_norm.cpp4.ii  , /tmp/tmpxft_00079436_00000000-10_layer_norm.cudafe1.cpp , compute_52 , nvcc , 855.8100 , ms
src/forward/Kernel/layer_norm.cu , gcc (preprocessing 1) , src/forward/Kernel/layer_norm.cu  , /tmp/tmpxft_00079436_00000000-41_layer_norm.cpp1.ii , compute_52 , nvcc , 155.9780 , ms
src/forward/Kernel/layer_norm.cu , cicc ,  /tmp/tmpxft_00079436_00000000-41_layer_norm.cpp1.ii  , /tmp/tmpxft_00079436_00000000-10_layer_norm.ptx , compute_52 , nvcc , 822.5310 , ms
src/forward/Kernel/layer_norm.cu , ptxas , /tmp/tmpxft_00079436_00000000-10_layer_norm.ptx  , /tmp/tmpxft_00079436_00000000-42_layer_norm.sm_52.cubin , sm_52 , nvcc , 134.7560 , ms
src/forward/Kernel/layer_norm.cu , fatbinary , /tmp/tmpxft_00079436_00000000-42_layer_norm.sm_52.cubin /tmp/tmpxft_00079436_00000000-10_layer_norm.ptx  , /tmp/tmpxft_00079436_00000000-7_layer_norm.fatbin ,  , nvcc , 15.7090 , ms
src/forward/Kernel/layer_norm.cu , gcc (compiling) ,   , /tmp/tmpxft_00079436_00000000-43_layer_norm.o , compute_52 , nvcc , 766.3300 , ms
src/forward/Kernel/embedding.cu , gcc (preprocessing 4) , src/forward/Kernel/embedding.cu  , /tmp/tmpxft_00079436_00000000-13_embedding.cpp4.ii ,  , nvcc , 191.3010 , ms
src/forward/Kernel/embedding.cu , cudafe++ , /tmp/tmpxft_00079436_00000000-13_embedding.cpp4.ii  , /tmp/tmpxft_00079436_00000000-14_embedding.cudafe1.cpp , compute_52 , nvcc , 864.5370 , ms
src/forward/Kernel/embedding.cu , gcc (preprocessing 1) , src/forward/Kernel/embedding.cu  , /tmp/tmpxft_00079436_00000000-44_embedding.cpp1.ii , compute_52 , nvcc , 160.6440 , ms
src/forward/Kernel/embedding.cu , cicc ,  /tmp/tmpxft_00079436_00000000-44_embedding.cpp1.ii  , /tmp/tmpxft_00079436_00000000-14_embedding.ptx , compute_52 , nvcc , 806.5620 , ms
src/forward/Kernel/embedding.cu , ptxas , /tmp/tmpxft_00079436_00000000-14_embedding.ptx  , /tmp/tmpxft_00079436_00000000-45_embedding.sm_52.cubin , sm_52 , nvcc , 128.9560 , ms
src/forward/Kernel/embedding.cu , fatbinary , /tmp/tmpxft_00079436_00000000-45_embedding.sm_52.cubin /tmp/tmpxft_00079436_00000000-14_embedding.ptx  , /tmp/tmpxft_00079436_00000000-11_embedding.fatbin ,  , nvcc , 17.7210 , ms
src/forward/Kernel/embedding.cu , gcc (compiling) ,   , /tmp/tmpxft_00079436_00000000-46_embedding.o , compute_52 , nvcc , 784.3170 , ms
src/forward/Kernel/linear.cu , gcc (preprocessing 4) , src/forward/Kernel/linear.cu  , /tmp/tmpxft_00079436_00000000-17_linear.cpp4.ii ,  , nvcc , 189.0830 , ms
src/forward/Kernel/linear.cu , cudafe++ , /tmp/tmpxft_00079436_00000000-17_linear.cpp4.ii  , /tmp/tmpxft_00079436_00000000-18_linear.cudafe1.cpp , compute_52 , nvcc , 846.9640 , ms
src/forward/Kernel/linear.cu , gcc (preprocessing 1) , src/forward/Kernel/linear.cu  , /tmp/tmpxft_00079436_00000000-47_linear.cpp1.ii , compute_52 , nvcc , 163.4620 , ms
src/forward/Kernel/linear.cu , cicc ,  /tmp/tmpxft_00079436_00000000-47_linear.cpp1.ii  , /tmp/tmpxft_00079436_00000000-18_linear.ptx , compute_52 , nvcc , 864.6750 , ms
src/forward/Kernel/linear.cu , ptxas , /tmp/tmpxft_00079436_00000000-18_linear.ptx  , /tmp/tmpxft_00079436_00000000-48_linear.sm_52.cubin , sm_52 , nvcc , 152.2290 , ms
src/forward/Kernel/linear.cu , fatbinary , /tmp/tmpxft_00079436_00000000-48_linear.sm_52.cubin /tmp/tmpxft_00079436_00000000-18_linear.ptx  , /tmp/tmpxft_00079436_00000000-15_linear.fatbin ,  , nvcc , 18.2490 , ms
src/forward/Kernel/linear.cu , gcc (compiling) ,   , /tmp/tmpxft_00079436_00000000-49_linear.o , compute_52 , nvcc , 751.4500 , ms
src/forward/Kernel/attention_head.cu , gcc (preprocessing 4) , src/forward/Kernel/attention_head.cu  , /tmp/tmpxft_00079436_00000000-21_attention_head.cpp4.ii ,  , nvcc , 197.0930 , ms
src/forward/Kernel/attention_head.cu , cudafe++ , /tmp/tmpxft_00079436_00000000-21_attention_head.cpp4.ii  , /tmp/tmpxft_00079436_00000000-22_attention_head.cudafe1.cpp , compute_52 , nvcc , 844.4060 , ms
src/forward/Kernel/attention_head.cu , gcc (preprocessing 1) , src/forward/Kernel/attention_head.cu  , /tmp/tmpxft_00079436_00000000-50_attention_head.cpp1.ii , compute_52 , nvcc , 162.0530 , ms
src/forward/Kernel/attention_head.cu , cicc ,  /tmp/tmpxft_00079436_00000000-50_attention_head.cpp1.ii  , /tmp/tmpxft_00079436_00000000-22_attention_head.ptx , compute_52 , nvcc , 823.7550 , ms
src/forward/Kernel/attention_head.cu , ptxas , /tmp/tmpxft_00079436_00000000-22_attention_head.ptx  , /tmp/tmpxft_00079436_00000000-51_attention_head.sm_52.cubin , sm_52 , nvcc , 162.5220 , ms
src/forward/Kernel/attention_head.cu , fatbinary , /tmp/tmpxft_00079436_00000000-51_attention_head.sm_52.cubin /tmp/tmpxft_00079436_00000000-22_attention_head.ptx  , /tmp/tmpxft_00079436_00000000-19_attention_head.fatbin ,  , nvcc , 19.2930 , ms
src/forward/Kernel/attention_head.cu , gcc (compiling) ,   , /tmp/tmpxft_00079436_00000000-52_attention_head.o , compute_52 , nvcc , 789.1040 , ms
src/forward/Kernel/interface.cu , gcc (preprocessing 4) , src/forward/Kernel/interface.cu  , /tmp/tmpxft_00079436_00000000-25_interface.cpp4.ii ,  , nvcc , 184.7510 , ms
src/forward/Kernel/interface.cu , cudafe++ , /tmp/tmpxft_00079436_00000000-25_interface.cpp4.ii  , /tmp/tmpxft_00079436_00000000-26_interface.cudafe1.cpp , compute_52 , nvcc , 911.5320 , ms
src/forward/Kernel/interface.cu , gcc (preprocessing 1) , src/forward/Kernel/interface.cu  , /tmp/tmpxft_00079436_00000000-53_interface.cpp1.ii , compute_52 , nvcc , 159.2170 , ms
src/forward/Kernel/interface.cu , cicc ,  /tmp/tmpxft_00079436_00000000-53_interface.cpp1.ii  , /tmp/tmpxft_00079436_00000000-26_interface.ptx , compute_52 , nvcc , 784.0290 , ms
src/forward/Kernel/interface.cu , ptxas , /tmp/tmpxft_00079436_00000000-26_interface.ptx  , /tmp/tmpxft_00079436_00000000-54_interface.sm_52.cubin , sm_52 , nvcc , 114.0390 , ms
src/forward/Kernel/interface.cu , fatbinary , /tmp/tmpxft_00079436_00000000-54_interface.sm_52.cubin /tmp/tmpxft_00079436_00000000-26_interface.ptx  , /tmp/tmpxft_00079436_00000000-23_interface.fatbin ,  , nvcc , 16.5820 , ms
src/forward/Kernel/interface.cu , gcc (compiling) ,   , /tmp/tmpxft_00079436_00000000-55_interface.o , compute_52 , nvcc , 767.4010 , ms
src/backpropagation/Kernel/interface_back.cu , gcc (preprocessing 4) , src/backpropagation/Kernel/interface_back.cu  , /tmp/tmpxft_00079436_00000000-29_interface_back.cpp4.ii ,  , nvcc , 282.7400 , ms
src/backpropagation/Kernel/interface_back.cu , cudafe++ , /tmp/tmpxft_00079436_00000000-29_interface_back.cpp4.ii  , /tmp/tmpxft_00079436_00000000-30_interface_back.cudafe1.cpp , compute_52 , nvcc , 2153.5410 , ms
src/backpropagation/Kernel/interface_back.cu , gcc (preprocessing 1) , src/backpropagation/Kernel/interface_back.cu  , /tmp/tmpxft_00079436_00000000-56_interface_back.cpp1.ii , compute_52 , nvcc , 256.8470 , ms
src/backpropagation/Kernel/interface_back.cu , cicc ,  /tmp/tmpxft_00079436_00000000-56_interface_back.cpp1.ii  , /tmp/tmpxft_00079436_00000000-30_interface_back.ptx , compute_52 , nvcc , 2471.4241 , ms
src/backpropagation/Kernel/interface_back.cu , ptxas , /tmp/tmpxft_00079436_00000000-30_interface_back.ptx  , /tmp/tmpxft_00079436_00000000-57_interface_back.sm_52.cubin , sm_52 , nvcc , 138.0330 , ms
src/backpropagation/Kernel/interface_back.cu , fatbinary , /tmp/tmpxft_00079436_00000000-57_interface_back.sm_52.cubin /tmp/tmpxft_00079436_00000000-30_interface_back.ptx  , /tmp/tmpxft_00079436_00000000-27_interface_back.fatbin ,  , nvcc , 17.2920 , ms
src/backpropagation/Kernel/interface_back.cu , gcc (compiling) ,   , /tmp/tmpxft_00079436_00000000-58_interface_back.o , compute_52 , nvcc , 2137.3579 , ms
src/backpropagation/Kernel/flash_attention.cu , gcc (preprocessing 4) , src/backpropagation/Kernel/flash_attention.cu  , /tmp/tmpxft_00079436_00000000-33_flash_attention.cpp4.ii ,  , nvcc , 189.2980 , ms
src/backpropagation/Kernel/flash_attention.cu , cudafe++ , /tmp/tmpxft_00079436_00000000-33_flash_attention.cpp4.ii  , /tmp/tmpxft_00079436_00000000-34_flash_attention.cudafe1.cpp , compute_52 , nvcc , 868.0500 , ms
src/backpropagation/Kernel/flash_attention.cu , gcc (preprocessing 1) , src/backpropagation/Kernel/flash_attention.cu  , /tmp/tmpxft_00079436_00000000-59_flash_attention.cpp1.ii , compute_52 , nvcc , 150.4510 , ms
src/backpropagation/Kernel/flash_attention.cu , cicc ,  /tmp/tmpxft_00079436_00000000-59_flash_attention.cpp1.ii  , /tmp/tmpxft_00079436_00000000-34_flash_attention.ptx , compute_52 , nvcc , 836.4940 , ms
src/backpropagation/Kernel/flash_attention.cu , ptxas , /tmp/tmpxft_00079436_00000000-34_flash_attention.ptx  , /tmp/tmpxft_00079436_00000000-60_flash_attention.sm_52.cubin , sm_52 , nvcc , 138.2520 , ms
src/backpropagation/Kernel/flash_attention.cu , fatbinary , /tmp/tmpxft_00079436_00000000-60_flash_attention.sm_52.cubin /tmp/tmpxft_00079436_00000000-34_flash_attention.ptx  , /tmp/tmpxft_00079436_00000000-31_flash_attention.fatbin ,  , nvcc , 16.9190 , ms
src/backpropagation/Kernel/flash_attention.cu , gcc (compiling) ,   , /tmp/tmpxft_00079436_00000000-61_flash_attention.o , compute_52 , nvcc , 776.8630 , ms
src/main.cpp src/kernel/utils.cu src/forward/Kernel/layer_norm.cu src/forward/Kernel/embedding.cu src/forward/Kernel/linear.cu src/forward/Kernel/attention_head.cu src/forward/Kernel/interface.cu src/backpropagation/Kernel/interface_back.cu src/backpropagation/Kernel/flash_attention.cu  , nvlink , /tmp/tmpxft_00079436_00000000-37_main.o /tmp/tmpxft_00079436_00000000-40_utils.o /tmp/tmpxft_00079436_00000000-43_layer_norm.o /tmp/tmpxft_00079436_00000000-46_embedding.o /tmp/tmpxft_00079436_00000000-49_linear.o /tmp/tmpxft_00079436_00000000-52_attention_head.o /tmp/tmpxft_00079436_00000000-55_interface.o /tmp/tmpxft_00079436_00000000-58_interface_back.o /tmp/tmpxft_00079436_00000000-61_flash_attention.o  , /tmp/tmpxft_00079436_00000000-62_attention_dlink.sm_52.cubin , sm_52 , nvcc , 6.9500 , ms
src/main.cpp src/kernel/utils.cu src/forward/Kernel/layer_norm.cu src/forward/Kernel/embedding.cu src/forward/Kernel/linear.cu src/forward/Kernel/attention_head.cu src/forward/Kernel/interface.cu src/backpropagation/Kernel/interface_back.cu src/backpropagation/Kernel/flash_attention.cu  , fatbinary , /tmp/tmpxft_00079436_00000000-62_attention_dlink.sm_52.cubin  , /tmp/tmpxft_00079436_00000000-36_attention_dlink.fatbin ,  , nvcc , 1.5600 , ms
src/main.cpp src/kernel/utils.cu src/forward/Kernel/layer_norm.cu src/forward/Kernel/embedding.cu src/forward/Kernel/linear.cu src/forward/Kernel/attention_head.cu src/forward/Kernel/interface.cu src/backpropagation/Kernel/interface_back.cu src/backpropagation/Kernel/flash_attention.cu  , gcc (compiling) , /usr/lib/nvidia-cuda-toolkit/bin/crt/link.stub  , /tmp/tmpxft_00079436_00000000-63_attention_dlink.o ,  , nvcc , 20.0860 , ms
src/main.cpp src/kernel/utils.cu src/forward/Kernel/layer_norm.cu src/forward/Kernel/embedding.cu src/forward/Kernel/linear.cu src/forward/Kernel/attention_head.cu src/forward/Kernel/interface.cu src/backpropagation/Kernel/interface_back.cu src/backpropagation/Kernel/flash_attention.cu  , gcc (linking) , /tmp/tmpxft_00079436_00000000-63_attention_dlink.o /tmp/tmpxft_00079436_00000000-37_main.o /tmp/tmpxft_00079436_00000000-40_utils.o /tmp/tmpxft_00079436_00000000-43_layer_norm.o /tmp/tmpxft_00079436_00000000-46_embedding.o /tmp/tmpxft_00079436_00000000-49_linear.o /tmp/tmpxft_00079436_00000000-52_attention_head.o /tmp/tmpxft_00079436_00000000-55_interface.o /tmp/tmpxft_00079436_00000000-58_interface_back.o /tmp/tmpxft_00079436_00000000-61_flash_attention.o  , src/bin/attention ,  , nvcc , 101.1990 , ms
 , nvcc (driver) ,  , src/bin/attention ,  , nvcc , 4.0430 , ms
src/main.cpp , gcc (compiling) , src/main.cpp  , /tmp/tmpxft_000795dd_00000000-37_main.o ,  , nvcc , 3378.5459 , ms
src/kernel/utils.cu , gcc (preprocessing 4) , src/kernel/utils.cu  , /tmp/tmpxft_000795dd_00000000-5_utils.cpp4.ii ,  , nvcc , 196.0560 , ms
src/kernel/utils.cu , cudafe++ , /tmp/tmpxft_000795dd_00000000-5_utils.cpp4.ii  , /tmp/tmpxft_000795dd_00000000-6_utils.cudafe1.cpp , compute_52 , nvcc , 868.7120 , ms
src/kernel/utils.cu , gcc (preprocessing 1) , src/kernel/utils.cu  , /tmp/tmpxft_000795dd_00000000-38_utils.cpp1.ii , compute_52 , nvcc , 162.9740 , ms
src/kernel/utils.cu , cicc ,  /tmp/tmpxft_000795dd_00000000-38_utils.cpp1.ii  , /tmp/tmpxft_000795dd_00000000-6_utils.ptx , compute_52 , nvcc , 800.1740 , ms
src/kernel/utils.cu , ptxas , /tmp/tmpxft_000795dd_00000000-6_utils.ptx  , /tmp/tmpxft_000795dd_00000000-39_utils.sm_52.cubin , sm_52 , nvcc , 117.5350 , ms
src/kernel/utils.cu , fatbinary , /tmp/tmpxft_000795dd_00000000-39_utils.sm_52.cubin /tmp/tmpxft_000795dd_00000000-6_utils.ptx  , /tmp/tmpxft_000795dd_00000000-3_utils.fatbin ,  , nvcc , 16.5280 , ms
src/kernel/utils.cu , gcc (compiling) ,   , /tmp/tmpxft_000795dd_00000000-40_utils.o , compute_52 , nvcc , 783.8530 , ms
src/forward/Kernel/layer_norm.cu , gcc (preprocessing 4) , src/forward/Kernel/layer_norm.cu  , /tmp/tmpxft_000795dd_00000000-9_layer_norm.cpp4.ii ,  , nvcc , 190.3370 , ms
src/forward/Kernel/layer_norm.cu , cudafe++ , /tmp/tmpxft_000795dd_00000000-9_layer_norm.cpp4.ii  , /tmp/tmpxft_000795dd_00000000-10_layer_norm.cudafe1.cpp , compute_52 , nvcc , 842.4190 , ms
src/forward/Kernel/layer_norm.cu , gcc (preprocessing 1) , src/forward/Kernel/layer_norm.cu  , /tmp/tmpxft_000795dd_00000000-41_layer_norm.cpp1.ii , compute_52 , nvcc , 160.3070 , ms
src/forward/Kernel/layer_norm.cu , cicc ,  /tmp/tmpxft_000795dd_00000000-41_layer_norm.cpp1.ii  , /tmp/tmpxft_000795dd_00000000-10_layer_norm.ptx , compute_52 , nvcc , 804.5600 , ms
src/forward/Kernel/layer_norm.cu , ptxas , /tmp/tmpxft_000795dd_00000000-10_layer_norm.ptx  , /tmp/tmpxft_000795dd_00000000-42_layer_norm.sm_52.cubin , sm_52 , nvcc , 128.7550 , ms
src/forward/Kernel/layer_norm.cu , fatbinary , /tmp/tmpxft_000795dd_00000000-42_layer_norm.sm_52.cubin /tmp/tmpxft_000795dd_00000000-10_layer_norm.ptx  , /tmp/tmpxft_000795dd_00000000-7_layer_norm.fatbin ,  , nvcc , 17.2800 , ms
src/forward/Kernel/layer_norm.cu , gcc (compiling) ,   , /tmp/tmpxft_000795dd_00000000-43_layer_norm.o , compute_52 , nvcc , 777.8570 , ms
src/forward/Kernel/embedding.cu , gcc (preprocessing 4) , src/forward/Kernel/embedding.cu  , /tmp/tmpxft_000795dd_00000000-13_embedding.cpp4.ii ,  , nvcc , 189.2600 , ms
src/forward/Kernel/embedding.cu , cudafe++ , /tmp/tmpxft_000795dd_00000000-13_embedding.cpp4.ii  , /tmp/tmpxft_000795dd_00000000-14_embedding.cudafe1.cpp , compute_52 , nvcc , 851.8310 , ms
src/forward/Kernel/embedding.cu , gcc (preprocessing 1) , src/forward/Kernel/embedding.cu  , /tmp/tmpxft_000795dd_00000000-44_embedding.cpp1.ii , compute_52 , nvcc , 156.2000 , ms
src/forward/Kernel/embedding.cu , cicc ,  /tmp/tmpxft_000795dd_00000000-44_embedding.cpp1.ii  , /tmp/tmpxft_000795dd_00000000-14_embedding.ptx , compute_52 , nvcc , 799.0460 , ms
src/forward/Kernel/embedding.cu , ptxas , /tmp/tmpxft_000795dd_00000000-14_embedding.ptx  , /tmp/tmpxft_000795dd_00000000-45_embedding.sm_52.cubin , sm_52 , nvcc , 130.9170 , ms
src/forward/Kernel/embedding.cu , fatbinary , /tmp/tmpxft_000795dd_00000000-45_embedding.sm_52.cubin /tmp/tmpxft_000795dd_00000000-14_embedding.ptx  , /tmp/tmpxft_000795dd_00000000-11_embedding.fatbin ,  , nvcc , 16.7940 , ms
src/forward/Kernel/embedding.cu , gcc (compiling) ,   , /tmp/tmpxft_000795dd_00000000-46_embedding.o , compute_52 , nvcc , 774.1180 , ms
src/forward/Kernel/linear.cu , gcc (preprocessing 4) , src/forward/Kernel/linear.cu  , /tmp/tmpxft_000795dd_00000000-17_linear.cpp4.ii ,  , nvcc , 187.9910 , ms
src/forward/Kernel/linear.cu , cudafe++ , /tmp/tmpxft_000795dd_00000000-17_linear.cpp4.ii  , /tmp/tmpxft_000795dd_00000000-18_linear.cudafe1.cpp , compute_52 , nvcc , 857.5230 , ms
src/forward/Kernel/linear.cu , gcc (preprocessing 1) , src/forward/Kernel/linear.cu  , /tmp/tmpxft_000795dd_00000000-47_linear.cpp1.ii , compute_52 , nvcc , 157.7440 , ms
src/forward/Kernel/linear.cu , cicc ,  /tmp/tmpxft_000795dd_00000000-47_linear.cpp1.ii  , /tmp/tmpxft_000795dd_00000000-18_linear.ptx , compute_52 , nvcc , 877.6630 , ms
src/forward/Kernel/linear.cu , ptxas , /tmp/tmpxft_000795dd_00000000-18_linear.ptx  , /tmp/tmpxft_000795dd_00000000-48_linear.sm_52.cubin , sm_52 , nvcc , 142.8970 , ms
src/forward/Kernel/linear.cu , fatbinary , /tmp/tmpxft_000795dd_00000000-48_linear.sm_52.cubin /tmp/tmpxft_000795dd_00000000-18_linear.ptx  , /tmp/tmpxft_000795dd_00000000-15_linear.fatbin ,  , nvcc , 16.3370 , ms
src/forward/Kernel/linear.cu , gcc (compiling) ,   , /tmp/tmpxft_000795dd_00000000-49_linear.o , compute_52 , nvcc , 808.1470 , ms
src/forward/Kernel/attention_head.cu , gcc (preprocessing 4) , src/forward/Kernel/attention_head.cu  , /tmp/tmpxft_000795dd_00000000-21_attention_head.cpp4.ii ,  , nvcc , 188.3510 , ms
src/forward/Kernel/attention_head.cu , cudafe++ , /tmp/tmpxft_000795dd_00000000-21_attention_head.cpp4.ii  , /tmp/tmpxft_000795dd_00000000-22_attention_head.cudafe1.cpp , compute_52 , nvcc , 864.9410 , ms
src/forward/Kernel/attention_head.cu , gcc (preprocessing 1) , src/forward/Kernel/attention_head.cu  , /tmp/tmpxft_000795dd_00000000-50_attention_head.cpp1.ii , compute_52 , nvcc , 162.5050 , ms
src/forward/Kernel/attention_head.cu , cicc ,  /tmp/tmpxft_000795dd_00000000-50_attention_head.cpp1.ii  , /tmp/tmpxft_000795dd_00000000-22_attention_head.ptx , compute_52 , nvcc , 845.1340 , ms
src/forward/Kernel/attention_head.cu , ptxas , /tmp/tmpxft_000795dd_00000000-22_attention_head.ptx  , /tmp/tmpxft_000795dd_00000000-51_attention_head.sm_52.cubin , sm_52 , nvcc , 161.4230 , ms
src/forward/Kernel/attention_head.cu , fatbinary , /tmp/tmpxft_000795dd_00000000-51_attention_head.sm_52.cubin /tmp/tmpxft_000795dd_00000000-22_attention_head.ptx  , /tmp/tmpxft_000795dd_00000000-19_attention_head.fatbin ,  , nvcc , 20.3690 , ms
src/forward/Kernel/attention_head.cu , gcc (compiling) ,   , /tmp/tmpxft_000795dd_00000000-52_attention_head.o , compute_52 , nvcc , 805.9540 , ms
src/forward/Kernel/interface.cu , gcc (preprocessing 4) , src/forward/Kernel/interface.cu  , /tmp/tmpxft_000795dd_00000000-25_interface.cpp4.ii ,  , nvcc , 182.0220 , ms
src/forward/Kernel/interface.cu , cudafe++ , /tmp/tmpxft_000795dd_00000000-25_interface.cpp4.ii  , /tmp/tmpxft_000795dd_00000000-26_interface.cudafe1.cpp , compute_52 , nvcc , 867.6110 , ms
src/forward/Kernel/interface.cu , gcc (preprocessing 1) , src/forward/Kernel/interface.cu  , /tmp/tmpxft_000795dd_00000000-53_interface.cpp1.ii , compute_52 , nvcc , 159.0360 , ms
src/forward/Kernel/interface.cu , cicc ,  /tmp/tmpxft_000795dd_00000000-53_interface.cpp1.ii  , /tmp/tmpxft_000795dd_00000000-26_interface.ptx , compute_52 , nvcc , 795.0970 , ms
src/forward/Kernel/interface.cu , ptxas , /tmp/tmpxft_000795dd_00000000-26_interface.ptx  , /tmp/tmpxft_000795dd_00000000-54_interface.sm_52.cubin , sm_52 , nvcc , 112.2560 , ms
src/forward/Kernel/interface.cu , fatbinary , /tmp/tmpxft_000795dd_00000000-54_interface.sm_52.cubin /tmp/tmpxft_000795dd_00000000-26_interface.ptx  , /tmp/tmpxft_000795dd_00000000-23_interface.fatbin ,  , nvcc , 18.4750 , ms
src/forward/Kernel/interface.cu , gcc (compiling) ,   , /tmp/tmpxft_000795dd_00000000-55_interface.o , compute_52 , nvcc , 787.0500 , ms
src/backpropagation/Kernel/interface_back.cu , gcc (preprocessing 4) , src/backpropagation/Kernel/interface_back.cu  , /tmp/tmpxft_000795dd_00000000-29_interface_back.cpp4.ii ,  , nvcc , 270.5130 , ms
src/backpropagation/Kernel/interface_back.cu , cudafe++ , /tmp/tmpxft_000795dd_00000000-29_interface_back.cpp4.ii  , /tmp/tmpxft_000795dd_00000000-30_interface_back.cudafe1.cpp , compute_52 , nvcc , 2056.2949 , ms
src/backpropagation/Kernel/interface_back.cu , gcc (preprocessing 1) , src/backpropagation/Kernel/interface_back.cu  , /tmp/tmpxft_000795dd_00000000-56_interface_back.cpp1.ii , compute_52 , nvcc , 247.4150 , ms
src/backpropagation/Kernel/interface_back.cu , cicc ,  /tmp/tmpxft_000795dd_00000000-56_interface_back.cpp1.ii  , /tmp/tmpxft_000795dd_00000000-30_interface_back.ptx , compute_52 , nvcc , 2481.7681 , ms
src/backpropagation/Kernel/interface_back.cu , ptxas , /tmp/tmpxft_000795dd_00000000-30_interface_back.ptx  , /tmp/tmpxft_000795dd_00000000-57_interface_back.sm_52.cubin , sm_52 , nvcc , 130.8660 , ms
src/backpropagation/Kernel/interface_back.cu , fatbinary , /tmp/tmpxft_000795dd_00000000-57_interface_back.sm_52.cubin /tmp/tmpxft_000795dd_00000000-30_interface_back.ptx  , /tmp/tmpxft_000795dd_00000000-27_interface_back.fatbin ,  , nvcc , 24.1810 , ms
src/backpropagation/Kernel/interface_back.cu , gcc (compiling) ,   , /tmp/tmpxft_000795dd_00000000-58_interface_back.o , compute_52 , nvcc , 2105.5039 , ms
src/backpropagation/Kernel/flash_attention.cu , gcc (preprocessing 4) , src/backpropagation/Kernel/flash_attention.cu  , /tmp/tmpxft_000795dd_00000000-33_flash_attention.cpp4.ii ,  , nvcc , 241.1990 , ms
src/backpropagation/Kernel/flash_attention.cu , cudafe++ , /tmp/tmpxft_000795dd_00000000-33_flash_attention.cpp4.ii  , /tmp/tmpxft_000795dd_00000000-34_flash_attention.cudafe1.cpp , compute_52 , nvcc , 871.1890 , ms
src/backpropagation/Kernel/flash_attention.cu , gcc (preprocessing 1) , src/backpropagation/Kernel/flash_attention.cu  , /tmp/tmpxft_000795dd_00000000-59_flash_attention.cpp1.ii , compute_52 , nvcc , 171.3650 , ms
src/backpropagation/Kernel/flash_attention.cu , cicc ,  /tmp/tmpxft_000795dd_00000000-59_flash_attention.cpp1.ii  , /tmp/tmpxft_000795dd_00000000-34_flash_attention.ptx , compute_52 , nvcc , 823.0640 , ms
src/backpropagation/Kernel/flash_attention.cu , ptxas , /tmp/tmpxft_000795dd_00000000-34_flash_attention.ptx  , /tmp/tmpxft_000795dd_00000000-60_flash_attention.sm_52.cubin , sm_52 , nvcc , 168.7420 , ms
src/backpropagation/Kernel/flash_attention.cu , fatbinary , /tmp/tmpxft_000795dd_00000000-60_flash_attention.sm_52.cubin /tmp/tmpxft_000795dd_00000000-34_flash_attention.ptx  , /tmp/tmpxft_000795dd_00000000-31_flash_attention.fatbin ,  , nvcc , 17.0670 , ms
src/backpropagation/Kernel/flash_attention.cu , gcc (compiling) ,   , /tmp/tmpxft_000795dd_00000000-61_flash_attention.o , compute_52 , nvcc , 762.1640 , ms
src/main.cpp src/kernel/utils.cu src/forward/Kernel/layer_norm.cu src/forward/Kernel/embedding.cu src/forward/Kernel/linear.cu src/forward/Kernel/attention_head.cu src/forward/Kernel/interface.cu src/backpropagation/Kernel/interface_back.cu src/backpropagation/Kernel/flash_attention.cu  , nvlink , /tmp/tmpxft_000795dd_00000000-37_main.o /tmp/tmpxft_000795dd_00000000-40_utils.o /tmp/tmpxft_000795dd_00000000-43_layer_norm.o /tmp/tmpxft_000795dd_00000000-46_embedding.o /tmp/tmpxft_000795dd_00000000-49_linear.o /tmp/tmpxft_000795dd_00000000-52_attention_head.o /tmp/tmpxft_000795dd_00000000-55_interface.o /tmp/tmpxft_000795dd_00000000-58_interface_back.o /tmp/tmpxft_000795dd_00000000-61_flash_attention.o  , /tmp/tmpxft_000795dd_00000000-62_attention_dlink.sm_52.cubin , sm_52 , nvcc , 6.4320 , ms
src/main.cpp src/kernel/utils.cu src/forward/Kernel/layer_norm.cu src/forward/Kernel/embedding.cu src/forward/Kernel/linear.cu src/forward/Kernel/attention_head.cu src/forward/Kernel/interface.cu src/backpropagation/Kernel/interface_back.cu src/backpropagation/Kernel/flash_attention.cu  , fatbinary , /tmp/tmpxft_000795dd_00000000-62_attention_dlink.sm_52.cubin  , /tmp/tmpxft_000795dd_00000000-36_attention_dlink.fatbin ,  , nvcc , 1.3740 , ms
src/main.cpp src/kernel/utils.cu src/forward/Kernel/layer_norm.cu src/forward/Kernel/embedding.cu src/forward/Kernel/linear.cu src/forward/Kernel/attention_head.cu src/forward/Kernel/interface.cu src/backpropagation/Kernel/interface_back.cu src/backpropagation/Kernel/flash_attention.cu  , gcc (compiling) , /usr/lib/nvidia-cuda-toolkit/bin/crt/link.stub  , /tmp/tmpxft_000795dd_00000000-63_attention_dlink.o ,  , nvcc , 17.9110 , ms
src/main.cpp src/kernel/utils.cu src/forward/Kernel/layer_norm.cu src/forward/Kernel/embedding.cu src/forward/Kernel/linear.cu src/forward/Kernel/attention_head.cu src/forward/Kernel/interface.cu src/backpropagation/Kernel/interface_back.cu src/backpropagation/Kernel/flash_attention.cu  , gcc (linking) , /tmp/tmpxft_000795dd_00000000-63_attention_dlink.o /tmp/tmpxft_000795dd_00000000-37_main.o /tmp/tmpxft_000795dd_00000000-40_utils.o /tmp/tmpxft_000795dd_00000000-43_layer_norm.o /tmp/tmpxft_000795dd_00000000-46_embedding.o /tmp/tmpxft_000795dd_00000000-49_linear.o /tmp/tmpxft_000795dd_00000000-52_attention_head.o /tmp/tmpxft_000795dd_00000000-55_interface.o /tmp/tmpxft_000795dd_00000000-58_interface_back.o /tmp/tmpxft_000795dd_00000000-61_flash_attention.o  , src/bin/attention ,  , nvcc , 106.6530 , ms
 , nvcc (driver) ,  , src/bin/attention ,  , nvcc , 4.1641 , ms
src/main.cpp , gcc (compiling) , src/main.cpp  , /tmp/tmpxft_00079cc6_00000000-37_main.o ,  , nvcc , 4341.2969 , ms
src/kernel/utils.cu , gcc (preprocessing 4) , src/kernel/utils.cu  , /tmp/tmpxft_00079cc6_00000000-5_utils.cpp4.ii ,  , nvcc , 189.7540 , ms
src/kernel/utils.cu , cudafe++ , /tmp/tmpxft_00079cc6_00000000-5_utils.cpp4.ii  , /tmp/tmpxft_00079cc6_00000000-6_utils.cudafe1.cpp , compute_52 , nvcc , 914.1490 , ms
src/kernel/utils.cu , gcc (preprocessing 1) , src/kernel/utils.cu  , /tmp/tmpxft_00079cc6_00000000-38_utils.cpp1.ii , compute_52 , nvcc , 164.4910 , ms
src/kernel/utils.cu , cicc ,  /tmp/tmpxft_00079cc6_00000000-38_utils.cpp1.ii  , /tmp/tmpxft_00079cc6_00000000-6_utils.ptx , compute_52 , nvcc , 830.2450 , ms
src/kernel/utils.cu , ptxas , /tmp/tmpxft_00079cc6_00000000-6_utils.ptx  , /tmp/tmpxft_00079cc6_00000000-39_utils.sm_52.cubin , sm_52 , nvcc , 118.0130 , ms
src/kernel/utils.cu , fatbinary , /tmp/tmpxft_00079cc6_00000000-39_utils.sm_52.cubin /tmp/tmpxft_00079cc6_00000000-6_utils.ptx  , /tmp/tmpxft_00079cc6_00000000-3_utils.fatbin ,  , nvcc , 18.9590 , ms
src/kernel/utils.cu , gcc (compiling) ,   , /tmp/tmpxft_00079cc6_00000000-40_utils.o , compute_52 , nvcc , 965.7620 , ms
src/forward/Kernel/layer_norm.cu , gcc (preprocessing 4) , src/forward/Kernel/layer_norm.cu  , /tmp/tmpxft_00079cc6_00000000-9_layer_norm.cpp4.ii ,  , nvcc , 290.2870 , ms
src/forward/Kernel/layer_norm.cu , cudafe++ , /tmp/tmpxft_00079cc6_00000000-9_layer_norm.cpp4.ii  , /tmp/tmpxft_00079cc6_00000000-10_layer_norm.cudafe1.cpp , compute_52 , nvcc , 1334.3090 , ms
src/forward/Kernel/layer_norm.cu , gcc (preprocessing 1) , src/forward/Kernel/layer_norm.cu  , /tmp/tmpxft_00079cc6_00000000-41_layer_norm.cpp1.ii , compute_52 , nvcc , 191.9690 , ms
src/forward/Kernel/layer_norm.cu , cicc ,  /tmp/tmpxft_00079cc6_00000000-41_layer_norm.cpp1.ii  , /tmp/tmpxft_00079cc6_00000000-10_layer_norm.ptx , compute_52 , nvcc , 912.5580 , ms
src/forward/Kernel/layer_norm.cu , ptxas , /tmp/tmpxft_00079cc6_00000000-10_layer_norm.ptx  , /tmp/tmpxft_00079cc6_00000000-42_layer_norm.sm_52.cubin , sm_52 , nvcc , 140.0730 , ms
src/forward/Kernel/layer_norm.cu , fatbinary , /tmp/tmpxft_00079cc6_00000000-42_layer_norm.sm_52.cubin /tmp/tmpxft_00079cc6_00000000-10_layer_norm.ptx  , /tmp/tmpxft_00079cc6_00000000-7_layer_norm.fatbin ,  , nvcc , 21.5220 , ms
src/forward/Kernel/layer_norm.cu , gcc (compiling) ,   , /tmp/tmpxft_00079cc6_00000000-43_layer_norm.o , compute_52 , nvcc , 796.0630 , ms
src/forward/Kernel/embedding.cu , gcc (preprocessing 4) , src/forward/Kernel/embedding.cu  , /tmp/tmpxft_00079cc6_00000000-13_embedding.cpp4.ii ,  , nvcc , 196.0200 , ms
src/forward/Kernel/embedding.cu , cudafe++ , /tmp/tmpxft_00079cc6_00000000-13_embedding.cpp4.ii  , /tmp/tmpxft_00079cc6_00000000-14_embedding.cudafe1.cpp , compute_52 , nvcc , 892.8820 , ms
src/forward/Kernel/embedding.cu , gcc (preprocessing 1) , src/forward/Kernel/embedding.cu  , /tmp/tmpxft_00079cc6_00000000-44_embedding.cpp1.ii , compute_52 , nvcc , 177.9240 , ms
src/forward/Kernel/embedding.cu , cicc ,  /tmp/tmpxft_00079cc6_00000000-44_embedding.cpp1.ii  , /tmp/tmpxft_00079cc6_00000000-14_embedding.ptx , compute_52 , nvcc , 815.4410 , ms
src/forward/Kernel/embedding.cu , ptxas , /tmp/tmpxft_00079cc6_00000000-14_embedding.ptx  , /tmp/tmpxft_00079cc6_00000000-45_embedding.sm_52.cubin , sm_52 , nvcc , 125.7560 , ms
src/forward/Kernel/embedding.cu , fatbinary , /tmp/tmpxft_00079cc6_00000000-45_embedding.sm_52.cubin /tmp/tmpxft_00079cc6_00000000-14_embedding.ptx  , /tmp/tmpxft_00079cc6_00000000-11_embedding.fatbin ,  , nvcc , 16.1730 , ms
src/forward/Kernel/embedding.cu , gcc (compiling) ,   , /tmp/tmpxft_00079cc6_00000000-46_embedding.o , compute_52 , nvcc , 805.4000 , ms
src/forward/Kernel/linear.cu , gcc (preprocessing 4) , src/forward/Kernel/linear.cu  , /tmp/tmpxft_00079cc6_00000000-17_linear.cpp4.ii ,  , nvcc , 203.0230 , ms
src/forward/Kernel/linear.cu , cudafe++ , /tmp/tmpxft_00079cc6_00000000-17_linear.cpp4.ii  , /tmp/tmpxft_00079cc6_00000000-18_linear.cudafe1.cpp , compute_52 , nvcc , 901.4790 , ms
src/forward/Kernel/linear.cu , gcc (preprocessing 1) , src/forward/Kernel/linear.cu  , /tmp/tmpxft_00079cc6_00000000-47_linear.cpp1.ii , compute_52 , nvcc , 192.6070 , ms
src/forward/Kernel/linear.cu , cicc ,  /tmp/tmpxft_00079cc6_00000000-47_linear.cpp1.ii  , /tmp/tmpxft_00079cc6_00000000-18_linear.ptx , compute_52 , nvcc , 860.7250 , ms
src/forward/Kernel/linear.cu , ptxas , /tmp/tmpxft_00079cc6_00000000-18_linear.ptx  , /tmp/tmpxft_00079cc6_00000000-48_linear.sm_52.cubin , sm_52 , nvcc , 148.9150 , ms
src/forward/Kernel/linear.cu , fatbinary , /tmp/tmpxft_00079cc6_00000000-48_linear.sm_52.cubin /tmp/tmpxft_00079cc6_00000000-18_linear.ptx  , /tmp/tmpxft_00079cc6_00000000-15_linear.fatbin ,  , nvcc , 16.9560 , ms
src/forward/Kernel/linear.cu , gcc (compiling) ,   , /tmp/tmpxft_00079cc6_00000000-49_linear.o , compute_52 , nvcc , 783.7760 , ms
src/forward/Kernel/attention_head.cu , gcc (preprocessing 4) , src/forward/Kernel/attention_head.cu  , /tmp/tmpxft_00079cc6_00000000-21_attention_head.cpp4.ii ,  , nvcc , 182.7240 , ms
src/forward/Kernel/attention_head.cu , cudafe++ , /tmp/tmpxft_00079cc6_00000000-21_attention_head.cpp4.ii  , /tmp/tmpxft_00079cc6_00000000-22_attention_head.cudafe1.cpp , compute_52 , nvcc , 857.4170 , ms
src/forward/Kernel/attention_head.cu , gcc (preprocessing 1) , src/forward/Kernel/attention_head.cu  , /tmp/tmpxft_00079cc6_00000000-50_attention_head.cpp1.ii , compute_52 , nvcc , 158.1460 , ms
src/forward/Kernel/attention_head.cu , cicc ,  /tmp/tmpxft_00079cc6_00000000-50_attention_head.cpp1.ii  , /tmp/tmpxft_00079cc6_00000000-22_attention_head.ptx , compute_52 , nvcc , 849.8740 , ms
src/forward/Kernel/attention_head.cu , ptxas , /tmp/tmpxft_00079cc6_00000000-22_attention_head.ptx  , /tmp/tmpxft_00079cc6_00000000-51_attention_head.sm_52.cubin , sm_52 , nvcc , 155.2260 , ms
src/forward/Kernel/attention_head.cu , fatbinary , /tmp/tmpxft_00079cc6_00000000-51_attention_head.sm_52.cubin /tmp/tmpxft_00079cc6_00000000-22_attention_head.ptx  , /tmp/tmpxft_00079cc6_00000000-19_attention_head.fatbin ,  , nvcc , 16.7710 , ms
src/forward/Kernel/attention_head.cu , gcc (compiling) ,   , /tmp/tmpxft_00079cc6_00000000-52_attention_head.o , compute_52 , nvcc , 801.6160 , ms
src/forward/Kernel/interface.cu , gcc (preprocessing 4) , src/forward/Kernel/interface.cu  , /tmp/tmpxft_00079cc6_00000000-25_interface.cpp4.ii ,  , nvcc , 192.2960 , ms
src/forward/Kernel/interface.cu , cudafe++ , /tmp/tmpxft_00079cc6_00000000-25_interface.cpp4.ii  , /tmp/tmpxft_00079cc6_00000000-26_interface.cudafe1.cpp , compute_52 , nvcc , 859.8090 , ms
src/forward/Kernel/interface.cu , gcc (preprocessing 1) , src/forward/Kernel/interface.cu  , /tmp/tmpxft_00079cc6_00000000-53_interface.cpp1.ii , compute_52 , nvcc , 155.4060 , ms
src/forward/Kernel/interface.cu , cicc ,  /tmp/tmpxft_00079cc6_00000000-53_interface.cpp1.ii  , /tmp/tmpxft_00079cc6_00000000-26_interface.ptx , compute_52 , nvcc , 791.4470 , ms
src/forward/Kernel/interface.cu , ptxas , /tmp/tmpxft_00079cc6_00000000-26_interface.ptx  , /tmp/tmpxft_00079cc6_00000000-54_interface.sm_52.cubin , sm_52 , nvcc , 131.7490 , ms
src/forward/Kernel/interface.cu , fatbinary , /tmp/tmpxft_00079cc6_00000000-54_interface.sm_52.cubin /tmp/tmpxft_00079cc6_00000000-26_interface.ptx  , /tmp/tmpxft_00079cc6_00000000-23_interface.fatbin ,  , nvcc , 17.1630 , ms
src/forward/Kernel/interface.cu , gcc (compiling) ,   , /tmp/tmpxft_00079cc6_00000000-55_interface.o , compute_52 , nvcc , 757.9930 , ms
src/backpropagation/Kernel/interface_back.cu , gcc (preprocessing 4) , src/backpropagation/Kernel/interface_back.cu  , /tmp/tmpxft_00079cc6_00000000-29_interface_back.cpp4.ii ,  , nvcc , 278.7760 , ms
src/backpropagation/Kernel/interface_back.cu , cudafe++ , /tmp/tmpxft_00079cc6_00000000-29_interface_back.cpp4.ii  , /tmp/tmpxft_00079cc6_00000000-30_interface_back.cudafe1.cpp , compute_52 , nvcc , 2254.9810 , ms
src/backpropagation/Kernel/interface_back.cu , gcc (preprocessing 1) , src/backpropagation/Kernel/interface_back.cu  , /tmp/tmpxft_00079cc6_00000000-56_interface_back.cpp1.ii , compute_52 , nvcc , 297.7180 , ms
src/backpropagation/Kernel/interface_back.cu , cicc ,  /tmp/tmpxft_00079cc6_00000000-56_interface_back.cpp1.ii  , /tmp/tmpxft_00079cc6_00000000-30_interface_back.ptx , compute_52 , nvcc , 3267.8000 , ms
src/backpropagation/Kernel/interface_back.cu , ptxas , /tmp/tmpxft_00079cc6_00000000-30_interface_back.ptx  , /tmp/tmpxft_00079cc6_00000000-57_interface_back.sm_52.cubin , sm_52 , nvcc , 165.6590 , ms
src/backpropagation/Kernel/interface_back.cu , fatbinary , /tmp/tmpxft_00079cc6_00000000-57_interface_back.sm_52.cubin /tmp/tmpxft_00079cc6_00000000-30_interface_back.ptx  , /tmp/tmpxft_00079cc6_00000000-27_interface_back.fatbin ,  , nvcc , 22.9610 , ms
src/backpropagation/Kernel/interface_back.cu , gcc (compiling) ,   , /tmp/tmpxft_00079cc6_00000000-58_interface_back.o , compute_52 , nvcc , 2724.1421 , ms
src/backpropagation/Kernel/flash_attention.cu , gcc (preprocessing 4) , src/backpropagation/Kernel/flash_attention.cu  , /tmp/tmpxft_00079cc6_00000000-33_flash_attention.cpp4.ii ,  , nvcc , 217.2660 , ms
src/backpropagation/Kernel/flash_attention.cu , cudafe++ , /tmp/tmpxft_00079cc6_00000000-33_flash_attention.cpp4.ii  , /tmp/tmpxft_00079cc6_00000000-34_flash_attention.cudafe1.cpp , compute_52 , nvcc , 1082.4960 , ms
src/backpropagation/Kernel/flash_attention.cu , gcc (preprocessing 1) , src/backpropagation/Kernel/flash_attention.cu  , /tmp/tmpxft_00079cc6_00000000-59_flash_attention.cpp1.ii , compute_52 , nvcc , 163.9380 , ms
src/backpropagation/Kernel/flash_attention.cu , cicc ,  /tmp/tmpxft_00079cc6_00000000-59_flash_attention.cpp1.ii  , /tmp/tmpxft_00079cc6_00000000-34_flash_attention.ptx , compute_52 , nvcc , 1041.4340 , ms
src/backpropagation/Kernel/flash_attention.cu , ptxas , /tmp/tmpxft_00079cc6_00000000-34_flash_attention.ptx  , /tmp/tmpxft_00079cc6_00000000-60_flash_attention.sm_52.cubin , sm_52 , nvcc , 191.1770 , ms
src/backpropagation/Kernel/flash_attention.cu , fatbinary , /tmp/tmpxft_00079cc6_00000000-60_flash_attention.sm_52.cubin /tmp/tmpxft_00079cc6_00000000-34_flash_attention.ptx  , /tmp/tmpxft_00079cc6_00000000-31_flash_attention.fatbin ,  , nvcc , 20.9230 , ms
src/backpropagation/Kernel/flash_attention.cu , gcc (compiling) ,   , /tmp/tmpxft_00079cc6_00000000-61_flash_attention.o , compute_52 , nvcc , 1091.3149 , ms
src/main.cpp src/kernel/utils.cu src/forward/Kernel/layer_norm.cu src/forward/Kernel/embedding.cu src/forward/Kernel/linear.cu src/forward/Kernel/attention_head.cu src/forward/Kernel/interface.cu src/backpropagation/Kernel/interface_back.cu src/backpropagation/Kernel/flash_attention.cu  , nvlink , /tmp/tmpxft_00079cc6_00000000-37_main.o /tmp/tmpxft_00079cc6_00000000-40_utils.o /tmp/tmpxft_00079cc6_00000000-43_layer_norm.o /tmp/tmpxft_00079cc6_00000000-46_embedding.o /tmp/tmpxft_00079cc6_00000000-49_linear.o /tmp/tmpxft_00079cc6_00000000-52_attention_head.o /tmp/tmpxft_00079cc6_00000000-55_interface.o /tmp/tmpxft_00079cc6_00000000-58_interface_back.o /tmp/tmpxft_00079cc6_00000000-61_flash_attention.o  , /tmp/tmpxft_00079cc6_00000000-62_attention_dlink.sm_52.cubin , sm_52 , nvcc , 7.0630 , ms
src/main.cpp src/kernel/utils.cu src/forward/Kernel/layer_norm.cu src/forward/Kernel/embedding.cu src/forward/Kernel/linear.cu src/forward/Kernel/attention_head.cu src/forward/Kernel/interface.cu src/backpropagation/Kernel/interface_back.cu src/backpropagation/Kernel/flash_attention.cu  , fatbinary , /tmp/tmpxft_00079cc6_00000000-62_attention_dlink.sm_52.cubin  , /tmp/tmpxft_00079cc6_00000000-36_attention_dlink.fatbin ,  , nvcc , 1.5480 , ms
src/main.cpp src/kernel/utils.cu src/forward/Kernel/layer_norm.cu src/forward/Kernel/embedding.cu src/forward/Kernel/linear.cu src/forward/Kernel/attention_head.cu src/forward/Kernel/interface.cu src/backpropagation/Kernel/interface_back.cu src/backpropagation/Kernel/flash_attention.cu  , gcc (compiling) , /usr/lib/nvidia-cuda-toolkit/bin/crt/link.stub  , /tmp/tmpxft_00079cc6_00000000-63_attention_dlink.o ,  , nvcc , 19.3720 , ms
src/main.cpp src/kernel/utils.cu src/forward/Kernel/layer_norm.cu src/forward/Kernel/embedding.cu src/forward/Kernel/linear.cu src/forward/Kernel/attention_head.cu src/forward/Kernel/interface.cu src/backpropagation/Kernel/interface_back.cu src/backpropagation/Kernel/flash_attention.cu  , gcc (linking) , /tmp/tmpxft_00079cc6_00000000-63_attention_dlink.o /tmp/tmpxft_00079cc6_00000000-37_main.o /tmp/tmpxft_00079cc6_00000000-40_utils.o /tmp/tmpxft_00079cc6_00000000-43_layer_norm.o /tmp/tmpxft_00079cc6_00000000-46_embedding.o /tmp/tmpxft_00079cc6_00000000-49_linear.o /tmp/tmpxft_00079cc6_00000000-52_attention_head.o /tmp/tmpxft_00079cc6_00000000-55_interface.o /tmp/tmpxft_00079cc6_00000000-58_interface_back.o /tmp/tmpxft_00079cc6_00000000-61_flash_attention.o  , src/bin/attention ,  , nvcc , 105.3640 , ms
 , nvcc (driver) ,  , src/bin/attention ,  , nvcc , 4.2617 , ms
src/main.cpp , gcc (compiling) , src/main.cpp  , /tmp/tmpxft_00079ead_00000000-37_main.o ,  , nvcc , 3827.6460 , ms
src/kernel/utils.cu , gcc (preprocessing 4) , src/kernel/utils.cu  , /tmp/tmpxft_00079ead_00000000-5_utils.cpp4.ii ,  , nvcc , 185.2990 , ms
src/kernel/utils.cu , cudafe++ , /tmp/tmpxft_00079ead_00000000-5_utils.cpp4.ii  , /tmp/tmpxft_00079ead_00000000-6_utils.cudafe1.cpp , compute_52 , nvcc , 931.3790 , ms
src/kernel/utils.cu , gcc (preprocessing 1) , src/kernel/utils.cu  , /tmp/tmpxft_00079ead_00000000-38_utils.cpp1.ii , compute_52 , nvcc , 155.6440 , ms
src/kernel/utils.cu , cicc ,  /tmp/tmpxft_00079ead_00000000-38_utils.cpp1.ii  , /tmp/tmpxft_00079ead_00000000-6_utils.ptx , compute_52 , nvcc , 817.0910 , ms
src/kernel/utils.cu , ptxas , /tmp/tmpxft_00079ead_00000000-6_utils.ptx  , /tmp/tmpxft_00079ead_00000000-39_utils.sm_52.cubin , sm_52 , nvcc , 113.5160 , ms
src/kernel/utils.cu , fatbinary , /tmp/tmpxft_00079ead_00000000-39_utils.sm_52.cubin /tmp/tmpxft_00079ead_00000000-6_utils.ptx  , /tmp/tmpxft_00079ead_00000000-3_utils.fatbin ,  , nvcc , 15.7770 , ms
src/kernel/utils.cu , gcc (compiling) ,   , /tmp/tmpxft_00079ead_00000000-40_utils.o , compute_52 , nvcc , 812.6390 , ms
src/forward/Kernel/layer_norm.cu , gcc (preprocessing 4) , src/forward/Kernel/layer_norm.cu  , /tmp/tmpxft_00079ead_00000000-9_layer_norm.cpp4.ii ,  , nvcc , 192.5230 , ms
src/forward/Kernel/layer_norm.cu , cudafe++ , /tmp/tmpxft_00079ead_00000000-9_layer_norm.cpp4.ii  , /tmp/tmpxft_00079ead_00000000-10_layer_norm.cudafe1.cpp , compute_52 , nvcc , 884.4230 , ms
src/forward/Kernel/layer_norm.cu , gcc (preprocessing 1) , src/forward/Kernel/layer_norm.cu  , /tmp/tmpxft_00079ead_00000000-41_layer_norm.cpp1.ii , compute_52 , nvcc , 155.9100 , ms
src/forward/Kernel/layer_norm.cu , cicc ,  /tmp/tmpxft_00079ead_00000000-41_layer_norm.cpp1.ii  , /tmp/tmpxft_00079ead_00000000-10_layer_norm.ptx , compute_52 , nvcc , 827.3970 , ms
src/forward/Kernel/layer_norm.cu , ptxas , /tmp/tmpxft_00079ead_00000000-10_layer_norm.ptx  , /tmp/tmpxft_00079ead_00000000-42_layer_norm.sm_52.cubin , sm_52 , nvcc , 136.1220 , ms
src/forward/Kernel/layer_norm.cu , fatbinary , /tmp/tmpxft_00079ead_00000000-42_layer_norm.sm_52.cubin /tmp/tmpxft_00079ead_00000000-10_layer_norm.ptx  , /tmp/tmpxft_00079ead_00000000-7_layer_norm.fatbin ,  , nvcc , 21.0240 , ms
src/forward/Kernel/layer_norm.cu , gcc (compiling) ,   , /tmp/tmpxft_00079ead_00000000-43_layer_norm.o , compute_52 , nvcc , 771.4940 , ms
src/forward/Kernel/embedding.cu , gcc (preprocessing 4) , src/forward/Kernel/embedding.cu  , /tmp/tmpxft_00079ead_00000000-13_embedding.cpp4.ii ,  , nvcc , 191.0930 , ms
src/forward/Kernel/embedding.cu , cudafe++ , /tmp/tmpxft_00079ead_00000000-13_embedding.cpp4.ii  , /tmp/tmpxft_00079ead_00000000-14_embedding.cudafe1.cpp , compute_52 , nvcc , 869.1110 , ms
src/forward/Kernel/embedding.cu , gcc (preprocessing 1) , src/forward/Kernel/embedding.cu  , /tmp/tmpxft_00079ead_00000000-44_embedding.cpp1.ii , compute_52 , nvcc , 153.9100 , ms
src/forward/Kernel/embedding.cu , cicc ,  /tmp/tmpxft_00079ead_00000000-44_embedding.cpp1.ii  , /tmp/tmpxft_00079ead_00000000-14_embedding.ptx , compute_52 , nvcc , 813.3480 , ms
src/forward/Kernel/embedding.cu , ptxas , /tmp/tmpxft_00079ead_00000000-14_embedding.ptx  , /tmp/tmpxft_00079ead_00000000-45_embedding.sm_52.cubin , sm_52 , nvcc , 128.8110 , ms
src/forward/Kernel/embedding.cu , fatbinary , /tmp/tmpxft_00079ead_00000000-45_embedding.sm_52.cubin /tmp/tmpxft_00079ead_00000000-14_embedding.ptx  , /tmp/tmpxft_00079ead_00000000-11_embedding.fatbin ,  , nvcc , 17.5770 , ms
src/forward/Kernel/embedding.cu , gcc (compiling) ,   , /tmp/tmpxft_00079ead_00000000-46_embedding.o , compute_52 , nvcc , 785.0300 , ms
src/forward/Kernel/linear.cu , gcc (preprocessing 4) , src/forward/Kernel/linear.cu  , /tmp/tmpxft_00079ead_00000000-17_linear.cpp4.ii ,  , nvcc , 181.2840 , ms
src/forward/Kernel/linear.cu , cudafe++ , /tmp/tmpxft_00079ead_00000000-17_linear.cpp4.ii  , /tmp/tmpxft_00079ead_00000000-18_linear.cudafe1.cpp , compute_52 , nvcc , 886.2690 , ms
src/forward/Kernel/linear.cu , gcc (preprocessing 1) , src/forward/Kernel/linear.cu  , /tmp/tmpxft_00079ead_00000000-47_linear.cpp1.ii , compute_52 , nvcc , 170.0690 , ms
src/forward/Kernel/linear.cu , cicc ,  /tmp/tmpxft_00079ead_00000000-47_linear.cpp1.ii  , /tmp/tmpxft_00079ead_00000000-18_linear.ptx , compute_52 , nvcc , 852.2310 , ms
src/forward/Kernel/linear.cu , ptxas , /tmp/tmpxft_00079ead_00000000-18_linear.ptx  , /tmp/tmpxft_00079ead_00000000-48_linear.sm_52.cubin , sm_52 , nvcc , 145.9180 , ms
src/forward/Kernel/linear.cu , fatbinary , /tmp/tmpxft_00079ead_00000000-48_linear.sm_52.cubin /tmp/tmpxft_00079ead_00000000-18_linear.ptx  , /tmp/tmpxft_00079ead_00000000-15_linear.fatbin ,  , nvcc , 16.4560 , ms
src/forward/Kernel/linear.cu , gcc (compiling) ,   , /tmp/tmpxft_00079ead_00000000-49_linear.o , compute_52 , nvcc , 780.6340 , ms
src/forward/Kernel/attention_head.cu , gcc (preprocessing 4) , src/forward/Kernel/attention_head.cu  , /tmp/tmpxft_00079ead_00000000-21_attention_head.cpp4.ii ,  , nvcc , 194.2790 , ms
src/forward/Kernel/attention_head.cu , cudafe++ , /tmp/tmpxft_00079ead_00000000-21_attention_head.cpp4.ii  , /tmp/tmpxft_00079ead_00000000-22_attention_head.cudafe1.cpp , compute_52 , nvcc , 862.6240 , ms
src/forward/Kernel/attention_head.cu , gcc (preprocessing 1) , src/forward/Kernel/attention_head.cu  , /tmp/tmpxft_00079ead_00000000-50_attention_head.cpp1.ii , compute_52 , nvcc , 168.9610 , ms
src/forward/Kernel/attention_head.cu , cicc ,  /tmp/tmpxft_00079ead_00000000-50_attention_head.cpp1.ii  , /tmp/tmpxft_00079ead_00000000-22_attention_head.ptx , compute_52 , nvcc , 853.5320 , ms
src/forward/Kernel/attention_head.cu , ptxas , /tmp/tmpxft_00079ead_00000000-22_attention_head.ptx  , /tmp/tmpxft_00079ead_00000000-51_attention_head.sm_52.cubin , sm_52 , nvcc , 156.1990 , ms
src/forward/Kernel/attention_head.cu , fatbinary , /tmp/tmpxft_00079ead_00000000-51_attention_head.sm_52.cubin /tmp/tmpxft_00079ead_00000000-22_attention_head.ptx  , /tmp/tmpxft_00079ead_00000000-19_attention_head.fatbin ,  , nvcc , 16.7950 , ms
src/forward/Kernel/attention_head.cu , gcc (compiling) ,   , /tmp/tmpxft_00079ead_00000000-52_attention_head.o , compute_52 , nvcc , 825.8720 , ms
src/forward/Kernel/interface.cu , gcc (preprocessing 4) , src/forward/Kernel/interface.cu  , /tmp/tmpxft_00079ead_00000000-25_interface.cpp4.ii ,  , nvcc , 189.3450 , ms
src/forward/Kernel/interface.cu , cudafe++ , /tmp/tmpxft_00079ead_00000000-25_interface.cpp4.ii  , /tmp/tmpxft_00079ead_00000000-26_interface.cudafe1.cpp , compute_52 , nvcc , 882.5070 , ms
src/forward/Kernel/interface.cu , gcc (preprocessing 1) , src/forward/Kernel/interface.cu  , /tmp/tmpxft_00079ead_00000000-53_interface.cpp1.ii , compute_52 , nvcc , 165.2730 , ms
src/forward/Kernel/interface.cu , cicc ,  /tmp/tmpxft_00079ead_00000000-53_interface.cpp1.ii  , /tmp/tmpxft_00079ead_00000000-26_interface.ptx , compute_52 , nvcc , 847.8730 , ms
src/forward/Kernel/interface.cu , ptxas , /tmp/tmpxft_00079ead_00000000-26_interface.ptx  , /tmp/tmpxft_00079ead_00000000-54_interface.sm_52.cubin , sm_52 , nvcc , 109.8850 , ms
src/forward/Kernel/interface.cu , fatbinary , /tmp/tmpxft_00079ead_00000000-54_interface.sm_52.cubin /tmp/tmpxft_00079ead_00000000-26_interface.ptx  , /tmp/tmpxft_00079ead_00000000-23_interface.fatbin ,  , nvcc , 15.5040 , ms
src/forward/Kernel/interface.cu , gcc (compiling) ,   , /tmp/tmpxft_00079ead_00000000-55_interface.o , compute_52 , nvcc , 800.8870 , ms
src/backpropagation/Kernel/interface_back.cu , gcc (preprocessing 4) , src/backpropagation/Kernel/interface_back.cu  , /tmp/tmpxft_00079ead_00000000-29_interface_back.cpp4.ii ,  , nvcc , 271.9870 , ms
src/backpropagation/Kernel/interface_back.cu , cudafe++ , /tmp/tmpxft_00079ead_00000000-29_interface_back.cpp4.ii  , /tmp/tmpxft_00079ead_00000000-30_interface_back.cudafe1.cpp , compute_52 , nvcc , 2378.5410 , ms
src/backpropagation/Kernel/interface_back.cu , gcc (preprocessing 1) , src/backpropagation/Kernel/interface_back.cu  , /tmp/tmpxft_00079ead_00000000-56_interface_back.cpp1.ii , compute_52 , nvcc , 317.9410 , ms
src/backpropagation/Kernel/interface_back.cu , cicc ,  /tmp/tmpxft_00079ead_00000000-56_interface_back.cpp1.ii  , /tmp/tmpxft_00079ead_00000000-30_interface_back.ptx , compute_52 , nvcc , 3520.7180 , ms
src/backpropagation/Kernel/interface_back.cu , ptxas , /tmp/tmpxft_00079ead_00000000-30_interface_back.ptx  , /tmp/tmpxft_00079ead_00000000-57_interface_back.sm_52.cubin , sm_52 , nvcc , 189.3810 , ms
src/backpropagation/Kernel/interface_back.cu , fatbinary , /tmp/tmpxft_00079ead_00000000-57_interface_back.sm_52.cubin /tmp/tmpxft_00079ead_00000000-30_interface_back.ptx  , /tmp/tmpxft_00079ead_00000000-27_interface_back.fatbin ,  , nvcc , 27.4020 , ms
src/backpropagation/Kernel/interface_back.cu , gcc (compiling) ,   , /tmp/tmpxft_00079ead_00000000-58_interface_back.o , compute_52 , nvcc , 2611.0129 , ms
src/backpropagation/Kernel/flash_attention.cu , gcc (preprocessing 4) , src/backpropagation/Kernel/flash_attention.cu  , /tmp/tmpxft_00079ead_00000000-33_flash_attention.cpp4.ii ,  , nvcc , 209.0940 , ms
src/backpropagation/Kernel/flash_attention.cu , cudafe++ , /tmp/tmpxft_00079ead_00000000-33_flash_attention.cpp4.ii  , /tmp/tmpxft_00079ead_00000000-34_flash_attention.cudafe1.cpp , compute_52 , nvcc , 873.0220 , ms
src/backpropagation/Kernel/flash_attention.cu , gcc (preprocessing 1) , src/backpropagation/Kernel/flash_attention.cu  , /tmp/tmpxft_00079ead_00000000-59_flash_attention.cpp1.ii , compute_52 , nvcc , 160.0310 , ms
src/backpropagation/Kernel/flash_attention.cu , cicc ,  /tmp/tmpxft_00079ead_00000000-59_flash_attention.cpp1.ii  , /tmp/tmpxft_00079ead_00000000-34_flash_attention.ptx , compute_52 , nvcc , 821.5020 , ms
src/backpropagation/Kernel/flash_attention.cu , ptxas , /tmp/tmpxft_00079ead_00000000-34_flash_attention.ptx  , /tmp/tmpxft_00079ead_00000000-60_flash_attention.sm_52.cubin , sm_52 , nvcc , 145.4920 , ms
src/backpropagation/Kernel/flash_attention.cu , fatbinary , /tmp/tmpxft_00079ead_00000000-60_flash_attention.sm_52.cubin /tmp/tmpxft_00079ead_00000000-34_flash_attention.ptx  , /tmp/tmpxft_00079ead_00000000-31_flash_attention.fatbin ,  , nvcc , 18.9930 , ms
src/backpropagation/Kernel/flash_attention.cu , gcc (compiling) ,   , /tmp/tmpxft_00079ead_00000000-61_flash_attention.o , compute_52 , nvcc , 848.4040 , ms
src/main.cpp src/kernel/utils.cu src/forward/Kernel/layer_norm.cu src/forward/Kernel/embedding.cu src/forward/Kernel/linear.cu src/forward/Kernel/attention_head.cu src/forward/Kernel/interface.cu src/backpropagation/Kernel/interface_back.cu src/backpropagation/Kernel/flash_attention.cu  , nvlink , /tmp/tmpxft_00079ead_00000000-37_main.o /tmp/tmpxft_00079ead_00000000-40_utils.o /tmp/tmpxft_00079ead_00000000-43_layer_norm.o /tmp/tmpxft_00079ead_00000000-46_embedding.o /tmp/tmpxft_00079ead_00000000-49_linear.o /tmp/tmpxft_00079ead_00000000-52_attention_head.o /tmp/tmpxft_00079ead_00000000-55_interface.o /tmp/tmpxft_00079ead_00000000-58_interface_back.o /tmp/tmpxft_00079ead_00000000-61_flash_attention.o  , /tmp/tmpxft_00079ead_00000000-62_attention_dlink.sm_52.cubin , sm_52 , nvcc , 8.3360 , ms
src/main.cpp src/kernel/utils.cu src/forward/Kernel/layer_norm.cu src/forward/Kernel/embedding.cu src/forward/Kernel/linear.cu src/forward/Kernel/attention_head.cu src/forward/Kernel/interface.cu src/backpropagation/Kernel/interface_back.cu src/backpropagation/Kernel/flash_attention.cu  , fatbinary , /tmp/tmpxft_00079ead_00000000-62_attention_dlink.sm_52.cubin  , /tmp/tmpxft_00079ead_00000000-36_attention_dlink.fatbin ,  , nvcc , 1.5940 , ms
src/main.cpp src/kernel/utils.cu src/forward/Kernel/layer_norm.cu src/forward/Kernel/embedding.cu src/forward/Kernel/linear.cu src/forward/Kernel/attention_head.cu src/forward/Kernel/interface.cu src/backpropagation/Kernel/interface_back.cu src/backpropagation/Kernel/flash_attention.cu  , gcc (compiling) , /usr/lib/nvidia-cuda-toolkit/bin/crt/link.stub  , /tmp/tmpxft_00079ead_00000000-63_attention_dlink.o ,  , nvcc , 17.8000 , ms
src/main.cpp src/kernel/utils.cu src/forward/Kernel/layer_norm.cu src/forward/Kernel/embedding.cu src/forward/Kernel/linear.cu src/forward/Kernel/attention_head.cu src/forward/Kernel/interface.cu src/backpropagation/Kernel/interface_back.cu src/backpropagation/Kernel/flash_attention.cu  , gcc (linking) , /tmp/tmpxft_00079ead_00000000-63_attention_dlink.o /tmp/tmpxft_00079ead_00000000-37_main.o /tmp/tmpxft_00079ead_00000000-40_utils.o /tmp/tmpxft_00079ead_00000000-43_layer_norm.o /tmp/tmpxft_00079ead_00000000-46_embedding.o /tmp/tmpxft_00079ead_00000000-49_linear.o /tmp/tmpxft_00079ead_00000000-52_attention_head.o /tmp/tmpxft_00079ead_00000000-55_interface.o /tmp/tmpxft_00079ead_00000000-58_interface_back.o /tmp/tmpxft_00079ead_00000000-61_flash_attention.o  , src/bin/attention ,  , nvcc , 104.1940 , ms
 , nvcc (driver) ,  , src/bin/attention ,  , nvcc , 4.5938 , ms
src/main.cpp , gcc (compiling) , src/main.cpp  , /tmp/tmpxft_0007a4ce_00000000-37_main.o ,  , nvcc , 3639.9600 , ms
src/kernel/utils.cu , gcc (preprocessing 4) , src/kernel/utils.cu  , /tmp/tmpxft_0007a4ce_00000000-5_utils.cpp4.ii ,  , nvcc , 183.7520 , ms
src/kernel/utils.cu , cudafe++ , /tmp/tmpxft_0007a4ce_00000000-5_utils.cpp4.ii  , /tmp/tmpxft_0007a4ce_00000000-6_utils.cudafe1.cpp , compute_52 , nvcc , 839.9130 , ms
src/kernel/utils.cu , gcc (preprocessing 1) , src/kernel/utils.cu  , /tmp/tmpxft_0007a4ce_00000000-38_utils.cpp1.ii , compute_52 , nvcc , 153.4590 , ms
src/kernel/utils.cu , cicc ,  /tmp/tmpxft_0007a4ce_00000000-38_utils.cpp1.ii  , /tmp/tmpxft_0007a4ce_00000000-6_utils.ptx , compute_52 , nvcc , 773.2100 , ms
src/kernel/utils.cu , ptxas , /tmp/tmpxft_0007a4ce_00000000-6_utils.ptx  , /tmp/tmpxft_0007a4ce_00000000-39_utils.sm_52.cubin , sm_52 , nvcc , 117.7110 , ms
src/kernel/utils.cu , fatbinary , /tmp/tmpxft_0007a4ce_00000000-39_utils.sm_52.cubin /tmp/tmpxft_0007a4ce_00000000-6_utils.ptx  , /tmp/tmpxft_0007a4ce_00000000-3_utils.fatbin ,  , nvcc , 36.8720 , ms
src/kernel/utils.cu , gcc (compiling) ,   , /tmp/tmpxft_0007a4ce_00000000-40_utils.o , compute_52 , nvcc , 779.6310 , ms
src/forward/Kernel/layer_norm.cu , gcc (preprocessing 4) , src/forward/Kernel/layer_norm.cu  , /tmp/tmpxft_0007a4ce_00000000-9_layer_norm.cpp4.ii ,  , nvcc , 185.7860 , ms
src/forward/Kernel/layer_norm.cu , cudafe++ , /tmp/tmpxft_0007a4ce_00000000-9_layer_norm.cpp4.ii  , /tmp/tmpxft_0007a4ce_00000000-10_layer_norm.cudafe1.cpp , compute_52 , nvcc , 863.4940 , ms
src/forward/Kernel/layer_norm.cu , gcc (preprocessing 1) , src/forward/Kernel/layer_norm.cu  , /tmp/tmpxft_0007a4ce_00000000-41_layer_norm.cpp1.ii , compute_52 , nvcc , 157.2800 , ms
src/forward/Kernel/layer_norm.cu , cicc ,  /tmp/tmpxft_0007a4ce_00000000-41_layer_norm.cpp1.ii  , /tmp/tmpxft_0007a4ce_00000000-10_layer_norm.ptx , compute_52 , nvcc , 813.0750 , ms
src/forward/Kernel/layer_norm.cu , ptxas , /tmp/tmpxft_0007a4ce_00000000-10_layer_norm.ptx  , /tmp/tmpxft_0007a4ce_00000000-42_layer_norm.sm_52.cubin , sm_52 , nvcc , 135.7780 , ms
src/forward/Kernel/layer_norm.cu , fatbinary , /tmp/tmpxft_0007a4ce_00000000-42_layer_norm.sm_52.cubin /tmp/tmpxft_0007a4ce_00000000-10_layer_norm.ptx  , /tmp/tmpxft_0007a4ce_00000000-7_layer_norm.fatbin ,  , nvcc , 16.5150 , ms
src/forward/Kernel/layer_norm.cu , gcc (compiling) ,   , /tmp/tmpxft_0007a4ce_00000000-43_layer_norm.o , compute_52 , nvcc , 748.5100 , ms
src/forward/Kernel/embedding.cu , gcc (preprocessing 4) , src/forward/Kernel/embedding.cu  , /tmp/tmpxft_0007a4ce_00000000-13_embedding.cpp4.ii ,  , nvcc , 185.8840 , ms
src/forward/Kernel/embedding.cu , cudafe++ , /tmp/tmpxft_0007a4ce_00000000-13_embedding.cpp4.ii  , /tmp/tmpxft_0007a4ce_00000000-14_embedding.cudafe1.cpp , compute_52 , nvcc , 854.4420 , ms
src/forward/Kernel/embedding.cu , gcc (preprocessing 1) , src/forward/Kernel/embedding.cu  , /tmp/tmpxft_0007a4ce_00000000-44_embedding.cpp1.ii , compute_52 , nvcc , 158.8920 , ms
src/forward/Kernel/embedding.cu , cicc ,  /tmp/tmpxft_0007a4ce_00000000-44_embedding.cpp1.ii  , /tmp/tmpxft_0007a4ce_00000000-14_embedding.ptx , compute_52 , nvcc , 797.6060 , ms
src/forward/Kernel/embedding.cu , ptxas , /tmp/tmpxft_0007a4ce_00000000-14_embedding.ptx  , /tmp/tmpxft_0007a4ce_00000000-45_embedding.sm_52.cubin , sm_52 , nvcc , 125.2940 , ms
src/forward/Kernel/embedding.cu , fatbinary , /tmp/tmpxft_0007a4ce_00000000-45_embedding.sm_52.cubin /tmp/tmpxft_0007a4ce_00000000-14_embedding.ptx  , /tmp/tmpxft_0007a4ce_00000000-11_embedding.fatbin ,  , nvcc , 17.8040 , ms
src/forward/Kernel/embedding.cu , gcc (compiling) ,   , /tmp/tmpxft_0007a4ce_00000000-46_embedding.o , compute_52 , nvcc , 854.0740 , ms
src/forward/Kernel/linear.cu , gcc (preprocessing 4) , src/forward/Kernel/linear.cu  , /tmp/tmpxft_0007a4ce_00000000-17_linear.cpp4.ii ,  , nvcc , 257.3420 , ms
src/forward/Kernel/linear.cu , cudafe++ , /tmp/tmpxft_0007a4ce_00000000-17_linear.cpp4.ii  , /tmp/tmpxft_0007a4ce_00000000-18_linear.cudafe1.cpp , compute_52 , nvcc , 1067.6180 , ms
src/forward/Kernel/linear.cu , gcc (preprocessing 1) , src/forward/Kernel/linear.cu  , /tmp/tmpxft_0007a4ce_00000000-47_linear.cpp1.ii , compute_52 , nvcc , 166.6080 , ms
src/forward/Kernel/linear.cu , cicc ,  /tmp/tmpxft_0007a4ce_00000000-47_linear.cpp1.ii  , /tmp/tmpxft_0007a4ce_00000000-18_linear.ptx , compute_52 , nvcc , 897.6490 , ms
src/forward/Kernel/linear.cu , ptxas , /tmp/tmpxft_0007a4ce_00000000-18_linear.ptx  , /tmp/tmpxft_0007a4ce_00000000-48_linear.sm_52.cubin , sm_52 , nvcc , 141.1410 , ms
src/forward/Kernel/linear.cu , fatbinary , /tmp/tmpxft_0007a4ce_00000000-48_linear.sm_52.cubin /tmp/tmpxft_0007a4ce_00000000-18_linear.ptx  , /tmp/tmpxft_0007a4ce_00000000-15_linear.fatbin ,  , nvcc , 16.3260 , ms
src/forward/Kernel/linear.cu , gcc (compiling) ,   , /tmp/tmpxft_0007a4ce_00000000-49_linear.o , compute_52 , nvcc , 789.3660 , ms
src/forward/Kernel/attention_head.cu , gcc (preprocessing 4) , src/forward/Kernel/attention_head.cu  , /tmp/tmpxft_0007a4ce_00000000-21_attention_head.cpp4.ii ,  , nvcc , 192.7640 , ms
src/forward/Kernel/attention_head.cu , cudafe++ , /tmp/tmpxft_0007a4ce_00000000-21_attention_head.cpp4.ii  , /tmp/tmpxft_0007a4ce_00000000-22_attention_head.cudafe1.cpp , compute_52 , nvcc , 927.7320 , ms
src/forward/Kernel/attention_head.cu , gcc (preprocessing 1) , src/forward/Kernel/attention_head.cu  , /tmp/tmpxft_0007a4ce_00000000-50_attention_head.cpp1.ii , compute_52 , nvcc , 206.6630 , ms
src/forward/Kernel/attention_head.cu , cicc ,  /tmp/tmpxft_0007a4ce_00000000-50_attention_head.cpp1.ii  , /tmp/tmpxft_0007a4ce_00000000-22_attention_head.ptx , compute_52 , nvcc , 905.7850 , ms
src/forward/Kernel/attention_head.cu , ptxas , /tmp/tmpxft_0007a4ce_00000000-22_attention_head.ptx  , /tmp/tmpxft_0007a4ce_00000000-51_attention_head.sm_52.cubin , sm_52 , nvcc , 154.4610 , ms
src/forward/Kernel/attention_head.cu , fatbinary , /tmp/tmpxft_0007a4ce_00000000-51_attention_head.sm_52.cubin /tmp/tmpxft_0007a4ce_00000000-22_attention_head.ptx  , /tmp/tmpxft_0007a4ce_00000000-19_attention_head.fatbin ,  , nvcc , 19.9540 , ms
src/forward/Kernel/attention_head.cu , gcc (compiling) ,   , /tmp/tmpxft_0007a4ce_00000000-52_attention_head.o , compute_52 , nvcc , 879.5210 , ms
src/forward/Kernel/interface.cu , gcc (preprocessing 4) , src/forward/Kernel/interface.cu  , /tmp/tmpxft_0007a4ce_00000000-25_interface.cpp4.ii ,  , nvcc , 184.5720 , ms
src/forward/Kernel/interface.cu , cudafe++ , /tmp/tmpxft_0007a4ce_00000000-25_interface.cpp4.ii  , /tmp/tmpxft_0007a4ce_00000000-26_interface.cudafe1.cpp , compute_52 , nvcc , 907.6610 , ms
src/forward/Kernel/interface.cu , gcc (preprocessing 1) , src/forward/Kernel/interface.cu  , /tmp/tmpxft_0007a4ce_00000000-53_interface.cpp1.ii , compute_52 , nvcc , 160.6590 , ms
src/forward/Kernel/interface.cu , cicc ,  /tmp/tmpxft_0007a4ce_00000000-53_interface.cpp1.ii  , /tmp/tmpxft_0007a4ce_00000000-26_interface.ptx , compute_52 , nvcc , 801.0260 , ms
src/forward/Kernel/interface.cu , ptxas , /tmp/tmpxft_0007a4ce_00000000-26_interface.ptx  , /tmp/tmpxft_0007a4ce_00000000-54_interface.sm_52.cubin , sm_52 , nvcc , 125.8500 , ms
src/forward/Kernel/interface.cu , fatbinary , /tmp/tmpxft_0007a4ce_00000000-54_interface.sm_52.cubin /tmp/tmpxft_0007a4ce_00000000-26_interface.ptx  , /tmp/tmpxft_0007a4ce_00000000-23_interface.fatbin ,  , nvcc , 15.8860 , ms
src/forward/Kernel/interface.cu , gcc (compiling) ,   , /tmp/tmpxft_0007a4ce_00000000-55_interface.o , compute_52 , nvcc , 779.1700 , ms
src/backpropagation/Kernel/interface_back.cu , gcc (preprocessing 4) , src/backpropagation/Kernel/interface_back.cu  , /tmp/tmpxft_0007a4ce_00000000-29_interface_back.cpp4.ii ,  , nvcc , 311.4340 , ms
src/backpropagation/Kernel/interface_back.cu , cudafe++ , /tmp/tmpxft_0007a4ce_00000000-29_interface_back.cpp4.ii  , /tmp/tmpxft_0007a4ce_00000000-30_interface_back.cudafe1.cpp , compute_52 , nvcc , 2597.1560 , ms
src/backpropagation/Kernel/interface_back.cu , gcc (preprocessing 1) , src/backpropagation/Kernel/interface_back.cu  , /tmp/tmpxft_0007a4ce_00000000-56_interface_back.cpp1.ii , compute_52 , nvcc , 255.0070 , ms
src/backpropagation/Kernel/interface_back.cu , cicc ,  /tmp/tmpxft_0007a4ce_00000000-56_interface_back.cpp1.ii  , /tmp/tmpxft_0007a4ce_00000000-30_interface_back.ptx , compute_52 , nvcc , 2652.3521 , ms
src/backpropagation/Kernel/interface_back.cu , ptxas , /tmp/tmpxft_0007a4ce_00000000-30_interface_back.ptx  , /tmp/tmpxft_0007a4ce_00000000-57_interface_back.sm_52.cubin , sm_52 , nvcc , 128.2340 , ms
src/backpropagation/Kernel/interface_back.cu , fatbinary , /tmp/tmpxft_0007a4ce_00000000-57_interface_back.sm_52.cubin /tmp/tmpxft_0007a4ce_00000000-30_interface_back.ptx  , /tmp/tmpxft_0007a4ce_00000000-27_interface_back.fatbin ,  , nvcc , 17.1320 , ms
src/backpropagation/Kernel/interface_back.cu , gcc (compiling) ,   , /tmp/tmpxft_0007a4ce_00000000-58_interface_back.o , compute_52 , nvcc , 2094.3689 , ms
src/backpropagation/Kernel/flash_attention.cu , gcc (preprocessing 4) , src/backpropagation/Kernel/flash_attention.cu  , /tmp/tmpxft_0007a4ce_00000000-33_flash_attention.cpp4.ii ,  , nvcc , 211.6740 , ms
src/backpropagation/Kernel/flash_attention.cu , cudafe++ , /tmp/tmpxft_0007a4ce_00000000-33_flash_attention.cpp4.ii  , /tmp/tmpxft_0007a4ce_00000000-34_flash_attention.cudafe1.cpp , compute_52 , nvcc , 949.3410 , ms
src/backpropagation/Kernel/flash_attention.cu , gcc (preprocessing 1) , src/backpropagation/Kernel/flash_attention.cu  , /tmp/tmpxft_0007a4ce_00000000-59_flash_attention.cpp1.ii , compute_52 , nvcc , 157.9010 , ms
src/backpropagation/Kernel/flash_attention.cu , cicc ,  /tmp/tmpxft_0007a4ce_00000000-59_flash_attention.cpp1.ii  , /tmp/tmpxft_0007a4ce_00000000-34_flash_attention.ptx , compute_52 , nvcc , 848.5080 , ms
src/backpropagation/Kernel/flash_attention.cu , ptxas , /tmp/tmpxft_0007a4ce_00000000-34_flash_attention.ptx  , /tmp/tmpxft_0007a4ce_00000000-60_flash_attention.sm_52.cubin , sm_52 , nvcc , 140.9020 , ms
src/backpropagation/Kernel/flash_attention.cu , fatbinary , /tmp/tmpxft_0007a4ce_00000000-60_flash_attention.sm_52.cubin /tmp/tmpxft_0007a4ce_00000000-34_flash_attention.ptx  , /tmp/tmpxft_0007a4ce_00000000-31_flash_attention.fatbin ,  , nvcc , 16.2230 , ms
src/backpropagation/Kernel/flash_attention.cu , gcc (compiling) ,   , /tmp/tmpxft_0007a4ce_00000000-61_flash_attention.o , compute_52 , nvcc , 847.9100 , ms
src/main.cpp src/kernel/utils.cu src/forward/Kernel/layer_norm.cu src/forward/Kernel/embedding.cu src/forward/Kernel/linear.cu src/forward/Kernel/attention_head.cu src/forward/Kernel/interface.cu src/backpropagation/Kernel/interface_back.cu src/backpropagation/Kernel/flash_attention.cu  , nvlink , /tmp/tmpxft_0007a4ce_00000000-37_main.o /tmp/tmpxft_0007a4ce_00000000-40_utils.o /tmp/tmpxft_0007a4ce_00000000-43_layer_norm.o /tmp/tmpxft_0007a4ce_00000000-46_embedding.o /tmp/tmpxft_0007a4ce_00000000-49_linear.o /tmp/tmpxft_0007a4ce_00000000-52_attention_head.o /tmp/tmpxft_0007a4ce_00000000-55_interface.o /tmp/tmpxft_0007a4ce_00000000-58_interface_back.o /tmp/tmpxft_0007a4ce_00000000-61_flash_attention.o  , /tmp/tmpxft_0007a4ce_00000000-62_attention_dlink.sm_52.cubin , sm_52 , nvcc , 7.9910 , ms
src/main.cpp src/kernel/utils.cu src/forward/Kernel/layer_norm.cu src/forward/Kernel/embedding.cu src/forward/Kernel/linear.cu src/forward/Kernel/attention_head.cu src/forward/Kernel/interface.cu src/backpropagation/Kernel/interface_back.cu src/backpropagation/Kernel/flash_attention.cu  , fatbinary , /tmp/tmpxft_0007a4ce_00000000-62_attention_dlink.sm_52.cubin  , /tmp/tmpxft_0007a4ce_00000000-36_attention_dlink.fatbin ,  , nvcc , 1.8250 , ms
src/main.cpp src/kernel/utils.cu src/forward/Kernel/layer_norm.cu src/forward/Kernel/embedding.cu src/forward/Kernel/linear.cu src/forward/Kernel/attention_head.cu src/forward/Kernel/interface.cu src/backpropagation/Kernel/interface_back.cu src/backpropagation/Kernel/flash_attention.cu  , gcc (compiling) , /usr/lib/nvidia-cuda-toolkit/bin/crt/link.stub  , /tmp/tmpxft_0007a4ce_00000000-63_attention_dlink.o ,  , nvcc , 18.5130 , ms
src/main.cpp src/kernel/utils.cu src/forward/Kernel/layer_norm.cu src/forward/Kernel/embedding.cu src/forward/Kernel/linear.cu src/forward/Kernel/attention_head.cu src/forward/Kernel/interface.cu src/backpropagation/Kernel/interface_back.cu src/backpropagation/Kernel/flash_attention.cu  , gcc (linking) , /tmp/tmpxft_0007a4ce_00000000-63_attention_dlink.o /tmp/tmpxft_0007a4ce_00000000-37_main.o /tmp/tmpxft_0007a4ce_00000000-40_utils.o /tmp/tmpxft_0007a4ce_00000000-43_layer_norm.o /tmp/tmpxft_0007a4ce_00000000-46_embedding.o /tmp/tmpxft_0007a4ce_00000000-49_linear.o /tmp/tmpxft_0007a4ce_00000000-52_attention_head.o /tmp/tmpxft_0007a4ce_00000000-55_interface.o /tmp/tmpxft_0007a4ce_00000000-58_interface_back.o /tmp/tmpxft_0007a4ce_00000000-61_flash_attention.o  , src/bin/attention ,  , nvcc , 108.4230 , ms
 , nvcc (driver) ,  , src/bin/attention ,  , nvcc , 4.6133 , ms
src/main.cpp , gcc (compiling) , src/main.cpp  , /tmp/tmpxft_0007a67b_00000000-37_main.o ,  , nvcc , 3384.1521 , ms
src/kernel/utils.cu , gcc (preprocessing 4) , src/kernel/utils.cu  , /tmp/tmpxft_0007a67b_00000000-5_utils.cpp4.ii ,  , nvcc , 189.0400 , ms
src/kernel/utils.cu , cudafe++ , /tmp/tmpxft_0007a67b_00000000-5_utils.cpp4.ii  , /tmp/tmpxft_0007a67b_00000000-6_utils.cudafe1.cpp , compute_52 , nvcc , 898.0520 , ms
src/kernel/utils.cu , gcc (preprocessing 1) , src/kernel/utils.cu  , /tmp/tmpxft_0007a67b_00000000-38_utils.cpp1.ii , compute_52 , nvcc , 161.7960 , ms
src/kernel/utils.cu , cicc ,  /tmp/tmpxft_0007a67b_00000000-38_utils.cpp1.ii  , /tmp/tmpxft_0007a67b_00000000-6_utils.ptx , compute_52 , nvcc , 815.2360 , ms
src/kernel/utils.cu , ptxas , /tmp/tmpxft_0007a67b_00000000-6_utils.ptx  , /tmp/tmpxft_0007a67b_00000000-39_utils.sm_52.cubin , sm_52 , nvcc , 115.6570 , ms
src/kernel/utils.cu , fatbinary , /tmp/tmpxft_0007a67b_00000000-39_utils.sm_52.cubin /tmp/tmpxft_0007a67b_00000000-6_utils.ptx  , /tmp/tmpxft_0007a67b_00000000-3_utils.fatbin ,  , nvcc , 17.9600 , ms
src/kernel/utils.cu , gcc (compiling) ,   , /tmp/tmpxft_0007a67b_00000000-40_utils.o , compute_52 , nvcc , 782.9870 , ms
src/forward/Kernel/layer_norm.cu , gcc (preprocessing 4) , src/forward/Kernel/layer_norm.cu  , /tmp/tmpxft_0007a67b_00000000-9_layer_norm.cpp4.ii ,  , nvcc , 184.4580 , ms
src/forward/Kernel/layer_norm.cu , cudafe++ , /tmp/tmpxft_0007a67b_00000000-9_layer_norm.cpp4.ii  , /tmp/tmpxft_0007a67b_00000000-10_layer_norm.cudafe1.cpp , compute_52 , nvcc , 878.6850 , ms
src/forward/Kernel/layer_norm.cu , gcc (preprocessing 1) , src/forward/Kernel/layer_norm.cu  , /tmp/tmpxft_0007a67b_00000000-41_layer_norm.cpp1.ii , compute_52 , nvcc , 154.4750 , ms
src/forward/Kernel/layer_norm.cu , cicc ,  /tmp/tmpxft_0007a67b_00000000-41_layer_norm.cpp1.ii  , /tmp/tmpxft_0007a67b_00000000-10_layer_norm.ptx , compute_52 , nvcc , 811.0380 , ms
src/forward/Kernel/layer_norm.cu , ptxas , /tmp/tmpxft_0007a67b_00000000-10_layer_norm.ptx  , /tmp/tmpxft_0007a67b_00000000-42_layer_norm.sm_52.cubin , sm_52 , nvcc , 139.0850 , ms
src/forward/Kernel/layer_norm.cu , fatbinary , /tmp/tmpxft_0007a67b_00000000-42_layer_norm.sm_52.cubin /tmp/tmpxft_0007a67b_00000000-10_layer_norm.ptx  , /tmp/tmpxft_0007a67b_00000000-7_layer_norm.fatbin ,  , nvcc , 16.8850 , ms
src/forward/Kernel/layer_norm.cu , gcc (compiling) ,   , /tmp/tmpxft_0007a67b_00000000-43_layer_norm.o , compute_52 , nvcc , 761.4410 , ms
src/forward/Kernel/embedding.cu , gcc (preprocessing 4) , src/forward/Kernel/embedding.cu  , /tmp/tmpxft_0007a67b_00000000-13_embedding.cpp4.ii ,  , nvcc , 186.3720 , ms
src/forward/Kernel/embedding.cu , cudafe++ , /tmp/tmpxft_0007a67b_00000000-13_embedding.cpp4.ii  , /tmp/tmpxft_0007a67b_00000000-14_embedding.cudafe1.cpp , compute_52 , nvcc , 943.8190 , ms
src/forward/Kernel/embedding.cu , gcc (preprocessing 1) , src/forward/Kernel/embedding.cu  , /tmp/tmpxft_0007a67b_00000000-44_embedding.cpp1.ii , compute_52 , nvcc , 159.2960 , ms
src/forward/Kernel/embedding.cu , cicc ,  /tmp/tmpxft_0007a67b_00000000-44_embedding.cpp1.ii  , /tmp/tmpxft_0007a67b_00000000-14_embedding.ptx , compute_52 , nvcc , 836.9460 , ms
src/forward/Kernel/embedding.cu , ptxas , /tmp/tmpxft_0007a67b_00000000-14_embedding.ptx  , /tmp/tmpxft_0007a67b_00000000-45_embedding.sm_52.cubin , sm_52 , nvcc , 124.3680 , ms
src/forward/Kernel/embedding.cu , fatbinary , /tmp/tmpxft_0007a67b_00000000-45_embedding.sm_52.cubin /tmp/tmpxft_0007a67b_00000000-14_embedding.ptx  , /tmp/tmpxft_0007a67b_00000000-11_embedding.fatbin ,  , nvcc , 16.2900 , ms
src/forward/Kernel/embedding.cu , gcc (compiling) ,   , /tmp/tmpxft_0007a67b_00000000-46_embedding.o , compute_52 , nvcc , 780.3500 , ms
src/forward/Kernel/linear.cu , gcc (preprocessing 4) , src/forward/Kernel/linear.cu  , /tmp/tmpxft_0007a67b_00000000-17_linear.cpp4.ii ,  , nvcc , 186.5270 , ms
src/forward/Kernel/linear.cu , cudafe++ , /tmp/tmpxft_0007a67b_00000000-17_linear.cpp4.ii  , /tmp/tmpxft_0007a67b_00000000-18_linear.cudafe1.cpp , compute_52 , nvcc , 871.1010 , ms
src/forward/Kernel/linear.cu , gcc (preprocessing 1) , src/forward/Kernel/linear.cu  , /tmp/tmpxft_0007a67b_00000000-47_linear.cpp1.ii , compute_52 , nvcc , 198.7640 , ms
src/forward/Kernel/linear.cu , cicc ,  /tmp/tmpxft_0007a67b_00000000-47_linear.cpp1.ii  , /tmp/tmpxft_0007a67b_00000000-18_linear.ptx , compute_52 , nvcc , 889.3740 , ms
src/forward/Kernel/linear.cu , ptxas , /tmp/tmpxft_0007a67b_00000000-18_linear.ptx  , /tmp/tmpxft_0007a67b_00000000-48_linear.sm_52.cubin , sm_52 , nvcc , 146.9970 , ms
src/forward/Kernel/linear.cu , fatbinary , /tmp/tmpxft_0007a67b_00000000-48_linear.sm_52.cubin /tmp/tmpxft_0007a67b_00000000-18_linear.ptx  , /tmp/tmpxft_0007a67b_00000000-15_linear.fatbin ,  , nvcc , 18.4890 , ms
src/forward/Kernel/linear.cu , gcc (compiling) ,   , /tmp/tmpxft_0007a67b_00000000-49_linear.o , compute_52 , nvcc , 772.8900 , ms
src/forward/Kernel/attention_head.cu , gcc (preprocessing 4) , src/forward/Kernel/attention_head.cu  , /tmp/tmpxft_0007a67b_00000000-21_attention_head.cpp4.ii ,  , nvcc , 186.4740 , ms
src/forward/Kernel/attention_head.cu , cudafe++ , /tmp/tmpxft_0007a67b_00000000-21_attention_head.cpp4.ii  , /tmp/tmpxft_0007a67b_00000000-22_attention_head.cudafe1.cpp , compute_52 , nvcc , 873.5070 , ms
src/forward/Kernel/attention_head.cu , gcc (preprocessing 1) , src/forward/Kernel/attention_head.cu  , /tmp/tmpxft_0007a67b_00000000-50_attention_head.cpp1.ii , compute_52 , nvcc , 166.2090 , ms
src/forward/Kernel/attention_head.cu , cicc ,  /tmp/tmpxft_0007a67b_00000000-50_attention_head.cpp1.ii  , /tmp/tmpxft_0007a67b_00000000-22_attention_head.ptx , compute_52 , nvcc , 840.7380 , ms
src/forward/Kernel/attention_head.cu , ptxas , /tmp/tmpxft_0007a67b_00000000-22_attention_head.ptx  , /tmp/tmpxft_0007a67b_00000000-51_attention_head.sm_52.cubin , sm_52 , nvcc , 161.6490 , ms
src/forward/Kernel/attention_head.cu , fatbinary , /tmp/tmpxft_0007a67b_00000000-51_attention_head.sm_52.cubin /tmp/tmpxft_0007a67b_00000000-22_attention_head.ptx  , /tmp/tmpxft_0007a67b_00000000-19_attention_head.fatbin ,  , nvcc , 17.1900 , ms
src/forward/Kernel/attention_head.cu , gcc (compiling) ,   , /tmp/tmpxft_0007a67b_00000000-52_attention_head.o , compute_52 , nvcc , 794.4430 , ms
src/forward/Kernel/interface.cu , gcc (preprocessing 4) , src/forward/Kernel/interface.cu  , /tmp/tmpxft_0007a67b_00000000-25_interface.cpp4.ii ,  , nvcc , 196.7300 , ms
src/forward/Kernel/interface.cu , cudafe++ , /tmp/tmpxft_0007a67b_00000000-25_interface.cpp4.ii  , /tmp/tmpxft_0007a67b_00000000-26_interface.cudafe1.cpp , compute_52 , nvcc , 847.7140 , ms
src/forward/Kernel/interface.cu , gcc (preprocessing 1) , src/forward/Kernel/interface.cu  , /tmp/tmpxft_0007a67b_00000000-53_interface.cpp1.ii , compute_52 , nvcc , 163.6390 , ms
src/forward/Kernel/interface.cu , cicc ,  /tmp/tmpxft_0007a67b_00000000-53_interface.cpp1.ii  , /tmp/tmpxft_0007a67b_00000000-26_interface.ptx , compute_52 , nvcc , 798.1450 , ms
src/forward/Kernel/interface.cu , ptxas , /tmp/tmpxft_0007a67b_00000000-26_interface.ptx  , /tmp/tmpxft_0007a67b_00000000-54_interface.sm_52.cubin , sm_52 , nvcc , 113.6570 , ms
src/forward/Kernel/interface.cu , fatbinary , /tmp/tmpxft_0007a67b_00000000-54_interface.sm_52.cubin /tmp/tmpxft_0007a67b_00000000-26_interface.ptx  , /tmp/tmpxft_0007a67b_00000000-23_interface.fatbin ,  , nvcc , 17.2660 , ms
src/forward/Kernel/interface.cu , gcc (compiling) ,   , /tmp/tmpxft_0007a67b_00000000-55_interface.o , compute_52 , nvcc , 774.6870 , ms
src/backpropagation/Kernel/interface_back.cu , gcc (preprocessing 4) , src/backpropagation/Kernel/interface_back.cu  , /tmp/tmpxft_0007a67b_00000000-29_interface_back.cpp4.ii ,  , nvcc , 267.7760 , ms
src/backpropagation/Kernel/interface_back.cu , cudafe++ , /tmp/tmpxft_0007a67b_00000000-29_interface_back.cpp4.ii  , /tmp/tmpxft_0007a67b_00000000-30_interface_back.cudafe1.cpp , compute_52 , nvcc , 2144.4680 , ms
src/backpropagation/Kernel/interface_back.cu , gcc (preprocessing 1) , src/backpropagation/Kernel/interface_back.cu  , /tmp/tmpxft_0007a67b_00000000-56_interface_back.cpp1.ii , compute_52 , nvcc , 253.4340 , ms
src/backpropagation/Kernel/interface_back.cu , cicc ,  /tmp/tmpxft_0007a67b_00000000-56_interface_back.cpp1.ii  , /tmp/tmpxft_0007a67b_00000000-30_interface_back.ptx , compute_52 , nvcc , 2494.8660 , ms
src/backpropagation/Kernel/interface_back.cu , ptxas , /tmp/tmpxft_0007a67b_00000000-30_interface_back.ptx  , /tmp/tmpxft_0007a67b_00000000-57_interface_back.sm_52.cubin , sm_52 , nvcc , 126.3410 , ms
src/backpropagation/Kernel/interface_back.cu , fatbinary , /tmp/tmpxft_0007a67b_00000000-57_interface_back.sm_52.cubin /tmp/tmpxft_0007a67b_00000000-30_interface_back.ptx  , /tmp/tmpxft_0007a67b_00000000-27_interface_back.fatbin ,  , nvcc , 16.4600 , ms
src/backpropagation/Kernel/interface_back.cu , gcc (compiling) ,   , /tmp/tmpxft_0007a67b_00000000-58_interface_back.o , compute_52 , nvcc , 2184.3040 , ms
src/backpropagation/Kernel/flash_attention.cu , gcc (preprocessing 4) , src/backpropagation/Kernel/flash_attention.cu  , /tmp/tmpxft_0007a67b_00000000-33_flash_attention.cpp4.ii ,  , nvcc , 191.1120 , ms
src/backpropagation/Kernel/flash_attention.cu , cudafe++ , /tmp/tmpxft_0007a67b_00000000-33_flash_attention.cpp4.ii  , /tmp/tmpxft_0007a67b_00000000-34_flash_attention.cudafe1.cpp , compute_52 , nvcc , 869.0230 , ms
src/backpropagation/Kernel/flash_attention.cu , gcc (preprocessing 1) , src/backpropagation/Kernel/flash_attention.cu  , /tmp/tmpxft_0007a67b_00000000-59_flash_attention.cpp1.ii , compute_52 , nvcc , 155.7330 , ms
src/backpropagation/Kernel/flash_attention.cu , cicc ,  /tmp/tmpxft_0007a67b_00000000-59_flash_attention.cpp1.ii  , /tmp/tmpxft_0007a67b_00000000-34_flash_attention.ptx , compute_52 , nvcc , 850.4110 , ms
src/backpropagation/Kernel/flash_attention.cu , ptxas , /tmp/tmpxft_0007a67b_00000000-34_flash_attention.ptx  , /tmp/tmpxft_0007a67b_00000000-60_flash_attention.sm_52.cubin , sm_52 , nvcc , 139.7210 , ms
src/backpropagation/Kernel/flash_attention.cu , fatbinary , /tmp/tmpxft_0007a67b_00000000-60_flash_attention.sm_52.cubin /tmp/tmpxft_0007a67b_00000000-34_flash_attention.ptx  , /tmp/tmpxft_0007a67b_00000000-31_flash_attention.fatbin ,  , nvcc , 16.4680 , ms
src/backpropagation/Kernel/flash_attention.cu , gcc (compiling) ,   , /tmp/tmpxft_0007a67b_00000000-61_flash_attention.o , compute_52 , nvcc , 797.9730 , ms
src/main.cpp src/kernel/utils.cu src/forward/Kernel/layer_norm.cu src/forward/Kernel/embedding.cu src/forward/Kernel/linear.cu src/forward/Kernel/attention_head.cu src/forward/Kernel/interface.cu src/backpropagation/Kernel/interface_back.cu src/backpropagation/Kernel/flash_attention.cu  , nvlink , /tmp/tmpxft_0007a67b_00000000-37_main.o /tmp/tmpxft_0007a67b_00000000-40_utils.o /tmp/tmpxft_0007a67b_00000000-43_layer_norm.o /tmp/tmpxft_0007a67b_00000000-46_embedding.o /tmp/tmpxft_0007a67b_00000000-49_linear.o /tmp/tmpxft_0007a67b_00000000-52_attention_head.o /tmp/tmpxft_0007a67b_00000000-55_interface.o /tmp/tmpxft_0007a67b_00000000-58_interface_back.o /tmp/tmpxft_0007a67b_00000000-61_flash_attention.o  , /tmp/tmpxft_0007a67b_00000000-62_attention_dlink.sm_52.cubin , sm_52 , nvcc , 6.6910 , ms
src/main.cpp src/kernel/utils.cu src/forward/Kernel/layer_norm.cu src/forward/Kernel/embedding.cu src/forward/Kernel/linear.cu src/forward/Kernel/attention_head.cu src/forward/Kernel/interface.cu src/backpropagation/Kernel/interface_back.cu src/backpropagation/Kernel/flash_attention.cu  , fatbinary , /tmp/tmpxft_0007a67b_00000000-62_attention_dlink.sm_52.cubin  , /tmp/tmpxft_0007a67b_00000000-36_attention_dlink.fatbin ,  , nvcc , 1.4360 , ms
src/main.cpp src/kernel/utils.cu src/forward/Kernel/layer_norm.cu src/forward/Kernel/embedding.cu src/forward/Kernel/linear.cu src/forward/Kernel/attention_head.cu src/forward/Kernel/interface.cu src/backpropagation/Kernel/interface_back.cu src/backpropagation/Kernel/flash_attention.cu  , gcc (compiling) , /usr/lib/nvidia-cuda-toolkit/bin/crt/link.stub  , /tmp/tmpxft_0007a67b_00000000-63_attention_dlink.o ,  , nvcc , 17.2510 , ms
src/main.cpp src/kernel/utils.cu src/forward/Kernel/layer_norm.cu src/forward/Kernel/embedding.cu src/forward/Kernel/linear.cu src/forward/Kernel/attention_head.cu src/forward/Kernel/interface.cu src/backpropagation/Kernel/interface_back.cu src/backpropagation/Kernel/flash_attention.cu  , gcc (linking) , /tmp/tmpxft_0007a67b_00000000-63_attention_dlink.o /tmp/tmpxft_0007a67b_00000000-37_main.o /tmp/tmpxft_0007a67b_00000000-40_utils.o /tmp/tmpxft_0007a67b_00000000-43_layer_norm.o /tmp/tmpxft_0007a67b_00000000-46_embedding.o /tmp/tmpxft_0007a67b_00000000-49_linear.o /tmp/tmpxft_0007a67b_00000000-52_attention_head.o /tmp/tmpxft_0007a67b_00000000-55_interface.o /tmp/tmpxft_0007a67b_00000000-58_interface_back.o /tmp/tmpxft_0007a67b_00000000-61_flash_attention.o  , src/bin/attention ,  , nvcc , 109.2280 , ms
 , nvcc (driver) ,  , src/bin/attention ,  , nvcc , 4.0527 , ms
src/main.cpp , gcc (compiling) , src/main.cpp  , /tmp/tmpxft_0000116c_00000000-37_main.o ,  , nvcc , 2726.4531 , ms
src/kernel/utils.cu , gcc (preprocessing 4) , src/kernel/utils.cu  , /tmp/tmpxft_0000116c_00000000-5_utils.cpp4.ii ,  , nvcc , 156.5280 , ms
src/kernel/utils.cu , cudafe++ , /tmp/tmpxft_0000116c_00000000-5_utils.cpp4.ii  , /tmp/tmpxft_0000116c_00000000-6_utils.cudafe1.cpp , compute_52 , nvcc , 692.2030 , ms
src/kernel/utils.cu , gcc (preprocessing 1) , src/kernel/utils.cu  , /tmp/tmpxft_0000116c_00000000-38_utils.cpp1.ii , compute_52 , nvcc , 130.3650 , ms
src/kernel/utils.cu , cicc ,  /tmp/tmpxft_0000116c_00000000-38_utils.cpp1.ii  , /tmp/tmpxft_0000116c_00000000-6_utils.ptx , compute_52 , nvcc , 691.6420 , ms
src/kernel/utils.cu , ptxas , /tmp/tmpxft_0000116c_00000000-6_utils.ptx  , /tmp/tmpxft_0000116c_00000000-39_utils.sm_52.cubin , sm_52 , nvcc , 113.4280 , ms
src/kernel/utils.cu , fatbinary , /tmp/tmpxft_0000116c_00000000-39_utils.sm_52.cubin /tmp/tmpxft_0000116c_00000000-6_utils.ptx  , /tmp/tmpxft_0000116c_00000000-3_utils.fatbin ,  , nvcc , 14.1190 , ms
src/kernel/utils.cu , gcc (compiling) ,   , /tmp/tmpxft_0000116c_00000000-40_utils.o , compute_52 , nvcc , 648.1980 , ms
src/forward/Kernel/layer_norm.cu , gcc (preprocessing 4) , src/forward/Kernel/layer_norm.cu  , /tmp/tmpxft_0000116c_00000000-9_layer_norm.cpp4.ii ,  , nvcc , 147.8070 , ms
src/forward/Kernel/layer_norm.cu , cudafe++ , /tmp/tmpxft_0000116c_00000000-9_layer_norm.cpp4.ii  , /tmp/tmpxft_0000116c_00000000-10_layer_norm.cudafe1.cpp , compute_52 , nvcc , 677.4990 , ms
src/forward/Kernel/layer_norm.cu , gcc (preprocessing 1) , src/forward/Kernel/layer_norm.cu  , /tmp/tmpxft_0000116c_00000000-41_layer_norm.cpp1.ii , compute_52 , nvcc , 125.6460 , ms
src/forward/Kernel/layer_norm.cu , cicc ,  /tmp/tmpxft_0000116c_00000000-41_layer_norm.cpp1.ii  , /tmp/tmpxft_0000116c_00000000-10_layer_norm.ptx , compute_52 , nvcc , 640.6690 , ms
src/forward/Kernel/layer_norm.cu , ptxas , /tmp/tmpxft_0000116c_00000000-10_layer_norm.ptx  , /tmp/tmpxft_0000116c_00000000-42_layer_norm.sm_52.cubin , sm_52 , nvcc , 109.7060 , ms
src/forward/Kernel/layer_norm.cu , fatbinary , /tmp/tmpxft_0000116c_00000000-42_layer_norm.sm_52.cubin /tmp/tmpxft_0000116c_00000000-10_layer_norm.ptx  , /tmp/tmpxft_0000116c_00000000-7_layer_norm.fatbin ,  , nvcc , 13.7180 , ms
src/forward/Kernel/layer_norm.cu , gcc (compiling) ,   , /tmp/tmpxft_0000116c_00000000-43_layer_norm.o , compute_52 , nvcc , 603.6720 , ms
src/forward/Kernel/embedding.cu , gcc (preprocessing 4) , src/forward/Kernel/embedding.cu  , /tmp/tmpxft_0000116c_00000000-13_embedding.cpp4.ii ,  , nvcc , 146.8200 , ms
src/forward/Kernel/embedding.cu , cudafe++ , /tmp/tmpxft_0000116c_00000000-13_embedding.cpp4.ii  , /tmp/tmpxft_0000116c_00000000-14_embedding.cudafe1.cpp , compute_52 , nvcc , 669.8020 , ms
src/forward/Kernel/embedding.cu , gcc (preprocessing 1) , src/forward/Kernel/embedding.cu  , /tmp/tmpxft_0000116c_00000000-44_embedding.cpp1.ii , compute_52 , nvcc , 125.2190 , ms
src/forward/Kernel/embedding.cu , cicc ,  /tmp/tmpxft_0000116c_00000000-44_embedding.cpp1.ii  , /tmp/tmpxft_0000116c_00000000-14_embedding.ptx , compute_52 , nvcc , 662.8470 , ms
src/forward/Kernel/embedding.cu , ptxas , /tmp/tmpxft_0000116c_00000000-14_embedding.ptx  , /tmp/tmpxft_0000116c_00000000-45_embedding.sm_52.cubin , sm_52 , nvcc , 122.9740 , ms
src/forward/Kernel/embedding.cu , fatbinary , /tmp/tmpxft_0000116c_00000000-45_embedding.sm_52.cubin /tmp/tmpxft_0000116c_00000000-14_embedding.ptx  , /tmp/tmpxft_0000116c_00000000-11_embedding.fatbin ,  , nvcc , 14.3900 , ms
src/forward/Kernel/embedding.cu , gcc (compiling) ,   , /tmp/tmpxft_0000116c_00000000-46_embedding.o , compute_52 , nvcc , 658.2700 , ms
src/forward/Kernel/linear.cu , gcc (preprocessing 4) , src/forward/Kernel/linear.cu  , /tmp/tmpxft_0000116c_00000000-17_linear.cpp4.ii ,  , nvcc , 169.4660 , ms
src/forward/Kernel/linear.cu , cudafe++ , /tmp/tmpxft_0000116c_00000000-17_linear.cpp4.ii  , /tmp/tmpxft_0000116c_00000000-18_linear.cudafe1.cpp , compute_52 , nvcc , 758.3990 , ms
src/forward/Kernel/linear.cu , gcc (preprocessing 1) , src/forward/Kernel/linear.cu  , /tmp/tmpxft_0000116c_00000000-47_linear.cpp1.ii , compute_52 , nvcc , 125.9480 , ms
src/forward/Kernel/linear.cu , cicc ,  /tmp/tmpxft_0000116c_00000000-47_linear.cpp1.ii  , /tmp/tmpxft_0000116c_00000000-18_linear.ptx , compute_52 , nvcc , 799.5530 , ms
src/forward/Kernel/linear.cu , ptxas , /tmp/tmpxft_0000116c_00000000-18_linear.ptx  , /tmp/tmpxft_0000116c_00000000-48_linear.sm_52.cubin , sm_52 , nvcc , 133.6710 , ms
src/forward/Kernel/linear.cu , fatbinary , /tmp/tmpxft_0000116c_00000000-48_linear.sm_52.cubin /tmp/tmpxft_0000116c_00000000-18_linear.ptx  , /tmp/tmpxft_0000116c_00000000-15_linear.fatbin ,  , nvcc , 16.6710 , ms
src/forward/Kernel/linear.cu , gcc (compiling) ,   , /tmp/tmpxft_0000116c_00000000-49_linear.o , compute_52 , nvcc , 650.1310 , ms
src/forward/Kernel/attention_head.cu , gcc (preprocessing 4) , src/forward/Kernel/attention_head.cu  , /tmp/tmpxft_0000116c_00000000-21_attention_head.cpp4.ii ,  , nvcc , 150.9560 , ms
src/forward/Kernel/attention_head.cu , cudafe++ , /tmp/tmpxft_0000116c_00000000-21_attention_head.cpp4.ii  , /tmp/tmpxft_0000116c_00000000-22_attention_head.cudafe1.cpp , compute_52 , nvcc , 690.4320 , ms
src/forward/Kernel/attention_head.cu , gcc (preprocessing 1) , src/forward/Kernel/attention_head.cu  , /tmp/tmpxft_0000116c_00000000-50_attention_head.cpp1.ii , compute_52 , nvcc , 125.5700 , ms
src/forward/Kernel/attention_head.cu , cicc ,  /tmp/tmpxft_0000116c_00000000-50_attention_head.cpp1.ii  , /tmp/tmpxft_0000116c_00000000-22_attention_head.ptx , compute_52 , nvcc , 677.9480 , ms
src/forward/Kernel/attention_head.cu , ptxas , /tmp/tmpxft_0000116c_00000000-22_attention_head.ptx  , /tmp/tmpxft_0000116c_00000000-51_attention_head.sm_52.cubin , sm_52 , nvcc , 128.0170 , ms
src/forward/Kernel/attention_head.cu , fatbinary , /tmp/tmpxft_0000116c_00000000-51_attention_head.sm_52.cubin /tmp/tmpxft_0000116c_00000000-22_attention_head.ptx  , /tmp/tmpxft_0000116c_00000000-19_attention_head.fatbin ,  , nvcc , 13.9140 , ms
src/forward/Kernel/attention_head.cu , gcc (compiling) ,   , /tmp/tmpxft_0000116c_00000000-52_attention_head.o , compute_52 , nvcc , 621.7910 , ms
src/forward/Kernel/interface.cu , gcc (preprocessing 4) , src/forward/Kernel/interface.cu  , /tmp/tmpxft_0000116c_00000000-25_interface.cpp4.ii ,  , nvcc , 151.1390 , ms
src/forward/Kernel/interface.cu , cudafe++ , /tmp/tmpxft_0000116c_00000000-25_interface.cpp4.ii  , /tmp/tmpxft_0000116c_00000000-26_interface.cudafe1.cpp , compute_52 , nvcc , 684.9430 , ms
src/forward/Kernel/interface.cu , gcc (preprocessing 1) , src/forward/Kernel/interface.cu  , /tmp/tmpxft_0000116c_00000000-53_interface.cpp1.ii , compute_52 , nvcc , 127.6410 , ms
src/forward/Kernel/interface.cu , cicc ,  /tmp/tmpxft_0000116c_00000000-53_interface.cpp1.ii  , /tmp/tmpxft_0000116c_00000000-26_interface.ptx , compute_52 , nvcc , 745.6780 , ms
src/forward/Kernel/interface.cu , ptxas , /tmp/tmpxft_0000116c_00000000-26_interface.ptx  , /tmp/tmpxft_0000116c_00000000-54_interface.sm_52.cubin , sm_52 , nvcc , 90.3480 , ms
src/forward/Kernel/interface.cu , fatbinary , /tmp/tmpxft_0000116c_00000000-54_interface.sm_52.cubin /tmp/tmpxft_0000116c_00000000-26_interface.ptx  , /tmp/tmpxft_0000116c_00000000-23_interface.fatbin ,  , nvcc , 13.3140 , ms
src/forward/Kernel/interface.cu , gcc (compiling) ,   , /tmp/tmpxft_0000116c_00000000-55_interface.o , compute_52 , nvcc , 603.7540 , ms
src/backpropagation/Kernel/interface_back.cu , gcc (preprocessing 4) , src/backpropagation/Kernel/interface_back.cu  , /tmp/tmpxft_0000116c_00000000-29_interface_back.cpp4.ii ,  , nvcc , 215.1520 , ms
src/backpropagation/Kernel/interface_back.cu , cudafe++ , /tmp/tmpxft_0000116c_00000000-29_interface_back.cpp4.ii  , /tmp/tmpxft_0000116c_00000000-30_interface_back.cudafe1.cpp , compute_52 , nvcc , 1657.9780 , ms
src/backpropagation/Kernel/interface_back.cu , gcc (preprocessing 1) , src/backpropagation/Kernel/interface_back.cu  , /tmp/tmpxft_0000116c_00000000-56_interface_back.cpp1.ii , compute_52 , nvcc , 195.8560 , ms
src/backpropagation/Kernel/interface_back.cu , cicc ,  /tmp/tmpxft_0000116c_00000000-56_interface_back.cpp1.ii  , /tmp/tmpxft_0000116c_00000000-30_interface_back.ptx , compute_52 , nvcc , 2110.8311 , ms
src/backpropagation/Kernel/interface_back.cu , ptxas , /tmp/tmpxft_0000116c_00000000-30_interface_back.ptx  , /tmp/tmpxft_0000116c_00000000-57_interface_back.sm_52.cubin , sm_52 , nvcc , 128.6840 , ms
src/backpropagation/Kernel/interface_back.cu , fatbinary , /tmp/tmpxft_0000116c_00000000-57_interface_back.sm_52.cubin /tmp/tmpxft_0000116c_00000000-30_interface_back.ptx  , /tmp/tmpxft_0000116c_00000000-27_interface_back.fatbin ,  , nvcc , 15.9730 , ms
src/backpropagation/Kernel/interface_back.cu , gcc (compiling) ,   , /tmp/tmpxft_0000116c_00000000-58_interface_back.o , compute_52 , nvcc , 1787.4200 , ms
src/backpropagation/Kernel/flash_attention.cu , gcc (preprocessing 4) , src/backpropagation/Kernel/flash_attention.cu  , /tmp/tmpxft_0000116c_00000000-33_flash_attention.cpp4.ii ,  , nvcc , 189.8530 , ms
src/backpropagation/Kernel/flash_attention.cu , cudafe++ , /tmp/tmpxft_0000116c_00000000-33_flash_attention.cpp4.ii  , /tmp/tmpxft_0000116c_00000000-34_flash_attention.cudafe1.cpp , compute_52 , nvcc , 763.7480 , ms
src/backpropagation/Kernel/flash_attention.cu , gcc (preprocessing 1) , src/backpropagation/Kernel/flash_attention.cu  , /tmp/tmpxft_0000116c_00000000-59_flash_attention.cpp1.ii , compute_52 , nvcc , 126.8050 , ms
src/backpropagation/Kernel/flash_attention.cu , cicc ,  /tmp/tmpxft_0000116c_00000000-59_flash_attention.cpp1.ii  , /tmp/tmpxft_0000116c_00000000-34_flash_attention.ptx , compute_52 , nvcc , 717.5850 , ms
src/backpropagation/Kernel/flash_attention.cu , ptxas , /tmp/tmpxft_0000116c_00000000-34_flash_attention.ptx  , /tmp/tmpxft_0000116c_00000000-60_flash_attention.sm_52.cubin , sm_52 , nvcc , 124.5460 , ms
src/backpropagation/Kernel/flash_attention.cu , fatbinary , /tmp/tmpxft_0000116c_00000000-60_flash_attention.sm_52.cubin /tmp/tmpxft_0000116c_00000000-34_flash_attention.ptx  , /tmp/tmpxft_0000116c_00000000-31_flash_attention.fatbin ,  , nvcc , 13.4830 , ms
src/backpropagation/Kernel/flash_attention.cu , gcc (compiling) ,   , /tmp/tmpxft_0000116c_00000000-61_flash_attention.o , compute_52 , nvcc , 604.0960 , ms
src/main.cpp src/kernel/utils.cu src/forward/Kernel/layer_norm.cu src/forward/Kernel/embedding.cu src/forward/Kernel/linear.cu src/forward/Kernel/attention_head.cu src/forward/Kernel/interface.cu src/backpropagation/Kernel/interface_back.cu src/backpropagation/Kernel/flash_attention.cu  , nvlink , /tmp/tmpxft_0000116c_00000000-37_main.o /tmp/tmpxft_0000116c_00000000-40_utils.o /tmp/tmpxft_0000116c_00000000-43_layer_norm.o /tmp/tmpxft_0000116c_00000000-46_embedding.o /tmp/tmpxft_0000116c_00000000-49_linear.o /tmp/tmpxft_0000116c_00000000-52_attention_head.o /tmp/tmpxft_0000116c_00000000-55_interface.o /tmp/tmpxft_0000116c_00000000-58_interface_back.o /tmp/tmpxft_0000116c_00000000-61_flash_attention.o  , /tmp/tmpxft_0000116c_00000000-62_attention_dlink.sm_52.cubin , sm_52 , nvcc , 9.1680 , ms
src/main.cpp src/kernel/utils.cu src/forward/Kernel/layer_norm.cu src/forward/Kernel/embedding.cu src/forward/Kernel/linear.cu src/forward/Kernel/attention_head.cu src/forward/Kernel/interface.cu src/backpropagation/Kernel/interface_back.cu src/backpropagation/Kernel/flash_attention.cu  , fatbinary , /tmp/tmpxft_0000116c_00000000-62_attention_dlink.sm_52.cubin  , /tmp/tmpxft_0000116c_00000000-36_attention_dlink.fatbin ,  , nvcc , 0.9990 , ms
src/main.cpp src/kernel/utils.cu src/forward/Kernel/layer_norm.cu src/forward/Kernel/embedding.cu src/forward/Kernel/linear.cu src/forward/Kernel/attention_head.cu src/forward/Kernel/interface.cu src/backpropagation/Kernel/interface_back.cu src/backpropagation/Kernel/flash_attention.cu  , gcc (compiling) , /usr/lib/nvidia-cuda-toolkit/bin/crt/link.stub  , /tmp/tmpxft_0000116c_00000000-63_attention_dlink.o ,  , nvcc , 14.0690 , ms
src/main.cpp src/kernel/utils.cu src/forward/Kernel/layer_norm.cu src/forward/Kernel/embedding.cu src/forward/Kernel/linear.cu src/forward/Kernel/attention_head.cu src/forward/Kernel/interface.cu src/backpropagation/Kernel/interface_back.cu src/backpropagation/Kernel/flash_attention.cu  , gcc (linking) , /tmp/tmpxft_0000116c_00000000-63_attention_dlink.o /tmp/tmpxft_0000116c_00000000-37_main.o /tmp/tmpxft_0000116c_00000000-40_utils.o /tmp/tmpxft_0000116c_00000000-43_layer_norm.o /tmp/tmpxft_0000116c_00000000-46_embedding.o /tmp/tmpxft_0000116c_00000000-49_linear.o /tmp/tmpxft_0000116c_00000000-52_attention_head.o /tmp/tmpxft_0000116c_00000000-55_interface.o /tmp/tmpxft_0000116c_00000000-58_interface_back.o /tmp/tmpxft_0000116c_00000000-61_flash_attention.o  , src/bin/attention ,  , nvcc , 572.3480 , ms
 , nvcc (driver) ,  , src/bin/attention ,  , nvcc , 3.0859 , ms
src/main.cpp , gcc (compiling) , src/main.cpp  , /tmp/tmpxft_00001259_00000000-37_main.o ,  , nvcc , 3028.8950 , ms
src/kernel/utils.cu , gcc (preprocessing 4) , src/kernel/utils.cu  , /tmp/tmpxft_00001259_00000000-5_utils.cpp4.ii ,  , nvcc , 172.1410 , ms
src/kernel/utils.cu , cudafe++ , /tmp/tmpxft_00001259_00000000-5_utils.cpp4.ii  , /tmp/tmpxft_00001259_00000000-6_utils.cudafe1.cpp , compute_52 , nvcc , 949.9110 , ms
src/kernel/utils.cu , gcc (preprocessing 1) , src/kernel/utils.cu  , /tmp/tmpxft_00001259_00000000-38_utils.cpp1.ii , compute_52 , nvcc , 137.4770 , ms
src/kernel/utils.cu , cicc ,  /tmp/tmpxft_00001259_00000000-38_utils.cpp1.ii  , /tmp/tmpxft_00001259_00000000-6_utils.ptx , compute_52 , nvcc , 678.1630 , ms
src/kernel/utils.cu , ptxas , /tmp/tmpxft_00001259_00000000-6_utils.ptx  , /tmp/tmpxft_00001259_00000000-39_utils.sm_52.cubin , sm_52 , nvcc , 96.2370 , ms
src/kernel/utils.cu , fatbinary , /tmp/tmpxft_00001259_00000000-39_utils.sm_52.cubin /tmp/tmpxft_00001259_00000000-6_utils.ptx  , /tmp/tmpxft_00001259_00000000-3_utils.fatbin ,  , nvcc , 14.7660 , ms
src/kernel/utils.cu , gcc (compiling) ,   , /tmp/tmpxft_00001259_00000000-40_utils.o , compute_52 , nvcc , 804.1640 , ms
src/forward/Kernel/layer_norm.cu , gcc (preprocessing 4) , src/forward/Kernel/layer_norm.cu  , /tmp/tmpxft_00001259_00000000-9_layer_norm.cpp4.ii ,  , nvcc , 302.5320 , ms
src/forward/Kernel/layer_norm.cu , cudafe++ , /tmp/tmpxft_00001259_00000000-9_layer_norm.cpp4.ii  , /tmp/tmpxft_00001259_00000000-10_layer_norm.cudafe1.cpp , compute_52 , nvcc , 886.5870 , ms
src/forward/Kernel/layer_norm.cu , gcc (preprocessing 1) , src/forward/Kernel/layer_norm.cu  , /tmp/tmpxft_00001259_00000000-41_layer_norm.cpp1.ii , compute_52 , nvcc , 132.0010 , ms
src/forward/Kernel/layer_norm.cu , cicc ,  /tmp/tmpxft_00001259_00000000-41_layer_norm.cpp1.ii  , /tmp/tmpxft_00001259_00000000-10_layer_norm.ptx , compute_52 , nvcc , 890.3930 , ms
src/forward/Kernel/layer_norm.cu , ptxas , /tmp/tmpxft_00001259_00000000-10_layer_norm.ptx  , /tmp/tmpxft_00001259_00000000-42_layer_norm.sm_52.cubin , sm_52 , nvcc , 203.7770 , ms
src/forward/Kernel/layer_norm.cu , fatbinary , /tmp/tmpxft_00001259_00000000-42_layer_norm.sm_52.cubin /tmp/tmpxft_00001259_00000000-10_layer_norm.ptx  , /tmp/tmpxft_00001259_00000000-7_layer_norm.fatbin ,  , nvcc , 23.0120 , ms
src/forward/Kernel/layer_norm.cu , gcc (compiling) ,   , /tmp/tmpxft_00001259_00000000-43_layer_norm.o , compute_52 , nvcc , 766.3570 , ms
src/forward/Kernel/embedding.cu , gcc (preprocessing 4) , src/forward/Kernel/embedding.cu  , /tmp/tmpxft_00001259_00000000-13_embedding.cpp4.ii ,  , nvcc , 157.9570 , ms
src/forward/Kernel/embedding.cu , cudafe++ , /tmp/tmpxft_00001259_00000000-13_embedding.cpp4.ii  , /tmp/tmpxft_00001259_00000000-14_embedding.cudafe1.cpp , compute_52 , nvcc , 729.7230 , ms
src/forward/Kernel/embedding.cu , gcc (preprocessing 1) , src/forward/Kernel/embedding.cu  , /tmp/tmpxft_00001259_00000000-44_embedding.cpp1.ii , compute_52 , nvcc , 135.1010 , ms
src/forward/Kernel/embedding.cu , cicc ,  /tmp/tmpxft_00001259_00000000-44_embedding.cpp1.ii  , /tmp/tmpxft_00001259_00000000-14_embedding.ptx , compute_52 , nvcc , 767.3650 , ms
src/forward/Kernel/embedding.cu , ptxas , /tmp/tmpxft_00001259_00000000-14_embedding.ptx  , /tmp/tmpxft_00001259_00000000-45_embedding.sm_52.cubin , sm_52 , nvcc , 135.9440 , ms
src/forward/Kernel/embedding.cu , fatbinary , /tmp/tmpxft_00001259_00000000-45_embedding.sm_52.cubin /tmp/tmpxft_00001259_00000000-14_embedding.ptx  , /tmp/tmpxft_00001259_00000000-11_embedding.fatbin ,  , nvcc , 14.6990 , ms
src/forward/Kernel/embedding.cu , gcc (compiling) ,   , /tmp/tmpxft_00001259_00000000-46_embedding.o , compute_52 , nvcc , 637.2500 , ms
src/forward/Kernel/linear.cu , gcc (preprocessing 4) , src/forward/Kernel/linear.cu  , /tmp/tmpxft_00001259_00000000-17_linear.cpp4.ii ,  , nvcc , 150.1300 , ms
src/forward/Kernel/linear.cu , cudafe++ , /tmp/tmpxft_00001259_00000000-17_linear.cpp4.ii  , /tmp/tmpxft_00001259_00000000-18_linear.cudafe1.cpp , compute_52 , nvcc , 714.3450 , ms
src/forward/Kernel/linear.cu , gcc (preprocessing 1) , src/forward/Kernel/linear.cu  , /tmp/tmpxft_00001259_00000000-47_linear.cpp1.ii , compute_52 , nvcc , 131.1690 , ms
src/forward/Kernel/linear.cu , cicc ,  /tmp/tmpxft_00001259_00000000-47_linear.cpp1.ii  , /tmp/tmpxft_00001259_00000000-18_linear.ptx , compute_52 , nvcc , 835.5970 , ms
src/forward/Kernel/linear.cu , ptxas , /tmp/tmpxft_00001259_00000000-18_linear.ptx  , /tmp/tmpxft_00001259_00000000-48_linear.sm_52.cubin , sm_52 , nvcc , 162.0010 , ms
src/forward/Kernel/linear.cu , fatbinary , /tmp/tmpxft_00001259_00000000-48_linear.sm_52.cubin /tmp/tmpxft_00001259_00000000-18_linear.ptx  , /tmp/tmpxft_00001259_00000000-15_linear.fatbin ,  , nvcc , 17.0910 , ms
src/forward/Kernel/linear.cu , gcc (compiling) ,   , /tmp/tmpxft_00001259_00000000-49_linear.o , compute_52 , nvcc , 787.9480 , ms
src/forward/Kernel/attention_head.cu , gcc (preprocessing 4) , src/forward/Kernel/attention_head.cu  , /tmp/tmpxft_00001259_00000000-21_attention_head.cpp4.ii ,  , nvcc , 167.7540 , ms
src/forward/Kernel/attention_head.cu , cudafe++ , /tmp/tmpxft_00001259_00000000-21_attention_head.cpp4.ii  , /tmp/tmpxft_00001259_00000000-22_attention_head.cudafe1.cpp , compute_52 , nvcc , 736.3990 , ms
src/forward/Kernel/attention_head.cu , gcc (preprocessing 1) , src/forward/Kernel/attention_head.cu  , /tmp/tmpxft_00001259_00000000-50_attention_head.cpp1.ii , compute_52 , nvcc , 125.6390 , ms
src/forward/Kernel/attention_head.cu , cicc ,  /tmp/tmpxft_00001259_00000000-50_attention_head.cpp1.ii  , /tmp/tmpxft_00001259_00000000-22_attention_head.ptx , compute_52 , nvcc , 670.3550 , ms
src/forward/Kernel/attention_head.cu , ptxas , /tmp/tmpxft_00001259_00000000-22_attention_head.ptx  , /tmp/tmpxft_00001259_00000000-51_attention_head.sm_52.cubin , sm_52 , nvcc , 128.6520 , ms
src/forward/Kernel/attention_head.cu , fatbinary , /tmp/tmpxft_00001259_00000000-51_attention_head.sm_52.cubin /tmp/tmpxft_00001259_00000000-22_attention_head.ptx  , /tmp/tmpxft_00001259_00000000-19_attention_head.fatbin ,  , nvcc , 14.8810 , ms
src/forward/Kernel/attention_head.cu , gcc (compiling) ,   , /tmp/tmpxft_00001259_00000000-52_attention_head.o , compute_52 , nvcc , 676.8490 , ms
src/forward/Kernel/interface.cu , gcc (preprocessing 4) , src/forward/Kernel/interface.cu  , /tmp/tmpxft_00001259_00000000-25_interface.cpp4.ii ,  , nvcc , 151.1060 , ms
src/forward/Kernel/interface.cu , cudafe++ , /tmp/tmpxft_00001259_00000000-25_interface.cpp4.ii  , /tmp/tmpxft_00001259_00000000-26_interface.cudafe1.cpp , compute_52 , nvcc , 689.4460 , ms
src/forward/Kernel/interface.cu , gcc (preprocessing 1) , src/forward/Kernel/interface.cu  , /tmp/tmpxft_00001259_00000000-53_interface.cpp1.ii , compute_52 , nvcc , 136.7440 , ms
src/forward/Kernel/interface.cu , cicc ,  /tmp/tmpxft_00001259_00000000-53_interface.cpp1.ii  , /tmp/tmpxft_00001259_00000000-26_interface.ptx , compute_52 , nvcc , 717.8600 , ms
src/forward/Kernel/interface.cu , ptxas , /tmp/tmpxft_00001259_00000000-26_interface.ptx  , /tmp/tmpxft_00001259_00000000-54_interface.sm_52.cubin , sm_52 , nvcc , 104.1280 , ms
src/forward/Kernel/interface.cu , fatbinary , /tmp/tmpxft_00001259_00000000-54_interface.sm_52.cubin /tmp/tmpxft_00001259_00000000-26_interface.ptx  , /tmp/tmpxft_00001259_00000000-23_interface.fatbin ,  , nvcc , 14.7540 , ms
src/forward/Kernel/interface.cu , gcc (compiling) ,   , /tmp/tmpxft_00001259_00000000-55_interface.o , compute_52 , nvcc , 767.0670 , ms
src/backpropagation/Kernel/interface_back.cu , gcc (preprocessing 4) , src/backpropagation/Kernel/interface_back.cu  , /tmp/tmpxft_00001259_00000000-29_interface_back.cpp4.ii ,  , nvcc , 239.6470 , ms
src/backpropagation/Kernel/interface_back.cu , cudafe++ , /tmp/tmpxft_00001259_00000000-29_interface_back.cpp4.ii  , /tmp/tmpxft_00001259_00000000-30_interface_back.cudafe1.cpp , compute_52 , nvcc , 1774.9160 , ms
src/backpropagation/Kernel/interface_back.cu , gcc (preprocessing 1) , src/backpropagation/Kernel/interface_back.cu  , /tmp/tmpxft_00001259_00000000-56_interface_back.cpp1.ii , compute_52 , nvcc , 288.2800 , ms
src/backpropagation/Kernel/interface_back.cu , cicc ,  /tmp/tmpxft_00001259_00000000-56_interface_back.cpp1.ii  , /tmp/tmpxft_00001259_00000000-30_interface_back.ptx , compute_52 , nvcc , 2306.5200 , ms
src/backpropagation/Kernel/interface_back.cu , ptxas , /tmp/tmpxft_00001259_00000000-30_interface_back.ptx  , /tmp/tmpxft_00001259_00000000-57_interface_back.sm_52.cubin , sm_52 , nvcc , 105.9850 , ms
src/backpropagation/Kernel/interface_back.cu , fatbinary , /tmp/tmpxft_00001259_00000000-57_interface_back.sm_52.cubin /tmp/tmpxft_00001259_00000000-30_interface_back.ptx  , /tmp/tmpxft_00001259_00000000-27_interface_back.fatbin ,  , nvcc , 14.3430 , ms
src/backpropagation/Kernel/interface_back.cu , gcc (compiling) ,   , /tmp/tmpxft_00001259_00000000-58_interface_back.o , compute_52 , nvcc , 2068.0481 , ms
src/backpropagation/Kernel/flash_attention.cu , gcc (preprocessing 4) , src/backpropagation/Kernel/flash_attention.cu  , /tmp/tmpxft_00001259_00000000-33_flash_attention.cpp4.ii ,  , nvcc , 153.2550 , ms
src/backpropagation/Kernel/flash_attention.cu , cudafe++ , /tmp/tmpxft_00001259_00000000-33_flash_attention.cpp4.ii  , /tmp/tmpxft_00001259_00000000-34_flash_attention.cudafe1.cpp , compute_52 , nvcc , 873.3250 , ms
src/backpropagation/Kernel/flash_attention.cu , gcc (preprocessing 1) , src/backpropagation/Kernel/flash_attention.cu  , /tmp/tmpxft_00001259_00000000-59_flash_attention.cpp1.ii , compute_52 , nvcc , 236.1710 , ms
src/backpropagation/Kernel/flash_attention.cu , cicc ,  /tmp/tmpxft_00001259_00000000-59_flash_attention.cpp1.ii  , /tmp/tmpxft_00001259_00000000-34_flash_attention.ptx , compute_52 , nvcc , 863.5350 , ms
src/backpropagation/Kernel/flash_attention.cu , ptxas , /tmp/tmpxft_00001259_00000000-34_flash_attention.ptx  , /tmp/tmpxft_00001259_00000000-60_flash_attention.sm_52.cubin , sm_52 , nvcc , 121.7040 , ms
src/backpropagation/Kernel/flash_attention.cu , fatbinary , /tmp/tmpxft_00001259_00000000-60_flash_attention.sm_52.cubin /tmp/tmpxft_00001259_00000000-34_flash_attention.ptx  , /tmp/tmpxft_00001259_00000000-31_flash_attention.fatbin ,  , nvcc , 13.8520 , ms
src/backpropagation/Kernel/flash_attention.cu , gcc (compiling) ,   , /tmp/tmpxft_00001259_00000000-61_flash_attention.o , compute_52 , nvcc , 674.3040 , ms
src/main.cpp src/kernel/utils.cu src/forward/Kernel/layer_norm.cu src/forward/Kernel/embedding.cu src/forward/Kernel/linear.cu src/forward/Kernel/attention_head.cu src/forward/Kernel/interface.cu src/backpropagation/Kernel/interface_back.cu src/backpropagation/Kernel/flash_attention.cu  , nvlink , /tmp/tmpxft_00001259_00000000-37_main.o /tmp/tmpxft_00001259_00000000-40_utils.o /tmp/tmpxft_00001259_00000000-43_layer_norm.o /tmp/tmpxft_00001259_00000000-46_embedding.o /tmp/tmpxft_00001259_00000000-49_linear.o /tmp/tmpxft_00001259_00000000-52_attention_head.o /tmp/tmpxft_00001259_00000000-55_interface.o /tmp/tmpxft_00001259_00000000-58_interface_back.o /tmp/tmpxft_00001259_00000000-61_flash_attention.o  , /tmp/tmpxft_00001259_00000000-62_attention_dlink.sm_52.cubin , sm_52 , nvcc , 4.8800 , ms
src/main.cpp src/kernel/utils.cu src/forward/Kernel/layer_norm.cu src/forward/Kernel/embedding.cu src/forward/Kernel/linear.cu src/forward/Kernel/attention_head.cu src/forward/Kernel/interface.cu src/backpropagation/Kernel/interface_back.cu src/backpropagation/Kernel/flash_attention.cu  , fatbinary , /tmp/tmpxft_00001259_00000000-62_attention_dlink.sm_52.cubin  , /tmp/tmpxft_00001259_00000000-36_attention_dlink.fatbin ,  , nvcc , 0.9820 , ms
src/main.cpp src/kernel/utils.cu src/forward/Kernel/layer_norm.cu src/forward/Kernel/embedding.cu src/forward/Kernel/linear.cu src/forward/Kernel/attention_head.cu src/forward/Kernel/interface.cu src/backpropagation/Kernel/interface_back.cu src/backpropagation/Kernel/flash_attention.cu  , gcc (compiling) , /usr/lib/nvidia-cuda-toolkit/bin/crt/link.stub  , /tmp/tmpxft_00001259_00000000-63_attention_dlink.o ,  , nvcc , 14.1010 , ms
src/main.cpp src/kernel/utils.cu src/forward/Kernel/layer_norm.cu src/forward/Kernel/embedding.cu src/forward/Kernel/linear.cu src/forward/Kernel/attention_head.cu src/forward/Kernel/interface.cu src/backpropagation/Kernel/interface_back.cu src/backpropagation/Kernel/flash_attention.cu  , gcc (linking) , /tmp/tmpxft_00001259_00000000-63_attention_dlink.o /tmp/tmpxft_00001259_00000000-37_main.o /tmp/tmpxft_00001259_00000000-40_utils.o /tmp/tmpxft_00001259_00000000-43_layer_norm.o /tmp/tmpxft_00001259_00000000-46_embedding.o /tmp/tmpxft_00001259_00000000-49_linear.o /tmp/tmpxft_00001259_00000000-52_attention_head.o /tmp/tmpxft_00001259_00000000-55_interface.o /tmp/tmpxft_00001259_00000000-58_interface_back.o /tmp/tmpxft_00001259_00000000-61_flash_attention.o  , src/bin/attention ,  , nvcc , 92.5970 , ms
 , nvcc (driver) ,  , src/bin/attention ,  , nvcc , 3.6055 , ms
